,brand,name,info,type,km,year,color,location,price,wd
62314,닛산,알티마,3.5,가솔린,170938,2009,검정색,인천,390,2WD
62618,닛산,알티마,2.5,가솔린,277000,2010,검정색,경기,150,2WD
62939,닛산,알티마,2.5,가솔린,78365,2018,검정색,대구,1330,2WD
62995,닛산,알티마,2.5,가솔린,78365,2018,검정색,대구,1330,2WD
63011,닛산,로그,Deluxe,가솔린,164150,2009,검정색,경기,490,4WD
63052,닛산,큐브,1.8 SL,가솔린,114310,2011,검정색,경기,579,2WD
63165,닛산,알티마,2.5 스마트,가솔린,90547,2017,검정색,경기,970,2WD
63505,닛산,맥시마,3.5 플래티넘,가솔린,45994,2017,검정색,경기,2090,2WD
64006,닛산,알티마,2.5,가솔린,87740,2018,검정색,경기,1250,2WD
64037,닛산,370Z,3.7 쿠페,가솔린,81539,2010,검정색,경기,2050,2WD
64299,닛산,패스파인더,3.5 ,가솔린,80736,2015,검정색,경기,1790,4WD
65059,닛산,큐브,1.4,가솔린,177725,2006,검정색,경기,399,2WD
65069,닛산,프론티어,4.0 ,가솔린,80775,2013,검정색,경기,2500,2WD
65109,닛산,프론티어,4.0 ,가솔린,80775,2013,검정색,경기,2500,2WD
65173,닛산,쥬크,1.6 SV,가솔린,68128,2014,검정색,대구,1190,2WD
65380,닛산,쥬크,1.6 SV,가솔린,63100,2017,검정색,부산,1230,2WD
65387,닛산,쥬크,1.6 S,가솔린,90283,2014,검정색,대구,890,2WD
65462,닛산,알티마,3.5,가솔린,124959,2010,검정색,서울,420,2WD
65858,닛산,패스파인더,3.5 ,가솔린,115749,2014,검정색,부산,1380,4WD
65870,닛산,패스파인더,3.5 ,가솔린,115749,2014,검정색,부산,1380,4WD
65962,닛산,무라노,3.5,가솔린,155924,2010,검정색,경기,690,2WD
65970,닛산,알티마,3.5,가솔린,140000,2010,검정색,대구,492,2WD
66104,닛산,알티마,3.5,가솔린,234590,2010,검정색,경기,299,2WD
66565,닛산,쥬크,1.6 SV,가솔린,53570,2016,검정색,전북,1250,2WD
66590,닛산,알티마,3.5,가솔린,159901,2010,검정색,부산,460,2WD
67235,닛산,맥시마,3.5 플래티넘,가솔린,29733,2017,검정색,경기,2000,2WD
67684,닛산,GT,3.8 블랙 에디션,가솔린,70815,2010,검정색,대구,7990,2WD
68155,닛산,370Z,3.7 쿠페,가솔린,103520,2009,검정색,경기,1599,2WD
68486,닛산,맥시마,3.5 플래티넘,가솔린,33000,2018,검정색,서울,1790,2WD
68594,닛산,맥시마,3.5 플래티넘,가솔린,25206,2018,검정색,경기,2280,2WD
68911,닛산,무라노,2.5 하이브리드 플래티넘,가솔린+전기,57320,2016,검정색,경기,2550,2WD
69219,닛산,350Z,3.5 쿠페,가솔린,74755,2007,검정색,서울,2700,2WD
69220,닛산,350Z,3.5 쿠페,가솔린,70000,2006,검정색,서울,2650,2WD
69654,닛산,패스파인더,3.5 ,가솔린,27402,2018,검정색,서울,2770,4WD
70295,닛산,패스파인더,3.5 ,가솔린,55137,2017,기타,서울,2490,4WD
70299,닛산,쥬크,1.6 S,가솔린,20714,2014,기타,서울,1080,2WD
70308,닛산,쥬크,1.6 S,가솔린,20714,2014,기타,서울,1080,2WD
70520,닛산,큐브,1.4,가솔린,177000,2004,기타,경기,349,2WD
70819,닛산,370Z,3.7 쿠페,가솔린,19866,2017,기타,경기,2450,2WD
70890,닛산,리프,EV SL,전기,69892,2016,기타,대전,1230,2WD
70993,닛산,캐시카이,1.6 플래티넘,디젤,49428,2015,기타,경기,1580,2WD
71212,닛산,맥시마,3.5 플래티넘,가솔린,59886,2017,기타,부산,1883,2WD
71340,닛산,알티마,2.5,가솔린,32965,2018,기타,경기,1620,2WD
71393,닛산,알티마,3.5,가솔린,200000,2009,기타,경기,199,2WD
71433,닛산,큐브,15M,가솔린,187355,2007,기타,경남,390,2WD
71662,닛산,쥬크,1.6 SV,가솔린,52000,2014,기타,서울,1120,2WD
71885,닛산,큐브,1.8,가솔린,94570,2011,기타,전북,560,2WD
72081,닛산,큐브,1.8 SL,가솔린,48491,2013,기타,대구,980,2WD
72083,닛산,큐브,1.8 S,가솔린,82660,2013,기타,대전,850,2WD
72094,닛산,큐브,1.8 S,가솔린,162832,2011,기타,광주,480,2WD
72172,닛산,큐브,1.8 S,가솔린,83890,2014,기타,부산,870,2WD
72291,닛산,큐브,1.8 SL,가솔린,91541,2014,기타,경기,850,2WD
72292,닛산,큐브,1.8 SL,가솔린,91541,2014,기타,경기,850,2WD
72305,닛산,알티마,2.5,가솔린,149000,2013,기타,대전,590,2WD
72426,닛산,마치,1.3,가솔린,166548,2003,기타,경기,390,2WD
72451,닛산,파오,STD,가솔린,60000,1990,기타,경기,1850,2WD
72573,닛산,쥬크,1.6 SV,가솔린,75481,2016,회색,서울,1150,2WD
72840,닛산,패스파인더,3.5 ,가솔린,139635,2017,회색,경기,1830,4WD
72862,닛산,캐시카이,1.6 SL,디젤,109335,2015,회색,경기,1080,2WD
72889,닛산,엑스트레일,2.5 ,가솔린,75314,2018,회색,경기,9999,4WD
72907,닛산,캐시카이,1.6 SL,디젤,109335,2015,회색,경기,1080,2WD
72919,닛산,엑스트레일,2.5 ,가솔린,75314,2018,회색,경기,9999,4WD
72985,닛산,리프,EV SL,전기,33369,2019,회색,경기,2590,2WD
73042,닛산,라페스타,2.0,가솔린,105052,2005,회색,경기,8888,2WD
73115,닛산,패스파인더,3.5 ,가솔린,53060,2016,회색,경기,2140,4WD
73164,닛산,맥시마,3.5 플래티넘,가솔린,67068,2016,회색,부산,1588,2WD
73187,닛산,알티마,2.5,가솔린,120741,2017,회색,충남,1120,2WD
73216,닛산,알티마,2.5,가솔린,120741,2017,회색,충남,1120,2WD
73369,닛산,맥시마,3.5 플래티넘,가솔린,32521,2018,회색,광주,2350,2WD
73483,닛산,알티마,2.5 SL 테크,가솔린,33556,2019,회색,광주,2250,2WD
73533,닛산,알티마,2.5 SL 테크,가솔린,33556,2019,회색,광주,2250,2WD
73884,닛산,로그,Deluxe,가솔린,90401,2009,회색,서울,590,4WD
73891,닛산,엑스트레일,2.5 테크 ,가솔린,25640,2018,회색,경기,2290,4WD
73978,닛산,알티마,2.5,가솔린,80567,2013,회색,경기,890,2WD
73992,닛산,알티마,2.5,가솔린,80567,2013,회색,경기,890,2WD
74050,닛산,알티마,2.5,가솔린,204056,2010,회색,경기,299,2WD
74077,닛산,쥬크,1.6 SV,가솔린,18437,2016,회색,서울,1490,2WD
74082,닛산,알티마,2.5 SL 테크,가솔린,21317,2019,회색,경기,2200,2WD
74157,닛산,알티마,3.5,가솔린,88860,2010,회색,경기,520,2WD
74288,닛산,알티마,2.5 스페셜 에디션,가솔린,19000,2019,회색,대구,2190,2WD
74329,닛산,로그,Deluxe,가솔린,130995,2009,회색,경기,369,4WD
74334,닛산,로그,Premium,가솔린,301948,2009,회색,경기,330,4WD
74449,닛산,알티마,2.5 스마트,가솔린,96180,2015,회색,경북,850,2WD
74730,닛산,알티마,3.5,가솔린,267873,2011,회색,부산,350,2WD
74742,닛산,맥시마,3.5 플래티넘,가솔린,123003,2017,회색,경기,9999,2WD
74810,닛산,패스파인더,3.5 ,가솔린,49684,2017,회색,경기,2520,4WD
74812,닛산,패스파인더,3.5 ,가솔린,49684,2017,회색,경기,2520,4WD
74815,닛산,쥬크,1.6 SV,가솔린,31780,2016,회색,서울,1380,2WD
74819,닛산,알티마,2.5 SL 테크,가솔린,28385,2019,회색,경기,2290,2WD
74922,닛산,큐브,1.8 S,가솔린,82515,2013,회색,경기,690,2WD
74931,닛산,쥬크,1.6 SV,가솔린,43225,2017,회색,경기,1370,2WD
74953,닛산,알티마,2.5,가솔린,108491,2013,회색,경기,730,2WD
75067,닛산,맥시마,3.5 플래티넘,가솔린,23900,2018,회색,대구,2270,2WD
75177,닛산,버사,1.8 해치백,가솔린,82000,2009,회색,서울,350,2WD
75245,닛산,맥시마,3.5 플래티넘,가솔린,67528,2016,회색,부산,1663,2WD
75457,닛산,알티마,2.5 스마트,가솔린,46000,2018,회색,경남,1390,2WD
75741,닛산,쥬크,1.6 SV,가솔린,57880,2015,회색,대구,1330,2WD
75839,닛산,알티마,2.5,가솔린,24136,2015,회색,인천,1280,2WD
75866,닛산,350Z,3.5 쿠페,가솔린,112480,2005,회색,대전,1180,2WD
75965,닛산,알티마,2.5 테크,가솔린,54162,2018,회색,대구,1690,2WD
75967,닛산,알티마,2.5 테크,가솔린,54162,2018,회색,대구,1690,2WD
76051,닛산,알티마,2.5 스페셜 에디션,가솔린,23787,2019,회색,부산,2110,2WD
76053,닛산,알티마,2.5 스페셜 에디션,가솔린,23787,2019,회색,부산,2110,2WD
76470,닛산,맥시마,3.5 플래티넘,가솔린,26971,2018,회색,서울,2280,2WD
76532,닛산,큐브,1.8 S,가솔린,163682,2013,회색,경기,520,2WD
76546,닛산,370Z,3.7 쿠페,가솔린,93342,2010,회색,세종,4500,2WD
76561,닛산,알티마,2.5,가솔린,119000,2014,회색,경기,850,2WD
76590,닛산,알티마,2.5 스마트,가솔린,45000,2017,회색,경기,1150,2WD
76620,닛산,GT,3.8,가솔린,98000,2010,회색,서울,7800,2WD
76630,닛산,스카이라인,GTR,가솔린,30000,2002,회색,서울,12000,2WD
76792,닛산,휘가로,CONVERTIBLE,가솔린,158000,1991,기타,전북,2200,2WD
76824,닛산,큐브,1.8 SL,가솔린,155700,2012,흰색,대구,565,2WD
76901,닛산,리프,EV,전기,38086,2016,흰색,광주,1450,2WD
76903,닛산,리프,EV,전기,38086,2016,흰색,광주,1450,2WD
76910,닛산,큐브,1.8 SL,가솔린,58435,2011,흰색,경기,800,2WD
76922,닛산,알티마,2.5 스마트,가솔린,30500,2018,흰색,충남,1330,2WD
76974,닛산,큐브,1.8,가솔린,106704,2011,흰색,경기,590,2WD
76979,닛산,알티마,2.5,가솔린,84180,2016,흰색,인천,980,2WD
77029,닛산,큐브,1.8 SL,가솔린,126072,2011,흰색,경기,750,2WD
77066,닛산,마치,1.3,가솔린,120000,2005,흰색,전남,380,2WD
77069,닛산,알티마,3.5,가솔린,95914,2010,흰색,경남,490,2WD
77070,닛산,큐브,1.8,가솔린,93208,2011,흰색,경기,690,2WD
77162,닛산,알티마,2.5,가솔린,121000,2017,흰색,경기,1250,2WD
77182,닛산,쥬크,1.6 SV,가솔린,108353,2016,흰색,대구,1120,2WD
77187,닛산,알티마,2.5 스마트,가솔린,11600,2019,흰색,서울,1690,2WD
77254,닛산,큐브,1.4,가솔린,220678,2003,흰색,광주,140,2WD
77263,닛산,370Z,3.7 쿠페,가솔린,103000,2011,흰색,서울,1920,2WD
77302,닛산,프론티어,4.0 ,가솔린,46715,2014,기타,광주,3360,4WD
77482,닛산,큐브,1.8 SL,가솔린,117453,2011,기타,전북,670,2WD
77514,닛산,쥬크,1.6 SV,가솔린,72927,2016,기타,서울,930,2WD
77526,닛산,큐브,1.8 S,가솔린,95513,2011,기타,경기,570,2WD
77546,닛산,쥬크,1.6 SV,가솔린,118884,2014,기타,부산,780,2WD
77549,닛산,쥬크,1.6 SV,가솔린,118884,2014,기타,부산,780,2WD
77618,닛산,쥬크,1.6 SV,가솔린,92000,2014,기타,충남,860,2WD
77687,닛산,370Z,3.7 쿠페,가솔린,176007,2014,기타,경기,1880,2WD
77766,닛산,큐브,1.8 SL,가솔린,101937,2012,기타,대구,790,2WD
77876,닛산,쥬크,1.6 S,가솔린,70050,2014,기타,경기,890,2WD
78090,닛산,마치,1.6,가솔린,132907,2007,기타,대구,450,2WD
78129,닛산,370Z,3.7 쿠페,가솔린,24628,2017,기타,경기,2400,2WD
78148,닛산,센트라,1.8,가솔린,95000,2006,기타,서울,250,2WD
78285,닛산,알티마,2.5 테크,가솔린,74131,2015,회색,경기,1060,2WD
78440,닛산,무라노,3.5,가솔린,129766,2011,회색,경기,730,2WD
78486,닛산,알티마,3.5,가솔린,157000,2011,회색,경북,400,2WD
78836,닛산,로그,Premium,가솔린,150000,2009,회색,부산,530,4WD
79136,닛산,로그,Premium,가솔린,166000,2010,회색,경기,490,4WD
79513,닛산,알티마,3.5,가솔린,160000,2010,회색,경기,249,2WD
79726,닛산,무라노,3.5,가솔린,90250,2010,회색,경기,849,2WD
79866,닛산,큐브,1.8,가솔린,78778,2011,회색,경기,580,2WD
79934,닛산,알티마,3.5,가솔린,145300,2010,회색,대구,430,2WD
80012,닛산,알티마,2.5,가솔린,60000,2014,회색,대구,1173,2WD
80091,닛산,알티마,3.5,가솔린,77323,2010,회색,경기,490,2WD
80116,닛산,알티마,3.5,가솔린,102148,2010,회색,경기,399,2WD
80272,닛산,알티마,2.5,가솔린,102323,2013,회색,경남,890,2WD
80327,닛산,패스파인더,3.5 ,가솔린,60106,2017,회색,대구,2480,4WD
80406,닛산,370Z,3.7 쿠페,가솔린,120653,2009,회색,경기,1490,2WD
80529,닛산,큐브,1.4,가솔린,218200,2003,회색,경기,348,2WD
80545,닛산,큐브,1.4,가솔린,177000,2005,회색,경기,340,2WD
80552,닛산,알티마,2.5,가솔린,63561,2013,회색,대구,958,2WD
80702,닛산,큐브,1.8,가솔린,100000,2012,회색,부산,750,2WD
80740,닛산,알티마,2.5,가솔린,84878,2016,회색,경기,950,2WD
81141,닛산,알티마,2.5,가솔린,243717,2010,회색,부산,280,2WD
81284,닛산,큐브,1.8 S,가솔린,214476,2011,회색,경기,420,2WD
81640,닛산,무라노,3.5,가솔린,146000,2010,회색,부산,650,2WD
81759,닛산,알티마,2.5,가솔린,54508,2012,회색,인천,690,2WD
81833,닛산,알티마,2.5 스마트,가솔린,72200,2015,회색,대구,850,2WD
81836,닛산,무라노,2.5 하이브리드 플래티넘,가솔린+전기,138500,2016,회색,부산,1900,2WD
82358,닛산,무라노,3.5,가솔린,130594,2009,회색,경기,790,2WD
82397,닛산,무라노,3.5,가솔린,160820,2009,회색,부산,590,2WD
82437,닛산,알티마,2.5,가솔린,70483,2011,회색,경기,560,2WD
82490,닛산,GT,3.8,가솔린,27000,2013,회색,경기,8999,2WD
82600,닛산,350Z,3.5 쿠페,가솔린,140000,2003,회색,서울,4000,2WD
82636,닛산,큐브,1.4,가솔린,126199,2005,기타,경기,290,2WD
82668,닛산,마치,1.3,가솔린,161000,2005,기타,대구,350,2WD
82698,닛산,마치,1.3,가솔린,175562,2007,기타,경기,330,2WD
82720,닛산,마치,1.3,가솔린,103851,2006,기타,경기,350,2WD
82774,닛산,알티마,2.5 스마트,가솔린,98874,2017,흰색,경기,1190,2WD
82817,닛산,쥬크,1.6 SV,가솔린,22465,2014,흰색,경기,1250,2WD
82942,닛산,쥬크,1.6 SV,가솔린,22465,2014,흰색,경기,1250,2WD
83218,닛산,맥시마,3.5 플래티넘,가솔린,27284,2017,흰색,경기,2120,2WD
83255,닛산,큐브,1.8 S,가솔린,59741,2011,흰색,경기,850,2WD
83271,닛산,알티마,2.5 스마트,가솔린,63378,2017,흰색,경기,1080,2WD
83303,닛산,캐시카이,1.6 S,디젤,57600,2015,흰색,경기,9999,2WD
83324,닛산,맥시마,3.5 플래티넘,가솔린,27284,2017,흰색,경기,2120,2WD
83424,닛산,캐시카이,1.6 S,디젤,57600,2015,흰색,경기,9999,2WD
83463,닛산,알티마,2.5,가솔린,131686,2014,흰색,서울,720,2WD
83542,닛산,알티마,2.5,가솔린,131686,2014,흰색,서울,720,2WD
83913,닛산,알티마,3.5,가솔린,105007,2010,흰색,부산,490,2WD
84036,닛산,큐브,1.8 S,가솔린,96439,2012,흰색,광주,620,2WD
84069,닛산,알티마,2.5,가솔린,116734,2013,흰색,광주,770,2WD
84127,닛산,큐브,1.4,가솔린,199765,2004,흰색,경기,370,2WD
84169,닛산,패스파인더,3.5 ,가솔린,14562,2019,흰색,서울,3020,4WD
84179,닛산,알티마,2.5,가솔린,116734,2013,흰색,광주,770,2WD
84367,닛산,쥬크,1.6 SV,가솔린,36686,2016,흰색,경기,1460,2WD
84385,닛산,캐시카이,1.6 SL,디젤,47631,2015,흰색,경기,1090,2WD
84408,닛산,엑스트레일,2.5 테크 ,가솔린,14358,2018,흰색,경기,2230,4WD
84454,닛산,쥬크,1.6 SV,가솔린,36686,2016,흰색,경기,1460,2WD
84501,닛산,엑스트레일,2.5 테크 ,가솔린,14358,2018,흰색,경기,2230,4WD
84534,닛산,쥬크,1.6 SV,가솔린,81220,2015,흰색,울산,1080,2WD
84548,닛산,리프,EV SL,전기,34954,2016,흰색,대전,1350,2WD
84560,닛산,알티마,2.5,가솔린,39200,2017,흰색,경기,1550,2WD
84571,닛산,알티마,2.5 테크,가솔린,23478,2018,흰색,경기,1790,2WD
84653,닛산,알티마,2.5 테크,가솔린,23478,2018,흰색,경기,1790,2WD
84752,닛산,알티마,2.5 테크,가솔린,63054,2018,흰색,경기,1480,2WD
84791,닛산,캐시카이,1.6 SL,디젤,57628,2015,흰색,경기,1320,2WD
84910,닛산,캐시카이,1.6 SL,디젤,57628,2015,흰색,경기,1320,2WD
85176,닛산,큐브,1.8 SL,가솔린,88013,2011,흰색,경기,790,2WD
85264,닛산,알티마,2.5,가솔린,107270,2014,흰색,충북,720,2WD
85315,닛산,알티마,2.5,가솔린,134026,2014,흰색,대구,790,2WD
85414,닛산,캐시카이,1.6 SL,디젤,59104,2016,흰색,경기,1430,2WD
85492,닛산,캐시카이,1.6 S,디젤,16073,2015,흰색,부산,1420,2WD
85510,닛산,무라노,2.5 하이브리드 플래티넘,가솔린+전기,117447,2016,흰색,경기,2120,2WD
85526,닛산,캐시카이,1.6 SL,디젤,59104,2016,흰색,경기,1430,2WD
85574,닛산,캐시카이,1.6 S,디젤,16073,2015,흰색,부산,1420,2WD
85599,닛산,알티마,2.5,가솔린,37561,2016,흰색,경기,1340,2WD
85635,닛산,무라노,2.5 하이브리드 플래티넘,가솔린+전기,117447,2016,흰색,경기,2120,2WD
85673,닛산,알티마,2.5 스마트,가솔린,87300,2017,흰색,대전,1090,2WD
85787,닛산,패스파인더,3.5 ,가솔린,44244,2014,흰색,경기,1870,4WD
86026,닛산,큐브,1.8 SL,가솔린,88861,2011,흰색,경기,830,2WD
86135,닛산,패스파인더,3.5 ,가솔린,96973,2014,흰색,경기,1420,4WD
86171,닛산,패스파인더,3.5 ,가솔린,12721,2019,흰색,경기,3089,4WD
86262,닛산,무라노,2.5 하이브리드 플래티넘,가솔린+전기,52334,2016,흰색,서울,2590,2WD
86395,닛산,알마다,Platinum,가솔린,102686,2010,흰색,서울,2400,4WD
86557,닛산,알티마,2.5,가솔린,36796,2014,흰색,서울,1180,2WD
86620,닛산,쥬크,1.6 SV,가솔린,41836,2016,흰색,경기,1280,2WD
86627,닛산,알티마,2.5,가솔린,36796,2014,흰색,서울,1180,2WD
86720,닛산,알티마,2.5 스마트,가솔린,69250,2017,흰색,경기,1230,2WD
86748,닛산,리프,EV SL,전기,20173,2015,흰색,경기,1220,2WD
86844,닛산,엑스트레일,2.5 테크 ,가솔린,29231,2018,흰색,경기,2240,4WD
86867,닛산,마치,1.3,가솔린,127997,2004,흰색,경기,190,2WD
86934,닛산,알티마,2.5 스페셜 에디션,가솔린,15778,2019,흰색,전북,2250,2WD
87054,닛산,알티마,3.5,가솔린,27346,2012,흰색,경기,800,2WD
87090,닛산,370Z,3.7 쿠페,가솔린,24695,2017,흰색,인천,3200,2WD
87105,닛산,무라노,2.5 하이브리드 플래티넘,가솔린+전기,78387,2016,흰색,경기,2280,2WD
87109,닛산,쥬크,1.6 SV,가솔린,79910,2014,흰색,경기,1050,2WD
87182,닛산,패스파인더,3.5 ,가솔린,71887,2014,흰색,서울,1500,4WD
87204,닛산,쥬크,1.6 SV,가솔린,79910,2014,흰색,경기,1050,2WD
87239,닛산,무라노,2.5 하이브리드 플래티넘,가솔린+전기,78387,2016,흰색,경기,2280,2WD
87257,닛산,패스파인더,3.5 ,가솔린,71887,2014,흰색,서울,1500,4WD
87373,닛산,쥬크,1.6 SV,가솔린,70373,2016,흰색,경기,1180,2WD
87419,닛산,패스파인더,3.5 ,가솔린,42140,2017,흰색,경기,2430,4WD
87517,닛산,패스파인더,3.5 ,가솔린,42140,2017,흰색,경기,2430,4WD
87607,닛산,알티마,2.5,가솔린,34498,2013,흰색,경기,990,2WD
87649,닛산,맥시마,3.5 플래티넘,가솔린,33388,2017,흰색,서울,2090,2WD
87764,닛산,알티마,2.5,가솔린,147184,2011,흰색,부산,530,2WD
87778,닛산,맥시마,3.5 플래티넘,가솔린,33388,2017,흰색,서울,2090,2WD
87804,닛산,알티마,2.5 스마트,가솔린,76250,2017,흰색,경기,1180,2WD
87892,닛산,알티마,2.5 스마트,가솔린,76250,2017,흰색,경기,1180,2WD
87967,닛산,패스파인더,3.5 ,가솔린,56037,2016,흰색,경기,2050,4WD
88035,닛산,캐시카이,1.6 SL,디젤,94829,2015,흰색,인천,1140,2WD
88094,닛산,큐브,1.8 S,가솔린,139900,2011,흰색,인천,499,2WD
88365,닛산,큐브,1.8 S,가솔린,66076,2012,흰색,경기,799,2WD
88472,닛산,큐브,1.8,가솔린,114944,2012,흰색,경기,650,2WD
88847,닛산,리프,EV SL,전기,35750,2016,흰색,대전,1350,2WD
88895,닛산,알티마,2.5 테크,가솔린,125119,2015,흰색,경기,870,2WD
88922,닛산,큐브,1.8 S,가솔린,136939,2011,흰색,서울,499,2WD
89046,닛산,큐브,1.8 SL,가솔린,147000,2011,흰색,경기,530,2WD
89067,닛산,큐브,1.8,가솔린,119855,2014,흰색,경기,750,2WD
89242,닛산,쥬크,1.6 S,가솔린,56356,2014,흰색,경기,1190,2WD
89292,닛산,쥬크,1.6 S,가솔린,56356,2014,흰색,경기,1190,2WD
89370,닛산,알티마,2.5 테크,가솔린,162723,2017,흰색,경기,890,2WD
89449,닛산,맥시마,3.5 플래티넘,가솔린,63432,2018,흰색,부산,2050,2WD
89477,닛산,알티마,2.5 스마트,가솔린,40403,2017,흰색,인천,1290,2WD
89481,닛산,맥시마,3.5 플래티넘,가솔린,20213,2017,흰색,인천,1999,2WD
89514,닛산,맥시마,3.5 플래티넘,가솔린,63432,2018,흰색,부산,2050,2WD
89578,닛산,알티마,2.5,가솔린,33879,2017,흰색,경기,1490,2WD
89601,닛산,쥬크,1.6 S,가솔린,32000,2014,흰색,경기,1190,2WD
89609,닛산,알티마,2.5,가솔린,33879,2017,흰색,경기,1490,2WD
89621,닛산,알티마,2.5,가솔린,71000,2013,흰색,경기,930,2WD
89709,닛산,알티마,2.5 SL 테크,가솔린,55385,2019,흰색,대구,2130,2WD
89842,닛산,쥬크,1.6 SV,가솔린,108449,2015,흰색,경기,990,2WD
89852,닛산,알티마,2.5,가솔린,67048,2017,흰색,부산,1299,2WD
89865,닛산,캐시카이,1.6 SL,디젤,50000,2016,흰색,경기,1340,2WD
89925,닛산,큐브,1.8,가솔린,109435,2012,흰색,대구,620,2WD
89936,닛산,쥬크,1.6 SV,가솔린,76883,2015,흰색,경기,1020,2WD
89952,닛산,큐브,1.8 SL,가솔린,97634,2011,흰색,서울,599,2WD
89970,닛산,370Z,3.7 쿠페,가솔린,137460,2010,흰색,경기,2900,2WD
90074,닛산,알티마,2.5 테크,가솔린,70891,2017,흰색,대구,1285,2WD
90193,닛산,쥬크,1.6 SV,가솔린,77634,2016,흰색,경기,1150,2WD
90253,닛산,쥬크,1.6 SV,가솔린,35471,2016,흰색,경기,1390,2WD
90408,닛산,알티마,2.5,가솔린,33336,2015,흰색,부산,1293,2WD
90439,닛산,큐브,1.8,가솔린,137125,2013,흰색,경기,700,2WD
90463,닛산,알티마,2.5 테크,가솔린,6446,2016,흰색,서울,1599,2WD
90467,닛산,알티마,2.5 테크,가솔린,6446,2016,흰색,서울,1599,2WD
90530,닛산,쥬크,1.6 SV,가솔린,100764,2016,흰색,인천,990,2WD
90568,닛산,엑스트레일,2.5 ,가솔린,21275,2018,흰색,부산,2200,4WD
90612,닛산,패스파인더,3.5 ,가솔린,68794,2014,흰색,경기,9999,4WD
90624,닛산,패스파인더,3.5 ,가솔린,68794,2014,흰색,경기,9999,4WD
90689,닛산,리프,EV SL,전기,126538,2015,흰색,부산,1030,2WD
90805,닛산,370Z,3.7 쿠페,가솔린,83010,2010,흰색,경기,2600,2WD
90908,닛산,엑스트레일,2.5 테크 ,가솔린,31614,2018,흰색,서울,2330,4WD
90933,닛산,쥬크,1.6 SV,가솔린,65764,2017,흰색,인천,1190,2WD
91000,닛산,큐브,1.8 S,가솔린,139927,2011,흰색,인천,499,2WD
91026,닛산,큐브,1.4,가솔린,119689,2007,흰색,경기,450,2WD
91143,닛산,리프,EV,전기,36076,2015,흰색,대전,1100,2WD
91157,닛산,리프,EV,전기,36076,2015,흰색,대전,1100,2WD
91551,닛산,큐브,1.8 SL,가솔린,56955,2011,흰색,경기,999,2WD
91619,닛산,알티마,2.5,가솔린,113128,2012,흰색,대구,699,2WD
91847,닛산,엑스트레일,2.5 스마트 ,가솔린,19550,2018,흰색,경기,2199,2WD
91979,닛산,알티마,3.5,가솔린,210000,2011,흰색,전남,350,2WD
92125,닛산,캐시카이,1.6 플래티넘,디젤,94647,2015,흰색,전북,1450,2WD
92252,닛산,캐시카이,1.6 SL,디젤,69000,2015,흰색,부산,1340,2WD
92433,닛산,패스파인더,3.5 ,가솔린,76572,2014,흰색,경기,1539,4WD
92552,닛산,쥬크,1.6 SV,가솔린,55850,2014,흰색,울산,1250,2WD
92618,닛산,알티마,2.5,가솔린,81153,2017,흰색,경기,1130,2WD
92721,닛산,알티마,2.5,가솔린,40000,2017,흰색,경기,1380,2WD
92971,닛산,370Z,3.7 쿠페,가솔린,156755,2009,흰색,경기,1370,2WD
92980,닛산,맥시마,3.5 플래티넘,가솔린,20213,2017,흰색,인천,1999,2WD
93056,닛산,맥시마,3.5 플래티넘,가솔린,76128,2018,흰색,인천,1990,2WD
93108,닛산,큐브,1.8 SL,가솔린,71789,2012,흰색,경기,930,2WD
93332,닛산,쥬크,1.6 SV,가솔린,115000,2016,흰색,대전,1250,2WD
93506,닛산,알티마,2.5 스마트,가솔린,41516,2017,흰색,부산,1350,2WD
93977,닛산,알티마,2.5,가솔린,53516,2017,흰색,대전,1200,2WD
94294,닛산,알티마,2.5 스마트,가솔린,39935,2017,흰색,서울,1340,2WD
94295,닛산,알티마,2.5 스마트,가솔린,39935,2017,흰색,서울,1340,2WD
94389,닛산,350Z,3.5 쿠페,가솔린,49712,2003,흰색,경기,1300,2WD
94472,닛산,맥시마,3.5 플래티넘,가솔린,74550,2017,흰색,서울,1720,2WD
