,brand,name,info,type,km,year,color,location,price,wd
62149,닷지,램픽업,5.7,가솔린,47506,2017,검정색,인천,6200,2WD
62202,닷지,램픽업,5.7,가솔린,47506,2017,검정색,인천,6200,2WD
62291,닷지,램픽업,5.7,가솔린+LPG,109781,2015,검정색,대구,5300,2WD
62533,닷지,챌린저,3.6,가솔린,50347,2018,검정색,경기,4290,2WD
62619,닷지,니트로,2.8 ,디젤,455000,2007,검정색,경기,430,2WD
63627,닷지,캘리버,2.0,가솔린,161000,2009,검정색,인천,298,2WD
64331,닷지,캘리버,2.0,가솔린,121481,2011,검정색,경기,550,2WD
64675,닷지,다코타,QUAD CAB 4X4,가솔린+LPG,127369,2006,검정색,충남,1645,2WD
64894,닷지,캘리버,2.0,가솔린,202341,2009,검정색,경기,280,2WD
65019,닷지,챌린저,3.6,가솔린,138625,2014,검정색,대전,3400,2WD
65163,닷지,매그넘,2.7,가솔린,95888,2008,검정색,경기,940,2WD
65372,닷지,램픽업,5.7,가솔린,24408,2019,검정색,경기,7499,2WD
65768,닷지,램픽업,5.7,가솔린,85124,2014,검정색,경기,4890,2WD
65807,닷지,램픽업,5.7,가솔린,85124,2014,검정색,경기,4890,2WD
65848,닷지,챌린저,5.7,가솔린,30000,2015,검정색,경남,6790,2WD
66784,닷지,램픽업,5.7,가솔린,9500,2021,검정색,서울,9300,2WD
67062,닷지,다코타,QUAD CAB 4X4,가솔린+LPG,211085,2006,검정색,서울,1480,2WD
67116,닷지,램픽업,5.7,가솔린,194627,2014,검정색,경기,3590,2WD
67221,닷지,차저,3.6,가솔린,39119,2017,검정색,경기,3990,2WD
67225,닷지,차저,3.6,가솔린,39119,2017,검정색,경기,3990,2WD
67259,닷지,차저,3.5,가솔린,197000,2008,검정색,경기,1200,2WD
67476,닷지,램픽업,5.7,가솔린,29939,2017,검정색,대전,6450,2WD
67727,닷지,램픽업,5.7,가솔린,1500,2020,검정색,서울,9890,2WD
67774,닷지,니트로,2.8 ,디젤,249857,2007,검정색,경기,580,2WD
68281,닷지,램픽업,5.7,가솔린,162270,2013,검정색,경기,3550,2WD
68627,닷지,캘리버,2.0,가솔린,122370,2009,검정색,경기,550,2WD
69147,닷지,챌린저,6.4,가솔린,39000,2016,검정색,경기,9800,2WD
69385,닷지,다코타,CLUB CAB 4X4,가솔린,159000,2009,검정색,대구,2490,2WD
69559,닷지,램픽업,5.7,가솔린,3500,2020,검정색,경기,8350,2WD
69611,닷지,다코타,REGULAR CAB 4X4,가솔린,39700,2006,검정색,서울,1999,2WD
69669,닷지,챌린저,5.7,가솔린,45375,2017,검정색,경기,6300,2WD
70763,닷지,램밴,5.2,가솔린,120000,2000,기타,서울,2300,2WD
71487,닷지,램픽업,5.7,가솔린,86000,2016,기타,경기,4770,2WD
71941,닷지,챌린저,3.6,가솔린,21000,2016,기타,서울,4200,2WD
72449,닷지,램픽업,5.7,가솔린,75,2021,기타,경기,9400,2WD
72759,닷지,챌린저,3.6,가솔린,44101,2018,회색,경기,4650,2WD
73039,닷지,램픽업,5.7,가솔린,39000,2017,회색,광주,5450,2WD
73143,닷지,램픽업,5.7,가솔린,37594,2019,회색,경기,7390,2WD
73534,닷지,램픽업,5.7,가솔린,31356,2016,회색,경기,4800,2WD
73815,닷지,램픽업,5.7,가솔린,90204,2016,회색,경기,4699,2WD
75370,닷지,램픽업,5.7,가솔린,33330,2019,회색,전북,7430,2WD
76143,닷지,램픽업,5.7,가솔린,110001,2016,회색,경기,4690,2WD
76643,닷지,차저,5.7 HEMI,가솔린,105000,2014,회색,경기,4000,2WD
76786,닷지,듀랑고,4.7L,가솔린,309398,2007,기타,서울,530,2WD
76806,닷지,램픽업,5.7,가솔린,21000,2017,기타,서울,6400,2WD
77607,닷지,램픽업,5.7,가솔린,137500,2017,기타,경기,5420,2WD
77765,닷지,다코타,REGULAR CAB 4X4,가솔린,140924,2006,기타,경기,890,2WD
77802,닷지,다코타,REGULAR CAB 4X4,가솔린,99041,2009,기타,대구,2280,2WD
77807,닷지,캘리버,2.0,가솔린,67323,2007,기타,부산,550,2WD
78063,닷지,다코타,REGULAR CAB 4X4,가솔린,135000,2007,기타,대전,1090,2WD
78664,닷지,캘리버,2.0,가솔린,184245,2009,회색,경기,300,2WD
79137,닷지,니트로,2.8 ,디젤,177000,2007,회색,경기,750,2WD
79992,닷지,캘리버,2.0,가솔린,120140,2009,회색,인천,380,2WD
80568,닷지,캘리버,2.0,가솔린,185288,2011,회색,경기,399,2WD
80748,닷지,캘리버,2.0,가솔린,103956,2009,회색,대구,300,2WD
81003,닷지,듀랑고,4.7L,가솔린+LPG,137364,2007,회색,경기,950,2WD
81129,닷지,램픽업,5.7,가솔린,169906,2015,회색,충북,4500,2WD
81248,닷지,캘리버,2.0,가솔린,108205,2009,회색,경기,350,2WD
82462,닷지,챌린저,6.4,가솔린,41000,2017,회색,서울,6600,2WD
82593,닷지,램밴,5.4,가솔린,78000,1995,회색,서울,3800,2WD
85716,닷지,램픽업,5.7,가솔린,5668,2019,흰색,경기,8990,2WD
86151,닷지,램픽업,STD,가솔린,40540,2017,흰색,경기,6900,2WD
87653,닷지,램픽업,5.7,가솔린,283351,2015,흰색,인천,3050,2WD
89381,닷지,캘리버,2.0,가솔린,106640,2007,흰색,충남,450,2WD
91851,닷지,챌린저,5.7,가솔린,36100,2020,흰색,대구,7400,2WD
91989,닷지,챌린저,6.4,가솔린,22222,2019,흰색,인천,8500,2WD
92193,닷지,램픽업,5.7,가솔린,163,2021,흰색,경기,10000,2WD
93084,닷지,챌린저,3.6,가솔린,7098,2017,흰색,서울,5100,2WD
93636,닷지,램픽업,3.6,가솔린,73884,2015,흰색,경기,3750,2WD
93724,닷지,챌린저,6.4,가솔린,25000,2018,흰색,서울,7300,2WD
