,brand,name,info,type,km,year,color,location,price,wd
61941,도요타,시에나,3.5 ,가솔린,39796,2015,검정색,경기,2770,AWD
61991,도요타,시에나,3.5 ,가솔린,39796,2015,검정색,경기,2770,AWD
62082,도요타,시에나,3.5,가솔린,109768,2013,검정색,경기,1790,2WD
62547,도요타,프리우스,1.8,가솔린+전기,4089,2021,검정색,경기,2790,2WD
62772,도요타,캠리,2.5 XLE 하이브리드,가솔린+전기,22223,2020,검정색,경기,3000,2WD
63017,도요타,캠리,2.5 XLE 하이브리드,가솔린+전기,67128,2018,검정색,경기,2790,2WD
63356,도요타,캠리,하이브리드 XLE,가솔린+전기,83894,2017,검정색,경기,1990,2WD
63446,도요타,캠리,하이브리드 XLE,가솔린+전기,83894,2017,검정색,경기,1990,2WD
63588,도요타,아발론,리미티드,가솔린,114458,2013,검정색,서울,1380,2WD
63982,도요타,86,2.0,가솔린,49540,2017,검정색,경기,2600,2WD
64116,도요타,프리우스,1.8 M,가솔린+전기,130044,2012,검정색,경기,780,2WD
64180,도요타,캠리,하이브리드,가솔린+전기,93233,2008,검정색,서울,850,2WD
65034,도요타,86,2.0,가솔린,70333,2013,검정색,경기,2090,2WD
65048,도요타,86,2.0,가솔린,70333,2013,검정색,경기,2090,2WD
65097,도요타,캠리,하이브리드 XLE,가솔린+전기,90400,2012,검정색,서울,1130,2WD
65195,도요타,캠리,하이브리드 LE,가솔린+전기,81532,2017,검정색,경기,1750,2WD
65317,도요타,알파드,3.5 ,가솔린,90716,2017,검정색,경기,6600,2WD
65369,도요타,알파드,3.5 ,가솔린,90716,2017,검정색,경기,6600,2WD
65543,도요타,캠리,하이브리드,가솔린+전기,172975,2007,검정색,대전,550,2WD
65703,도요타,프리우스,1.8 E,가솔린+전기,40317,2018,검정색,경기,2030,2WD
65815,도요타,캠리,2.5 XLE,가솔린,48156,2017,검정색,경기,1999,2WD
65980,도요타,캠리,2.5 XLE,가솔린,71386,2014,검정색,서울,1120,2WD
66322,도요타,아이고,1.0,가솔린,62558,2017,검정색,경기,1480,2WD
66344,도요타,아이고,1.0,가솔린,62558,2017,검정색,경기,1480,2WD
66470,도요타,시에나,3.5,가솔린,79652,2015,검정색,경기,2299,2WD
66482,도요타,캠리,2.5 XLE,가솔린,139000,2012,검정색,경기,720,2WD
66633,도요타,프리우스,1.8 E,가솔린+전기,62548,2016,검정색,경기,1759,2WD
66821,도요타,시에나,3.5 ,가솔린,76399,2017,검정색,경기,2750,AWD
66823,도요타,시에나,3.5 ,가솔린,76399,2017,검정색,경기,2750,AWD
66911,도요타,시에나,3.5,가솔린,168000,2014,검정색,경기,1270,2WD
66971,도요타,툰드라,4.6,가솔린,65000,2011,검정색,경기,2830,2WD
67018,도요타,캠리,하이브리드 XLE,가솔린+전기,90248,2017,검정색,대전,1940,2WD
67055,도요타,프리우스,1.8,가솔린+전기,167918,2010,검정색,경기,650,2WD
67310,도요타,캠리,하이브리드,가솔린+전기,168837,2011,검정색,경기,770,2WD
67382,도요타,프리우스,1.8 E,가솔린+전기,34500,2017,검정색,인천,1500,2WD
67593,도요타,시에나,3.5,가솔린,43800,2018,검정색,경기,3250,2WD
67718,도요타,프리비아,2.4,가솔린,212443,2008,검정색,경기,1350,2WD
67783,도요타,RAV4,2.5 ,가솔린,109226,2011,검정색,경기,950,2WD
68110,도요타,프리우스,1.8 E,가솔린+전기,32783,2017,검정색,경기,2040,2WD
68146,도요타,RAV4,2.5  하이브리드,가솔린+전기,17700,2020,검정색,경기,3799,4WD
68395,도요타,bB,1.5 ZX ,가솔린,74131,2006,검정색,울산,620,2WD
68505,도요타,툰드라,5.7,가솔린,95097,2016,검정색,경기,5790,2WD
68675,도요타,수프라,2Dr Liftback,가솔린,183000,1994,검정색,경북,2300,2WD
68929,도요타,시에나,3.5 ,가솔린,16800,2020,검정색,경기,5600,AWD
69348,도요타,RAV4,2.5 ,가솔린,133875,2010,검정색,부산,1050,4WD
69480,도요타,프리우스,1.8 M,가솔린+전기,208845,2011,검정색,전북,670,2WD
69574,도요타,아발론,2.5 하이브리드,가솔린+전기,53723,2019,검정색,광주,3150,2WD
69699,도요타,아발론,리미티드,가솔린,55892,2013,검정색,서울,1590,2WD
69746,도요타,캠리,2.5 LE 하이브리드,가솔린+전기,16989,2019,검정색,경기,2920,2WD
69814,도요타,RAV4,2.5 ,가솔린,129606,2014,기타,서울,1360,4WD
70212,도요타,시에나,3.5,가솔린,159550,2007,기타,서울,710,2WD
70249,도요타,프리우스,1.5,가솔린+전기,22954,2019,기타,경기,1690,2WD
70276,도요타,프리우스,1.5,가솔린+전기,22954,2019,기타,경기,1690,2WD
70315,도요타,86,2.0,가솔린,137923,2013,기타,경기,1560,2WD
70358,도요타,캠리,2.5 XLE,가솔린,109751,2012,기타,경기,850,2WD
70366,도요타,FJ 크루져,V6,가솔린,48784,2014,기타,경기,4770,4WD
70370,도요타,프리우스,1.5,가솔린+전기,26860,2019,기타,인천,1540,2WD
70695,도요타,시에나,3.5,가솔린,82332,2014,기타,경기,1490,2WD
70702,도요타,시에나,3.5,가솔린,82332,2014,기타,경기,1490,2WD
71279,도요타,FJ 크루져,V6,가솔린,135185,2007,기타,서울,3590,4WD
71549,도요타,시에나,3.5 ,가솔린,103980,2015,기타,경기,2199,AWD
71583,도요타,프리우스,1.8 E,가솔린+전기,94567,2015,기타,경기,1250,2WD
71612,도요타,툰드라,4.7,가솔린,199160,2008,기타,서울,2150,2WD
71715,도요타,프리우스,1.8,가솔린+전기,50891,2017,기타,경기,2670,2WD
72002,도요타,수프라,GR 3.0,가솔린,6780,2020,기타,경기,6400,2WD
72111,도요타,캠리,2.5 XLE 하이브리드,가솔린+전기,25835,2019,기타,서울,3099,2WD
72113,도요타,RAV4,2.5  하이브리드,가솔린+전기,52875,2018,기타,경기,2900,4WD
72116,도요타,RAV4,2.5  하이브리드,가솔린+전기,52875,2018,기타,경기,2900,4WD
72131,도요타,캠리,2.5 XLE 하이브리드,가솔린+전기,59482,2018,기타,경기,2580,2WD
72133,도요타,캠리,2.5,가솔린,25013,2018,기타,서울,2570,2WD
72150,도요타,캠리,2.5,가솔린,46422,2018,기타,경기,2475,2WD
72152,도요타,캠리,2.5,가솔린,46422,2018,기타,경기,2475,2WD
72169,도요타,캠리,2.5,가솔린,5914,2018,기타,경기,2750,2WD
72170,도요타,캠리,2.5,가솔린,5914,2018,기타,경기,2750,2WD
72192,도요타,아발론,2.5 하이브리드,가솔린+전기,16221,2019,기타,서울,3380,2WD
72224,도요타,캠리,2.5,가솔린,22491,2018,기타,서울,2530,2WD
72226,도요타,캠리,2.5,가솔린,22491,2018,기타,서울,2530,2WD
72267,도요타,툰드라,5.7,가솔린,10594,2019,기타,경기,7700,2WD
72271,도요타,캠리,2.5 XLE 하이브리드,가솔린+전기,62061,2019,기타,경기,2780,2WD
72275,도요타,캠리,2.5 XLE 하이브리드,가솔린+전기,10514,2021,기타,경기,3499,2WD
72276,도요타,아발론,2.5 하이브리드,가솔린+전기,22197,2019,기타,경기,3350,2WD
72283,도요타,캠리,2.5 XLE 하이브리드,가솔린+전기,21017,2019,기타,경기,3140,2WD
72363,도요타,86,2.0,가솔린,79014,2013,기타,경기,1749,2WD
72443,도요타,프리우스,1.5,가솔린+전기,48278,2018,기타,경기,1490,2WD
72446,도요타,MR-S,SPYDER,가솔린,288000,2000,기타,경기,800,2WD
72535,도요타,FJ 크루져,V6,가솔린,128000,2007,기타,대구,2500,4WD
72574,도요타,프리우스,1.8 E,가솔린+전기,46234,2017,회색,서울,1920,2WD
72707,도요타,프리우스,1.5,가솔린+전기,17489,2020,회색,경기,1900,2WD
72720,도요타,시에나,3.5 ,가솔린,91038,2017,회색,경기,2349,AWD
72735,도요타,시에나,3.5 ,가솔린,228326,2014,회색,경기,1190,AWD
72757,도요타,프리우스,1.5,가솔린+전기,17489,2020,회색,경기,1900,2WD
72776,도요타,시에나,3.5 ,가솔린,91038,2017,회색,경기,2349,AWD
72860,도요타,프리우스,1.8,가솔린+전기,7797,2019,회색,경기,2500,2WD
73056,도요타,RAV4,2.5 ,가솔린,110422,2015,회색,경기,1370,4WD
73071,도요타,캠리,2.5 XLE,가솔린,39751,2016,회색,부산,1690,2WD
73085,도요타,RAV4,2.5 ,가솔린,110422,2015,회색,경기,1370,4WD
73097,도요타,캠리,2.5 XLE,가솔린,39751,2016,회색,부산,1690,2WD
73378,도요타,툰드라,5.7,가솔린,19000,2015,회색,경기,5199,2WD
73427,도요타,캠리,2.5 XLE,가솔린,40047,2017,회색,경기,1590,2WD
73492,도요타,RAV4,2.5  하이브리드,가솔린+전기,23311,2019,회색,경기,3750,4WD
73521,도요타,시에나,3.5 ,가솔린,79284,2017,회색,서울,2680,AWD
73563,도요타,시에나,3.5 ,가솔린,79284,2017,회색,서울,2680,AWD
73674,도요타,시에나,3.5 ,가솔린,65407,2016,회색,경기,2570,AWD
73677,도요타,프리우스,1.8,가솔린+전기,38136,2017,회색,경기,2319,2WD
73689,도요타,프리우스,1.8 E,가솔린+전기,69396,2017,회색,경기,1800,2WD
73700,도요타,시에나,3.5 ,가솔린,65407,2016,회색,경기,2570,AWD
73703,도요타,프리우스,1.8,가솔린+전기,38136,2017,회색,경기,2319,2WD
73711,도요타,프리우스,1.8 E,가솔린+전기,69396,2017,회색,경기,1800,2WD
73826,도요타,RAV4,2.5  하이브리드,가솔린+전기,66763,2017,회색,서울,2530,4WD
73845,도요타,RAV4,2.5  하이브리드,가솔린+전기,66763,2017,회색,서울,2530,4WD
73968,도요타,프리우스,1.8 E,가솔린+전기,44337,2018,회색,인천,1890,2WD
74257,도요타,RAV4,2.5  하이브리드,가솔린+전기,21530,2019,회색,서울,3950,4WD
74287,도요타,캠리,2.5 XLE,가솔린,74414,2014,회색,대구,970,2WD
74330,도요타,아발론,리미티드,가솔린,18379,2017,회색,경기,2450,2WD
74447,도요타,RAV4,2.5  하이브리드,가솔린+전기,12856,2019,회색,경기,3890,4WD
74456,도요타,툰드라,5.7,가솔린,56959,2018,회색,서울,5990,2WD
74487,도요타,캠리,하이브리드 XLE,가솔린+전기,110900,2012,회색,경기,1070,2WD
74729,도요타,프리우스,1.5,가솔린+전기,40611,2018,회색,부산,1550,2WD
74757,도요타,시에나,3.5 ,가솔린,43268,2015,회색,대구,2690,AWD
74764,도요타,캠리,2.5 XLE,가솔린,139000,2013,회색,대구,890,2WD
74870,도요타,시에나,3.5 ,가솔린,87126,2014,회색,대구,2050,AWD
74945,도요타,캠리,2.5 XLE,가솔린,90289,2012,회색,부산,880,2WD
75036,도요타,캠리,하이브리드 XLE,가솔린+전기,67051,2017,회색,경기,2030,2WD
75244,도요타,캠리,XLE,가솔린,79404,2011,회색,부산,853,2WD
75300,도요타,캠리,2.5 LE 하이브리드,가솔린+전기,56250,2018,회색,경기,2890,2WD
75309,도요타,RAV4,2.5 ,가솔린,137232,2014,회색,경기,9999,4WD
75332,도요타,캠리,하이브리드 XLE,가솔린+전기,119000,2013,회색,서울,1180,2WD
75349,도요타,시에나,3.5 ,가솔린,41768,2015,회색,부산,2650,AWD
75391,도요타,프리우스,1.8 E,가솔린+전기,41089,2020,회색,경기,2420,2WD
75469,도요타,시에나,3.5,가솔린,82661,2016,회색,경기,2280,2WD
75491,도요타,RAV4,2.5 ,가솔린,3045,2021,회색,경기,3390,2WD
75496,도요타,캠리,2.5 XLE,가솔린,74994,2014,회색,대구,1030,2WD
75586,도요타,캠리,2.5 XLE 하이브리드,가솔린+전기,67410,2018,회색,경기,2550,2WD
75610,도요타,캠리,하이브리드 XLE,가솔린+전기,61275,2016,회색,경기,1769,2WD
75655,도요타,프리우스,1.8 E,가솔린+전기,141817,2017,회색,경기,1550,2WD
75677,도요타,캠리,2.5 XLE,가솔린,55726,2012,회색,서울,920,2WD
75680,도요타,캠리,2.5 XLE,가솔린,55726,2012,회색,서울,920,2WD
75727,도요타,RAV4,2.5  하이브리드,가솔린+전기,36064,2019,회색,경기,3737,4WD
75736,도요타,캠리,하이브리드 XLE,가솔린+전기,142100,2016,회색,경기,1479,2WD
75848,도요타,프리우스,1.8 E,가솔린+전기,81653,2017,회색,경기,1599,2WD
75852,도요타,프리우스,1.8 E,가솔린+전기,81653,2017,회색,경기,1599,2WD
75892,도요타,프리우스,1.5,가솔린+전기,27538,2018,회색,경기,1590,2WD
75909,도요타,캠리,2.5 XLE 하이브리드,가솔린+전기,28000,2018,회색,서울,2750,2WD
75941,도요타,프리우스,1.8,가솔린+전기,180616,2012,회색,경기,750,2WD
75997,도요타,아이고,1.0,가솔린,9000,2017,회색,서울,1690,2WD
76055,도요타,MR-S,SPYDER,가솔린,229000,2000,회색,서울,800,2WD
76094,도요타,아발론,2.5 하이브리드,가솔린+전기,38000,2019,회색,경기,3299,2WD
76130,도요타,캠리,2.5 XLE,가솔린,79695,2012,회색,서울,910,2WD
76347,도요타,시에나,3.5 ,가솔린,147662,2016,회색,경기,2099,AWD
76418,도요타,시에나,2.7,가솔린,74000,2012,회색,서울,1370,2WD
76426,도요타,시에나,3.5 ,가솔린,59000,2018,회색,부산,3350,AWD
76493,도요타,아발론,리미티드,가솔린,102213,2015,회색,경남,1610,2WD
76512,도요타,86,2.0,가솔린,5303,2017,회색,서울,2840,2WD
76673,도요타,bB,1.5 ,가솔린,116100,2001,회색,경기,700,4WD
76677,도요타,시에나,3.5 ,가솔린,109053,2014,회색,경기,1950,AWD
76678,도요타,시에나,3.5 ,가솔린,109053,2014,회색,경기,1950,AWD
76750,도요타,시에나,3.5,가솔린,196200,2004,기타,경기,640,2WD
76752,도요타,파쏘,1.0 X,가솔린,120000,2005,기타,경기,250,2WD
76871,도요타,프리우스,1.5,가솔린+전기,8972,2020,흰색,경기,2020,2WD
76919,도요타,캠리,2.5 XLE 하이브리드,가솔린+전기,45848,2019,흰색,경기,3150,2WD
76927,도요타,RAV4,2.5 ,가솔린,117808,2011,흰색,서울,1070,4WD
76948,도요타,시에나,3.5 ,가솔린,71415,2017,흰색,경기,2450,AWD
77097,도요타,프리우스,1.8 E,가솔린+전기,125099,2015,흰색,경기,1150,2WD
77158,도요타,시에나,3.5,가솔린,131000,2014,흰색,경북,1500,2WD
77169,도요타,프리우스,1.8 E,가솔린+전기,39697,2018,흰색,경기,2030,2WD
77170,도요타,프리우스,1.8 E,가솔린+전기,39697,2018,흰색,경기,2030,2WD
77222,도요타,프리우스,1.8 E,가솔린+전기,21027,2018,흰색,경기,2230,2WD
77285,도요타,프리우스,1.5,가솔린+전기,46700,2019,흰색,서울,1700,2WD
77313,도요타,프리우스,1.5,가솔린+전기,37000,2018,기타,서울,1550,2WD
77440,도요타,86,2.0,가솔린,55197,2013,기타,경기,1630,2WD
77502,도요타,프리우스,1.8 E,가솔린+전기,29700,2019,기타,경기,2290,2WD
77639,도요타,프리우스,1.8 E,가솔린+전기,107000,2016,기타,부산,1590,2WD
77718,도요타,아발론,리미티드,가솔린,109000,2013,기타,충남,1450,2WD
77821,도요타,프리우스,1.5,가솔린+전기,64072,2018,기타,서울,1420,2WD
77911,도요타,툰드라,4.7,가솔린,322106,2001,기타,인천,990,2WD
77993,도요타,캠리,2.5 XLE 하이브리드,가솔린+전기,18636,2019,기타,부산,2950,2WD
78118,도요타,WiLL,CYPHA,가솔린,143103,2004,기타,충남,295,2WD
78150,도요타,셀리카,GT-S 2DR Liftback,가솔린,226612,2000,기타,경기,750,2WD
78255,도요타,RAV4,2.5 ,가솔린,139703,2011,회색,서울,950,4WD
78311,도요타,프리우스,1.8 E,가솔린+LPG,130792,2012,회색,대구,790,2WD
78357,도요타,캠리,2.5 XLE 하이브리드,가솔린+전기,17079,2019,회색,경기,3270,2WD
78632,도요타,캠리,2.5 XLE,가솔린,27786,2017,회색,경기,9999,2WD
78657,도요타,캠리,2.5 XLE,가솔린,27786,2017,회색,경기,9999,2WD
78741,도요타,캠리,2.5 XLE 하이브리드,가솔린+전기,29000,2018,회색,경기,2630,2WD
78846,도요타,캠리,2.5 XLE,가솔린,35307,2015,회색,경기,1520,2WD
78870,도요타,캠리,2.5 XLE,가솔린,35307,2015,회색,경기,1520,2WD
78992,도요타,캠리,XLE,가솔린,16020,2011,회색,서울,1150,2WD
79064,도요타,캠리,2.5 XLE,가솔린,50486,2014,회색,대구,1150,2WD
79070,도요타,시에나,3.5 ,가솔린,92700,2015,회색,대구,2250,AWD
79369,도요타,캠리,하이브리드,가솔린+전기,186424,2007,회색,경기,499,2WD
79446,도요타,캠리,2.5,가솔린,35911,2018,회색,경기,2590,2WD
79456,도요타,캠리,2.5,가솔린,35911,2018,회색,경기,2590,2WD
79500,도요타,프리우스,1.8 E,가솔린+전기,43019,2016,회색,경기,1750,2WD
79533,도요타,프리우스,1.8 E,가솔린+전기,74000,2018,회색,대구,1750,2WD
79553,도요타,시에나,3.5 ,가솔린,43386,2015,회색,경기,2500,AWD
79573,도요타,캠리,하이브리드 XLE,가솔린+전기,132666,2013,회색,대구,1290,2WD
79978,도요타,프리우스,1.8 E,가솔린+전기,42276,2018,회색,부산,2070,2WD
80004,도요타,프리우스,1.8 E,가솔린+전기,42276,2018,회색,부산,2070,2WD
80006,도요타,캠리,2.5 XLE 하이브리드,가솔린+전기,1394,2021,회색,부산,3560,2WD
80123,도요타,프리우스,1.8,가솔린+전기,127000,2013,회색,경기,970,2WD
80328,도요타,캠리,2.5 XLE,가솔린,113855,2014,회색,대구,870,2WD
80386,도요타,캠리,하이브리드,가솔린+전기,146931,2011,회색,경기,749,2WD
80412,도요타,RAV4,2.5 ,가솔린,97507,2010,회색,경기,980,2WD
80437,도요타,프리우스,1.8 E,가솔린+전기,106385,2010,회색,경기,650,2WD
80580,도요타,시에나,3.5 ,가솔린,41848,2016,회색,경기,2699,AWD
80669,도요타,시에나,2.7,가솔린,101393,2012,회색,경기,1650,2WD
80696,도요타,아발론,리미티드,가솔린,41299,2017,회색,대구,2330,2WD
80733,도요타,캠리,하이브리드,가솔린+전기,160768,2009,회색,인천,450,2WD
80790,도요타,프리우스,1.8 E,가솔린+전기,133841,2013,회색,경기,899,2WD
80794,도요타,RAV4,2.5 ,가솔린,42550,2016,회색,경기,2019,2WD
80829,도요타,캠리,하이브리드 XLE,가솔린+전기,139393,2012,회색,경기,779,2WD
80836,도요타,벤자,3.5,가솔린,110668,2011,회색,경기,970,2WD
80892,도요타,캠리,2.5,가솔린,35289,2018,회색,경기,2490,2WD
80897,도요타,캠리,2.5,가솔린,35289,2018,회색,경기,2490,2WD
80960,도요타,프리우스,1.8 E,가솔린+전기,17250,2018,회색,경기,2030,2WD
80999,도요타,프리우스,1.8 M,가솔린+전기,106000,2011,회색,서울,899,2WD
81004,도요타,아발론,2.5 하이브리드,가솔린+전기,15945,2019,회색,울산,3390,2WD
81169,도요타,프리우스,1.8,가솔린+전기,12321,2020,회색,서울,2550,2WD
81295,도요타,RAV4,2.5  하이브리드,가솔린+전기,39884,2016,회색,경기,2230,4WD
81493,도요타,캠리,XLE,가솔린,46800,2011,회색,전북,790,2WD
81639,도요타,프리우스,1.8 E,가솔린+전기,162384,2012,회색,대전,620,2WD
81784,도요타,벤자,3.5,가솔린,60232,2013,회색,서울,1680,2WD
81834,도요타,캠리,2.5 XLE,가솔린,36988,2015,회색,경기,1490,2WD
81947,도요타,타코마,2.7,가솔린,280000,2002,회색,서울,1250,2WD
82036,도요타,시에나,3.5,가솔린,240000,2007,회색,서울,780,2WD
82065,도요타,시에나,3.5 ,가솔린,107963,2014,회색,경기,1780,AWD
82069,도요타,시에나,3.5 ,가솔린,107963,2014,회색,경기,1780,AWD
82076,도요타,아발론,2.5 하이브리드,가솔린+전기,12984,2019,회색,경기,3420,2WD
82086,도요타,캠리,하이브리드 XLE,가솔린+전기,40272,2016,회색,경기,2100,2WD
82088,도요타,캠리,하이브리드 XLE,가솔린+전기,40272,2016,회색,경기,2100,2WD
82107,도요타,시에나,3.5 ,가솔린,73767,2018,회색,경기,2999,AWD
82268,도요타,프리우스,1.8 E,가솔린+전기,146873,2017,회색,경기,1500,2WD
82402,도요타,시에나,3.5,가솔린,135779,2013,회색,대전,1350,2WD
82419,도요타,시에나,3.5 ,가솔린,127472,2011,회색,경기,1599,AWD
82547,도요타,RAV4,2.5 ,가솔린,10777,2019,회색,부산,2900,2WD
82748,도요타,수프라,TURBO 2Dr Liftback,가솔린,160000,1995,기타,경기,6500,2WD
82823,도요타,캠리,하이브리드 XLE,가솔린+전기,115243,2015,흰색,경기,1560,2WD
82839,도요타,시에나,3.5 ,가솔린,28310,2017,흰색,경기,3420,AWD
82966,도요타,캠리,하이브리드 XLE,가솔린+전기,115243,2015,흰색,경기,1560,2WD
83137,도요타,86,2.0,가솔린,62785,2016,흰색,대구,2490,2WD
83189,도요타,RAV4,2.5  하이브리드,가솔린+전기,85643,2017,흰색,경기,2570,4WD
83200,도요타,캠리,2.5 XLE 하이브리드,가솔린+전기,34474,2018,흰색,경기,2890,2WD
83269,도요타,RAV4,2.5  하이브리드,가솔린+전기,85643,2017,흰색,경기,2570,4WD
83289,도요타,캠리,2.5 XLE 하이브리드,가솔린+전기,34474,2018,흰색,경기,2890,2WD
83295,도요타,캠리,하이브리드 XLE,가솔린+전기,27632,2017,흰색,서울,2130,2WD
83428,도요타,시에나,3.5 ,가솔린,67935,2014,흰색,경기,2420,AWD
83472,도요타,시에나,3.5 ,가솔린,59892,2016,흰색,광주,2560,AWD
83501,도요타,시에나,3.5 ,가솔린,67935,2014,흰색,경기,2420,AWD
83533,도요타,캠리,2.5 XLE,가솔린,94547,2014,흰색,부산,1050,2WD
83607,도요타,시에나,3.5 ,가솔린,59892,2016,흰색,광주,2560,AWD
83632,도요타,캠리,2.5 XLE,가솔린,94547,2014,흰색,부산,1050,2WD
83764,도요타,시에나,3.5 ,가솔린,53340,2017,흰색,경기,2590,AWD
83813,도요타,RAV4,2.5 ,가솔린,43326,2012,흰색,경기,1020,2WD
83932,도요타,툰드라,5.7,가솔린,48639,2012,흰색,경기,3590,2WD
84091,도요타,툰드라,5.7,가솔린,48639,2012,흰색,경기,3590,2WD
84204,도요타,프리우스,1.8 E,가솔린+전기,107962,2013,흰색,경기,1090,2WD
84220,도요타,캠리,2.5 XLE,가솔린,45367,2016,흰색,경기,1730,2WD
84230,도요타,시에나,3.5,가솔린,74008,2014,흰색,경기,2090,2WD
84317,도요타,시에나,3.5,가솔린,74008,2014,흰색,경기,2090,2WD
84351,도요타,캠리,2.5 XLE,가솔린,45367,2016,흰색,경기,1730,2WD
84371,도요타,벤자,3.5,가솔린,90083,2013,흰색,경기,1480,2WD
84428,도요타,벤자,3.5,가솔린,90083,2013,흰색,경기,1480,2WD
84477,도요타,캠리,2.5 XLE 하이브리드,가솔린+전기,35255,2019,흰색,부산,3180,2WD
84588,도요타,캠리,2.5 XLE 하이브리드,가솔린+전기,35255,2019,흰색,부산,3180,2WD
84750,도요타,프리우스,1.8,가솔린+전기,123072,2017,흰색,경기,2390,2WD
84821,도요타,캠리,2.5 XLE 하이브리드,가솔린+전기,57490,2018,흰색,서울,2880,2WD
84894,도요타,시에나,3.5 ,가솔린,16800,2016,흰색,대구,3170,AWD
84960,도요타,수프라,GR 3.0,가솔린,16473,2020,흰색,경기,6300,2WD
85063,도요타,수프라,GR 3.0,가솔린,16473,2020,흰색,경기,6300,2WD
85079,도요타,프리우스,1.5,가솔린+전기,56893,2018,흰색,경기,1440,2WD
85103,도요타,프리우스,1.8,가솔린+전기,198235,2012,흰색,경기,660,2WD
85149,도요타,프리우스,1.8,가솔린+전기,23940,2019,흰색,서울,2390,2WD
85179,도요타,시에나,3.5 ,가솔린,45799,2017,흰색,경기,3050,AWD
85283,도요타,캠리,2.5 XLE,가솔린,50000,2016,흰색,경기,1590,2WD
85319,도요타,캠리,2.5 XLE,가솔린,101824,2014,흰색,전북,1050,2WD
85361,도요타,프리우스,1.8 E,가솔린+전기,89178,2014,흰색,충남,1120,2WD
85390,도요타,RAV4,2.5  하이브리드,가솔린+전기,96432,2017,흰색,경기,2280,4WD
85786,도요타,캠리,하이브리드 LE,가솔린+전기,103917,2016,흰색,경기,1630,2WD
85870,도요타,캠리,2.5 XLE 하이브리드,가솔린+전기,9186,2021,흰색,서울,3480,2WD
85904,도요타,프리우스,1.8 E,가솔린+전기,90056,2012,흰색,대전,840,2WD
85926,도요타,RAV4,2.5  하이브리드,가솔린+전기,66034,2017,흰색,인천,2330,4WD
86019,도요타,시에나,3.5,가솔린,86390,2015,흰색,서울,2199,2WD
86033,도요타,프리우스,1.8 E,가솔린+전기,64834,2018,흰색,경기,1750,2WD
86199,도요타,RAV4,2.5  하이브리드,가솔린+전기,27757,2020,흰색,경기,3820,4WD
86239,도요타,RAV4,2.5  하이브리드,가솔린+전기,7700,2021,흰색,서울,4299,4WD
86284,도요타,86,2.0,가솔린,72589,2016,흰색,경기,2570,2WD
86351,도요타,프리우스,1.5,가솔린+전기,38400,2018,흰색,부산,1690,2WD
86379,도요타,86,2.0,가솔린,72589,2016,흰색,경기,2570,2WD
86381,도요타,캠리,2.5 XLE 하이브리드,가솔린+전기,33877,2019,흰색,경기,3150,2WD
86401,도요타,시에나,3.5 ,가솔린,21945,2017,흰색,경기,3070,AWD
86505,도요타,시에나,3.5 ,가솔린,21945,2017,흰색,경기,3070,AWD
86630,도요타,타코마,3.5,가솔린,64050,2017,흰색,경기,4300,2WD
86800,도요타,캠리,2.5 XLE 하이브리드,가솔린+전기,16837,2019,흰색,서울,3260,2WD
86846,도요타,캠리,XLE,가솔린,82284,2010,흰색,경기,650,2WD
86917,도요타,캠리,2.5 XLE,가솔린,57467,2013,흰색,경기,1050,2WD
87088,도요타,프리우스,1.5,가솔린+전기,67029,2018,흰색,경기,1550,2WD
87091,도요타,캠리,2.5 XLE,가솔린,68764,2014,흰색,경기,1120,2WD
87102,도요타,시에나,3.5 ,가솔린,45109,2017,흰색,서울,3250,AWD
87122,도요타,캠리,2.5 XLE 하이브리드,가솔린+전기,30855,2018,흰색,경기,2999,2WD
87167,도요타,캠리,2.5 XLE,가솔린,111308,2015,흰색,경기,1250,2WD
87169,도요타,캠리,2.5 XLE,가솔린,111300,2015,흰색,경기,1250,2WD
87176,도요타,프리우스,1.5,가솔린+전기,67029,2018,흰색,경기,1550,2WD
87177,도요타,캠리,2.5 XLE,가솔린,68764,2014,흰색,경기,1120,2WD
87235,도요타,시에나,3.5 ,가솔린,45109,2017,흰색,서울,3250,AWD
87308,도요타,프리우스,1.8,가솔린+전기,23752,2019,흰색,경기,2450,2WD
87310,도요타,프리우스,1.5,가솔린+전기,23339,2018,흰색,경기,1770,2WD
87420,도요타,시에나,3.5 ,가솔린,159931,2014,흰색,인천,1290,AWD
87426,도요타,프리우스,1.8,가솔린+전기,27498,2019,흰색,경기,2480,2WD
87468,도요타,프리우스,1.8 E,가솔린+전기,135935,2012,흰색,경기,950,2WD
87571,도요타,프리우스,1.8 E,가솔린+전기,27077,2017,흰색,경기,2099,2WD
87583,도요타,캠리,2.5 XLE 하이브리드,가솔린+전기,44991,2018,흰색,경기,2430,2WD
87638,도요타,시에나,3.5 ,가솔린,44630,2015,흰색,경기,2550,AWD
87740,도요타,시에나,3.5 ,가솔린,44630,2015,흰색,경기,2550,AWD
87741,도요타,시에나,3.5 ,가솔린,76074,2016,흰색,경기,2500,AWD
87791,도요타,RAV4,2.5  하이브리드,가솔린+전기,33861,2020,흰색,서울,4099,4WD
87966,도요타,RAV4,2.5  하이브리드,가솔린+전기,47456,2018,흰색,경기,2550,4WD
88099,도요타,프리우스,1.8 E,가솔린+전기,84500,2012,흰색,인천,899,2WD
88122,도요타,프리우스,1.8 E,가솔린+전기,107293,2017,흰색,경기,1620,2WD
88208,도요타,시에나,3.5 ,가솔린,135329,2017,흰색,경기,2099,AWD
88295,도요타,벤자,2.7,가솔린,52000,2013,흰색,서울,1550,2WD
88443,도요타,RAV4,2.5  하이브리드,가솔린+전기,49613,2018,흰색,경기,2730,4WD
88452,도요타,프리우스,1.8 E,가솔린+전기,110647,2015,흰색,경기,1180,2WD
88569,도요타,캠리,2.5 XLE 하이브리드,가솔린+전기,95851,2018,흰색,경기,2350,2WD
88752,도요타,프리우스,1.8 E,가솔린+전기,62394,2015,흰색,인천,1100,2WD
88870,도요타,캠리,하이브리드 XLE,가솔린+전기,118446,2013,흰색,부산,1250,2WD
89062,도요타,86,2.0,가솔린,1737,2020,흰색,서울,4000,2WD
89126,도요타,RAV4,2.5 ,가솔린,138242,2014,흰색,경기,1270,2WD
89200,도요타,프리우스,1.8 E,가솔린+전기,49034,2018,흰색,경기,1880,2WD
89216,도요타,4Runner,V6  LIMITED,가솔린,83000,2015,흰색,경기,4200,4WD
89239,도요타,프리우스,1.8,가솔린+전기,60000,2015,흰색,인천,1100,2WD
89270,도요타,프리우스,1.8,가솔린+전기,13523,2019,흰색,부산,2550,2WD
89301,도요타,RAV4,2.5 ,가솔린,16715,2019,흰색,경기,2950,2WD
89302,도요타,캠리,2.5 XLE 하이브리드,가솔린+전기,37663,2018,흰색,경기,2850,2WD
89354,도요타,RAV4,2.5 ,가솔린,139957,2013,흰색,경기,1350,4WD
89356,도요타,프리우스,1.8 S,가솔린+전기,79559,2017,흰색,경기,2060,2WD
89389,도요타,프리우스,1.8 E,가솔린+전기,111130,2017,흰색,경기,1610,2WD
89439,도요타,프리우스,1.5 크로스오버,가솔린+전기,1921,2021,흰색,부산,2090,2WD
89503,도요타,프리우스,1.5 크로스오버,가솔린+전기,1921,2021,흰색,부산,2090,2WD
89545,도요타,캠리,2.5 XLE,가솔린,60248,2014,흰색,경기,1270,2WD
89582,도요타,프리우스,1.8 E,가솔린+전기,55601,2018,흰색,경기,1990,2WD
89634,도요타,캠리,하이브리드 XLE,가솔린+전기,152619,2014,흰색,부산,1130,2WD
89700,도요타,시에나,3.5 ,가솔린,101000,2014,흰색,충남,1839,AWD
89714,도요타,캠리,2.5 XLE,가솔린,40447,2017,흰색,대구,1850,2WD
89811,도요타,RAV4,2.5  하이브리드,가솔린+전기,109717,2017,흰색,대구,2250,4WD
89843,도요타,RAV4,2.5  하이브리드,가솔린+전기,27940,2018,흰색,경기,2750,4WD
89887,도요타,프리우스,1.8 E,가솔린+전기,6866,2018,흰색,서울,2099,2WD
89922,도요타,알테자,AS200,가솔린,190000,2002,흰색,전북,580,2WD
89945,도요타,하이랜더,리미티드,가솔린,159000,2002,흰색,서울,860,2WD
90026,도요타,RAV4,2.5  하이브리드,가솔린+전기,88101,2018,흰색,인천,2190,4WD
90129,도요타,bB,1.5 ZQ ,가솔린,138900,2006,흰색,경기,440,2WD
90227,도요타,프리우스,1.8,가솔린+전기,55986,2017,흰색,경기,2899,2WD
90337,도요타,프리우스,1.8 E,가솔린+전기,88430,2015,흰색,경기,1290,2WD
90387,도요타,프리우스,1.8,가솔린+전기,131743,2011,흰색,경기,799,2WD
90390,도요타,캠리,하이브리드 XLE,가솔린+전기,83080,2014,흰색,경기,1499,2WD
90393,도요타,RAV4,2.5  하이브리드,가솔린+전기,97769,2017,흰색,경기,2420,4WD
90464,도요타,프리우스,1.8 E,가솔린+전기,124777,2017,흰색,서울,1560,2WD
90470,도요타,프리우스,1.8 E,가솔린+전기,124777,2017,흰색,서울,1560,2WD
90566,도요타,캠리,하이브리드 XLE,가솔린+전기,91516,2015,흰색,부산,1450,2WD
90634,도요타,캠리,2.5 XLE,가솔린,84060,2012,흰색,경기,950,2WD
90652,도요타,RAV4,2.5 ,가솔린,115000,2014,흰색,경기,899,2WD
90662,도요타,프리우스,1.8,가솔린+전기,7417,2020,흰색,경기,2590,2WD
90663,도요타,캠리,2.5 XLE 하이브리드,가솔린+전기,68231,2019,흰색,경기,2720,2WD
90814,도요타,캠리,2.5 XLE,가솔린,71951,2015,흰색,경기,1390,2WD
90836,도요타,프리우스,1.8 E,가솔린+전기,45324,2015,흰색,서울,1490,2WD
91003,도요타,시에나,3.5 ,가솔린,175309,2012,흰색,인천,1250,AWD
91021,도요타,RAV4,2.5  하이브리드,가솔린+전기,31327,2017,흰색,경기,2690,4WD
91028,도요타,프리우스,1.8 E,가솔린+전기,77005,2018,흰색,경기,1850,2WD
91033,도요타,시에나,3.5,가솔린,36725,2017,흰색,경기,2870,2WD
91039,도요타,캠리,2.5 XLE,가솔린,30585,2015,흰색,대구,1590,2WD
91092,도요타,캠리,2.5 XLE 하이브리드,가솔린+전기,51723,2019,흰색,경기,2399,2WD
91452,도요타,프리우스,1.8 E,가솔린+전기,115295,2016,흰색,경기,1429,2WD
91453,도요타,시에나,3.5 ,가솔린,91266,2017,흰색,인천,2260,AWD
91455,도요타,86,2.0,가솔린,47500,2016,흰색,서울,3200,2WD
91744,도요타,캠리,2.5 XLE,가솔린,54615,2015,흰색,전북,1540,2WD
91778,도요타,캠리,하이브리드 XLE,가솔린+전기,29573,2017,흰색,경기,1980,2WD
91994,도요타,RAV4,2.5  하이브리드,가솔린+전기,340,2021,흰색,경기,3799,2WD
92157,도요타,툰드라,5.7,가솔린,60437,2017,흰색,대구,6699,2WD
92590,도요타,캠리,2.5 XLE,가솔린,71792,2014,흰색,경기,980,2WD
92607,도요타,하이에이스,2.7,가솔린,200000,2009,흰색,경기,2990,2WD
92634,도요타,프리우스,1.8,가솔린+전기,13523,2019,흰색,부산,44,2WD
92677,도요타,시에나,3.5,가솔린,59749,2016,흰색,부산,2499,2WD
92799,도요타,RAV4,2.5 ,가솔린,124386,2014,흰색,경기,1250,2WD
93105,도요타,시에나,3.5,가솔린,125466,2013,흰색,경기,1330,2WD
93335,도요타,프리우스,1.8 E,가솔린+전기,48058,2018,흰색,경기,1820,2WD
93447,도요타,프리우스,1.8 E,가솔린+전기,30127,2018,흰색,경기,2099,2WD
93540,도요타,프리우스,1.8,가솔린+전기,10386,2019,흰색,경기,3350,2WD
93823,도요타,WiLL,Vi,가솔린,202864,2000,흰색,인천,360,2WD
94016,도요타,시에나,3.5 ,가솔린,67271,2017,흰색,대전,2690,AWD
94146,도요타,시에나,3.5 ,가솔린,91396,2014,흰색,경기,1750,AWD
94169,도요타,86,2.0,가솔린,44144,2017,흰색,대구,2700,2WD
94331,도요타,프리우스,1.8,가솔린+전기,57897,2017,흰색,서울,2410,2WD
94359,도요타,아발론,리미티드,가솔린,57243,2018,흰색,서울,2330,2WD
94530,도요타,수프라,GR 3.0,가솔린,1500,2020,흰색,서울,6800,2WD
