,brand,name,info,type,km,year,color,location,price,wd
62201,람보르기니,우라칸,에보 5.2 스파이더,가솔린,5445,2020,검정색,경기,39500,2WD
62629,람보르기니,우라칸,LP580-2,가솔린,29263,2017,검정색,충북,22800,2WD
65183,람보르기니,우라칸,LP640-4 퍼포만테,가솔린,16407,2019,검정색,서울,27800,2WD
66933,람보르기니,가야르도,5.0 V10 쿠페,가솔린,31900,2006,검정색,서울,8300,2WD
67693,람보르기니,우루스,4.0 V8,가솔린,19000,2019,검정색,서울,32000,2WD
68360,람보르기니,우라칸,에보 5.2 RWD 스파이더,가솔린,5591,2020,검정색,경기,262,2WD
68525,람보르기니,우라칸,에보 5.2 RWD,가솔린,6776,2020,검정색,경기,28600,2WD
68624,람보르기니,우라칸,에보 5.2 스파이더,가솔린,9941,2020,검정색,서울,36800,2WD
68790,람보르기니,가야르도,5.0 V10 쿠페,가솔린,36974,2008,검정색,서울,7990,2WD
68837,람보르기니,우라칸,LP610-4,가솔린,9207,2015,검정색,서울,24900,2WD
68873,람보르기니,아벤타도르,S LP740-4,가솔린,5800,2018,검정색,서울,42700,2WD
69031,람보르기니,우라칸,에보 5.2 RWD 스파이더,가솔린,5500,2020,검정색,서울,35000,2WD
69271,람보르기니,가야르도,5.0 V10 쿠페,가솔린,58000,2006,검정색,부산,12000,2WD
69874,람보르기니,가야르도,LP560-4,가솔린,61300,2009,기타,경기,11200,2WD
71958,람보르기니,우루스,4.0 V8,가솔린,9600,2020,기타,서울,33000,2WD
71966,람보르기니,우라칸,LP640-4 퍼포만테,가솔린,11800,2018,기타,광주,31500,2WD
72313,람보르기니,가야르도,LP570-4 슈퍼레제라,가솔린,42697,2011,기타,서울,14800,2WD
72431,람보르기니,아벤타도르,LP700-4,가솔린,21000,2015,기타,서울,34900,2WD
72438,람보르기니,아벤타도르,LP700-4,가솔린,30500,2012,기타,서울,26900,2WD
73802,람보르기니,우라칸,에보 5.2,가솔린,8000,2020,회색,서울,34800,2WD
76466,람보르기니,아벤타도르,LP700-4,가솔린,22000,2016,회색,경기,43000,2WD
76697,람보르기니,우라칸,LP610-4 스파이더,가솔린,9323,2017,기타,서울,31500,2WD
76713,람보르기니,우라칸,LP640-4 스파이더 퍼포만테,가솔린,21400,2019,기타,경기,37000,2WD
77461,람보르기니,우라칸,에보 5.2 스파이더,가솔린,5700,2020,기타,서울,41500,2WD
77555,람보르기니,우라칸,LP580-2,가솔린,36500,2016,기타,대전,21000,2WD
77754,람보르기니,우루스,4.0 V8,가솔린,21701,2020,기타,경기,33500,2WD
77954,람보르기니,아벤타도르,S LP740-4,가솔린,2259,2019,기타,서울,44000,2WD
78041,람보르기니,아벤타도르,LP750-4 슈퍼벨로체 로드스터,가솔린,10150,2017,기타,서울,56500,2WD
78048,람보르기니,아벤타도르,S LP740-4,가솔린,6500,2018,기타,경기,49000,2WD
78142,람보르기니,가야르도,LP570-4 슈퍼 트로페오 스트라달레,가솔린,17000,2012,기타,서울,18800,2WD
82717,람보르기니,아벤타도르,S LP740-4,가솔린,8978,2017,기타,서울,44000,2WD
82803,람보르기니,가야르도,LP550-2 트리콜로레,가솔린,47800,2012,흰색,경기,12500,2WD
83406,람보르기니,우루스,4.0 V8,가솔린,27046,2020,흰색,대구,99000,2WD
83515,람보르기니,우루스,4.0 V8,가솔린,27046,2020,흰색,대구,99000,2WD
88651,람보르기니,우라칸,LP610-4 스파이더,가솔린,17000,2017,흰색,경기,28500,2WD
88653,람보르기니,아벤타도르,S LP740-4,가솔린,4700,2018,흰색,경기,50000,2WD
90071,람보르기니,우라칸,에보 5.2 스파이더,가솔린,4680,2021,흰색,경기,43000,2WD
90714,람보르기니,우루스,4.0 V8,가솔린,8500,2019,흰색,경기,30500,2WD
90799,람보르기니,우루스,4.0 V8,가솔린,850,2020,흰색,경기,37000,2WD
91225,람보르기니,아벤타도르,LP700-4,가솔린,40646,2015,흰색,경기,33000,2WD
91504,람보르기니,우라칸,LP640-4 스파이더 퍼포만테,가솔린,26000,2018,흰색,경기,34500,2WD
91515,람보르기니,우라칸,에보 5.2,가솔린,1953,2020,흰색,경기,34000,2WD
91623,람보르기니,우루스,4.0 V8,가솔린,290,2021,흰색,경기,42000,2WD
92577,람보르기니,가야르도,LP570-4 슈퍼레제라,가솔린,85888,2011,흰색,경기,12850,2WD
92989,람보르기니,가야르도,5.0 V10 스파이더,가솔린,40951,2007,흰색,경기,8900,2WD
94349,람보르기니,우라칸,에보 5.2,가솔린,1700,2020,흰색,경기,31500,2WD
