,brand,name,info,type,km,year,color,location,price,wd
61998,렉서스,S3,이그제큐티브,가솔린+전기,13359,2021,검정색,대구,5550,2WD
62015,렉서스,LS,5인승,가솔린+전기,148600,2012,검정색,경기,2050,2WD
62138,렉서스,500,3.5 슈프림,가솔린,31945,2018,검정색,서울,6850,2WD
62186,렉서스,LS,5인승,가솔린,170729,2015,검정색,경기,2730,2WD
62189,렉서스,500,3.5 플래티넘 ,가솔린+전기,58322,2018,검정색,경기,8350,AWD
62210,렉서스,S3,슈프림,가솔린+전기,115779,2014,검정색,경기,1650,2WD
62236,렉서스,500,3.5 플래티넘 ,가솔린,47739,2018,검정색,대구,7790,AWD
62237,렉서스,S3,이그제큐티브,가솔린+전기,10972,2021,검정색,대구,5580,2WD
62273,렉서스,500,3.5 플래티넘 ,가솔린+전기,58322,2018,검정색,경기,8350,AWD
62313,렉서스,X3,슈프림,가솔린+전기,45606,2018,검정색,서울,3950,2WD
62352,렉서스,S3,프리미엄,가솔린+전기,139619,2014,검정색,경기,1720,2WD
62355,렉서스,500,3.5 럭셔리 ,가솔린,42356,2018,검정색,인천,7150,AWD
62487,렉서스,LX,570,가솔린,11100,2019,검정색,부산,18500,2WD
62649,렉서스,X4,이그제큐티브,가솔린+전기,74133,2017,검정색,서울,4890,2WD
62652,렉서스,X4,이그제큐티브,가솔린+전기,53160,2018,검정색,경기,5730,2WD
62679,렉서스,S3,슈프림,가솔린+전기,118121,2018,검정색,경기,2900,2WD
62708,렉서스,X4,이그제큐티브,가솔린+전기,74133,2017,검정색,서울,4890,2WD
62712,렉서스,X4,이그제큐티브,가솔린+전기,53160,2018,검정색,경기,5730,2WD
62725,렉서스,S3,슈페리어,가솔린,122400,2010,검정색,서울,820,2WD
62739,렉서스,S3,슈프림,가솔린+전기,118121,2018,검정색,경기,2900,2WD
62893,렉서스,X4,F-Sport,가솔린+전기,30934,2016,검정색,경기,4980,2WD
62946,렉서스,LS,5인승,가솔린+전기,191455,2012,검정색,경기,1990,2WD
62967,렉서스,X4,F-Sport,가솔린+전기,30934,2016,검정색,경기,4980,2WD
62978,렉서스,X3,이그제큐티브,가솔린+전기,52973,2019,검정색,광주,4350,2WD
62988,렉서스,S3,슈프림,가솔린+전기,76720,2016,검정색,대구,2790,2WD
63025,렉서스,500,3.5 플래티넘 ,가솔린+전기,69664,2018,검정색,서울,7690,AWD
63200,렉서스,500,3.5 럭셔리 ,가솔린,44333,2019,검정색,서울,7700,AWD
63302,렉서스,500,3.5 럭셔리 ,가솔린,133917,2018,검정색,경기,5850,AWD
63362,렉서스,500,3.5 럭셔리 ,가솔린,133917,2018,검정색,경기,5850,AWD
63371,렉서스,LS,5인승,가솔린,160000,2012,검정색,경기,1299,2WD
63401,렉서스,S3,프리미엄,가솔린+전기,110000,2017,검정색,인천,2630,2WD
63458,렉서스,X4,이그제큐티브,가솔린+전기,121477,2016,검정색,인천,4130,2WD
63504,렉서스,LS,5인승,가솔린,197421,2013,검정색,경기,2190,2WD
63589,렉서스,X3,슈프림,가솔린+전기,43292,2019,검정색,경기,3990,2WD
63701,렉서스,500,3.5 럭셔리 ,가솔린,56508,2018,검정색,부산,7350,AWD
63710,렉서스,S3,슈프림,가솔린+전기,41895,2018,검정색,광주,3750,2WD
63711,렉서스,X2,2.0 F-Sport ,가솔린+전기,7978,2020,검정색,경기,4450,2WD
63760,렉서스,500,3.5 럭셔리 ,가솔린,56508,2018,검정색,부산,7350,AWD
63773,렉서스,500,3.5 럭셔리,가솔린+전기,27920,2018,검정색,대전,7700,2WD
63804,렉서스,LS,5인승,가솔린+전기,310750,2014,검정색,대구,2650,2WD
63866,렉서스,200,1.8 컴팩트 트랜디,가솔린+전기,182658,2011,검정색,경기,890,2WD
63974,렉서스,LS,4인승,가솔린,139000,2007,검정색,대구,750,2WD
63985,렉서스,500,3.5 플래티넘 ,가솔린,60016,2018,검정색,경기,7750,AWD
64003,렉서스,LS,5인승,가솔린,91750,2015,검정색,경기,3450,2WD
64043,렉서스,LS,5인승,가솔린,91750,2015,검정색,경기,3450,2WD
64090,렉서스,X4,F-Sport,가솔린+전기,56167,2017,검정색,경기,5290,2WD
64091,렉서스,500,3.5 럭셔리 ,가솔린,39358,2019,검정색,경기,7599,AWD
64094,렉서스,500,3.5 플래티넘 ,가솔린,94740,2018,검정색,경기,6890,AWD
64112,렉서스,LS,STD,가솔린,162803,2010,검정색,경기,1150,2WD
64123,렉서스,IS250,2.5 스탠다드,가솔린,164674,2011,검정색,경기,780,2WD
64139,렉서스,500,3.5 플래티넘 ,가솔린,94740,2018,검정색,경기,6890,AWD
64155,렉서스,500,3.5 럭셔리 ,가솔린,39358,2019,검정색,경기,7599,AWD
64157,렉서스,X4,F-Sport,가솔린+전기,56167,2017,검정색,경기,5290,2WD
64329,렉서스,LS,4인승,가솔린+전기,246047,2008,검정색,경기,950,2WD
64339,렉서스,S3,슈페리어,가솔린,65929,2011,검정색,경기,9999,2WD
64387,렉서스,LS,5인승,가솔린,176592,2007,검정색,인천,590,2WD
64526,렉서스,S3,슈프림,가솔린,154511,2013,검정색,경기,1230,2WD
64568,렉서스,LS,5인승,가솔린,214669,2011,검정색,대전,1190,2WD
64617,렉서스,IS250,2.5 스탠다드,가솔린,199032,2008,검정색,대구,579,2WD
64977,렉서스,S3,슈프림,가솔린+전기,26710,2018,검정색,경기,3570,2WD
65042,렉서스,IS250,2.5 프리미엄,가솔린,150044,2013,검정색,경기,1120,2WD
65116,렉서스,LS,5인승,가솔린,154426,2012,검정색,경기,1490,2WD
65167,렉서스,S3,럭셔리 플러스,가솔린+전기,19,2021,검정색,경기,5950,2WD
65188,렉서스,500,3.5 플래티넘 ,가솔린,188000,2018,검정색,대전,5990,AWD
65198,렉서스,500,3.5 럭셔리 ,가솔린,36531,2018,검정색,대구,7250,AWD
65203,렉서스,S3,슈프림,가솔린+전기,117157,2014,검정색,경기,1950,2WD
65378,렉서스,S3,스탠다드,가솔린,143678,2007,검정색,부산,470,2WD
65599,렉서스,500,3.5 플래티넘 ,가솔린,92295,2018,검정색,경기,6790,AWD
65750,렉서스,S3,이그제큐티브,가솔린+전기,7248,2021,검정색,경기,5990,2WD
65922,렉서스,500,3.5 럭셔리 ,가솔린+전기,114363,2018,검정색,부산,6360,AWD
65954,렉서스,500,3.5 럭셔리 ,가솔린+전기,114363,2018,검정색,부산,6360,AWD
65966,렉서스,LS,STD,가솔린,220000,2007,검정색,대구,792,2WD
66244,렉서스,LS,5인승,가솔린,240000,2010,검정색,경기,890,2WD
66256,렉서스,LS,슈프림,가솔린,166133,2008,검정색,경북,990,2WD
66274,렉서스,X3,이그제큐티브,가솔린,70800,2017,검정색,인천,4490,2WD
66275,렉서스,IS250,2.5 프리미엄,가솔린,168245,2008,검정색,인천,560,2WD
66302,렉서스,LS,5인승,가솔린,66803,2014,검정색,서울,3860,2WD
66487,렉서스,LS,5인승,가솔린,211521,2009,검정색,경기,730,2WD
66525,렉서스,LS,5인승,가솔린+전기,123136,2012,검정색,대전,2570,2WD
66602,렉서스,S3,슈프림,가솔린+전기,120000,2014,검정색,인천,1850,2WD
66610,렉서스,S3,럭셔리 플러스,가솔린+전기,12000,2020,검정색,서울,4250,2WD
66629,렉서스,LS,4인승,가솔린,198308,2007,검정색,경기,1450,2WD
66742,렉서스,500,3.5 플래티넘 ,가솔린+전기,75067,2018,검정색,경기,7490,AWD
66751,렉서스,500,3.5 럭셔리 ,가솔린,16000,2019,검정색,서울,7650,AWD
66755,렉서스,IS250,2.5 스탠다드,가솔린,254005,2007,검정색,대구,450,2WD
66780,렉서스,IS250,2.5,가솔린,155956,2006,검정색,경기,449,2WD
66789,렉서스,LS,5인승,가솔린,191127,2008,검정색,서울,820,2WD
66799,렉서스,LS,STD,가솔린,202016,2003,검정색,경기,569,2WD
66825,렉서스,S3,스탠다드,가솔린,105248,2010,검정색,경기,870,2WD
66868,렉서스,S4,슈프림,가솔린+전기,110679,2013,검정색,경기,2170,2WD
66903,렉서스,S4,Standard,가솔린,140000,2007,검정색,경기,750,2WD
67042,렉서스,IS250,F-Sport,가솔린,108308,2014,검정색,경기,1999,2WD
67066,렉서스,LS,5인승,가솔린,189136,2009,검정색,경기,700,2WD
67071,렉서스,S3,이그제큐티브,가솔린+전기,81911,2019,검정색,경기,4900,2WD
67152,렉서스,X3,P-Grade,가솔린,147777,2005,검정색,대전,780,2WD
67256,렉서스,LS,5인승,가솔린+전기,74701,2014,검정색,경기,4499,2WD
67346,렉서스,LS,5인승,가솔린,84234,2009,검정색,부산,1430,2WD
67393,렉서스,LS,5인승,가솔린,113835,2010,검정색,경기,1790,2WD
67542,렉서스,LS,5인승,가솔린,135052,2010,검정색,서울,1480,2WD
67623,렉서스,500,3.5 럭셔리 ,가솔린+전기,27661,2018,검정색,경기,8550,AWD
67701,렉서스,LS,5인승,가솔린,83016,2013,검정색,서울,3580,2WD
67744,렉서스,S3,프리미엄,가솔린+전기,37000,2016,검정색,충북,3190,2WD
67820,렉서스,S4,슈프림,가솔린+전기,126290,2015,검정색,경기,2650,2WD
67825,렉서스,S4,슈프림,가솔린+전기,126290,2015,검정색,경기,2650,2WD
67839,렉서스,LS,5인승,가솔린,196000,2012,검정색,경기,1180,2WD
67852,렉서스,GS250,슈프림,가솔린,191143,2013,검정색,경기,1180,2WD
68002,렉서스,500,3.5 럭셔리 ,가솔린,12937,2018,검정색,서울,7900,AWD
68082,렉서스,S3,슈프림,가솔린+전기,118028,2013,검정색,대구,1880,2WD
68131,렉서스,LS,5인승,가솔린,243319,2009,검정색,대전,899,2WD
68162,렉서스,LS,STD,가솔린,156155,2003,검정색,서울,640,2WD
68165,렉서스,LS,4인승,가솔린+전기,352825,2008,검정색,경기,699,2WD
68266,렉서스,LS,L-Grade,가솔린,140000,2002,검정색,경기,550,2WD
68267,렉서스,S3,L-Grade,가솔린,100000,2002,검정색,경기,500,2WD
68278,렉서스,S3,이그제큐티브,가솔린+전기,84515,2019,검정색,경기,4650,2WD
68280,렉서스,S3,이그제큐티브,가솔린+전기,84515,2019,검정색,경기,4650,2WD
68309,렉서스,LS,5인승,가솔린,231251,2012,검정색,경기,1500,2WD
68311,렉서스,X4,F-Sport,가솔린+전기,52000,2019,검정색,서울,6000,2WD
68462,렉서스,S3,이그제큐티브,가솔린+전기,3000,2021,검정색,서울,5850,2WD
68522,렉서스,X3,이그제큐티브,가솔린+전기,23216,2019,검정색,서울,4450,2WD
68619,렉서스,X4,이그제큐티브,가솔린+LPG,12868,2020,검정색,경기,7599,2WD
68638,렉서스,S3,슈프림,가솔린+전기,110000,2015,검정색,광주,2190,2WD
68650,렉서스,S3,프리미엄,가솔린,173976,2011,검정색,서울,650,2WD
68658,렉서스,LS,SPORT,가솔린,153233,2011,검정색,서울,1600,2WD
68665,렉서스,X3,이그제큐티브,가솔린+전기,58674,2018,검정색,경기,4150,2WD
69019,렉서스,500,3.5 플래티넘 ,가솔린+전기,12072,2020,검정색,서울,14000,AWD
69038,렉서스,LS,5인승,가솔린,114483,2016,검정색,경기,3950,2WD
69098,렉서스,LS,5인승,가솔린,132035,2015,검정색,경남,3290,2WD
69170,렉서스,S3,슈프림+,가솔린+전기,94284,2018,검정색,경기,3350,2WD
69171,렉서스,X4,이그제큐티브,가솔린+전기,38979,2020,검정색,경기,7100,2WD
69226,렉서스,LS,L-Grade,가솔린,97731,2004,검정색,경기,1200,2WD
69286,렉서스,LS,L-Grade,가솔린,236186,2005,검정색,경기,750,2WD
69404,렉서스,LS,5인승,가솔린,186774,2010,검정색,경기,980,2WD
69421,렉서스,LS,5인승,가솔린,86900,2017,검정색,부산,4750,2WD
69474,렉서스,LS,4인승,가솔린,217395,2007,검정색,서울,550,2WD
69552,렉서스,S3,슈페리어,가솔린,161481,2011,검정색,경기,780,2WD
69586,렉서스,LS,L-Grade,가솔린,97723,2004,검정색,경기,1390,2WD
69734,렉서스,500,3.5 플래티넘 ,가솔린,15922,2018,검정색,경기,8399,AWD
69800,렉서스,X4,F-Sport,가솔린+전기,78149,2018,기타,경기,5150,2WD
69812,렉서스,X4,F-Sport,가솔린+전기,78149,2018,기타,경기,5150,2WD
70545,렉서스,S3,이그제큐티브,가솔린+전기,1666,2021,기타,경기,5800,2WD
70820,렉서스,X4,이그제큐티브,가솔린+전기,16300,2020,기타,경기,7190,2WD
71193,렉서스,200,1.8 컴팩트 럭셔리,가솔린+전기,158600,2011,기타,경기,1050,2WD
71196,렉서스,IS F,5.0,가솔린,96557,2012,기타,경기,2390,2WD
71350,렉서스,RC F,5.0,가솔린,6577,2020,기타,서울,7599,2WD
71484,렉서스,IS250,2.5 프리미엄,가솔린,199552,2008,기타,대구,470,2WD
71834,렉서스,200,1.8 컴팩트 럭셔리,가솔린+전기,198940,2011,기타,충남,890,2WD
71881,렉서스,S3,럭셔리 플러스,가솔린+전기,2292,2021,기타,경기,5500,2WD
71896,렉서스,IS250,2.5 프리미엄,가솔린,199188,2007,기타,경기,779,2WD
71953,렉서스,200,1.8 슈프림,가솔린+전기,57000,2016,기타,서울,2150,2WD
72068,렉서스,500,3.5 럭셔리 ,가솔린,52389,2018,기타,경기,7300,AWD
72073,렉서스,500,3.5 럭셔리 ,가솔린,52389,2018,기타,경기,7300,AWD
72184,렉서스,200,슈프림,가솔린,50816,2016,기타,부산,3250,2WD
72222,렉서스,X4,이그제큐티브,가솔린+전기,57475,2019,기타,서울,5450,2WD
72223,렉서스,X4,이그제큐티브,가솔린+전기,57475,2019,기타,서울,5450,2WD
72240,렉서스,IS250,2.5 스탠다드,가솔린,137900,2009,기타,경기,680,2WD
72284,렉서스,S3,슈프림,가솔린+전기,80566,2017,기타,부산,2950,2WD
72303,렉서스,X4,STD,가솔린+전기,139295,2008,기타,대구,1550,2WD
72572,렉서스,S3,럭셔리 플러스,가솔린+전기,39807,2019,회색,서울,4480,2WD
72655,렉서스,200,1.8 슈프림,가솔린+전기,74796,2017,회색,광주,2120,2WD
72667,렉서스,S3,이그제큐티브,가솔린+전기,28000,2020,회색,서울,4250,2WD
72668,렉서스,S3,슈프림,가솔린,53000,2018,회색,서울,2550,2WD
72703,렉서스,200,1.8 슈프림,가솔린+전기,74796,2017,회색,광주,2120,2WD
72712,렉서스,S3,슈프림,가솔린,159043,2013,회색,부산,1280,2WD
72740,렉서스,X3,이그제큐티브,가솔린+전기,74610,2017,회색,경기,3490,2WD
72752,렉서스,X3,이그제큐티브,가솔린+전기,92389,2015,회색,서울,2990,2WD
72785,렉서스,X3,슈프림,가솔린+전기,75721,2017,회색,전북,3099,2WD
72786,렉서스,X3,이그제큐티브,가솔린+전기,74610,2017,회색,경기,3490,2WD
72901,렉서스,200,1.8 슈프림,가솔린+전기,51000,2017,회색,서울,2200,2WD
73004,렉서스,X3,슈프림,가솔린+전기,25600,2018,회색,인천,4040,2WD
73031,렉서스,X4,이그제큐티브,가솔린+전기,30650,2020,회색,경기,7000,2WD
73040,렉서스,S3,럭셔리 플러스,가솔린+전기,68155,2019,회색,대구,4590,2WD
73054,렉서스,IS250,2.5 프리미엄,가솔린,87175,2011,회색,경기,1080,2WD
73066,렉서스,X4,이그제큐티브,가솔린+전기,30650,2020,회색,경기,7000,2WD
73083,렉서스,S3,슈프림,가솔린+전기,59547,2019,회색,광주,4200,2WD
73120,렉서스,S3,이그제큐티브,가솔린+전기,75795,2019,회색,광주,4750,2WD
73174,렉서스,S3,슈프림,가솔린+전기,73000,2018,회색,대구,2890,2WD
73183,렉서스,500,3.5 럭셔리 ,가솔린+전기,51383,2018,회색,광주,7600,AWD
73214,렉서스,S3,슈프림,가솔린+전기,128446,2017,회색,경기,2650,2WD
73234,렉서스,S3,이그제큐티브,가솔린+전기,2876,2021,회색,대구,5490,2WD
73246,렉서스,S3,럭셔리 플러스,가솔린+전기,88150,2019,회색,경기,4490,2WD
73301,렉서스,S3,프리미엄,가솔린+전기,86966,2016,회색,서울,2350,2WD
73307,렉서스,X2,2.0 ,가솔린+전기,8795,2020,회색,경기,3790,2WD
73435,렉서스,X3,이그제큐티브,가솔린+전기,5050,2020,회색,경기,5350,2WD
73493,렉서스,S3,슈프림,가솔린,79168,2014,회색,대구,1590,2WD
73569,렉서스,X3,슈프림,가솔린,57424,2018,회색,인천,3260,2WD
73671,렉서스,X3,슈프림,가솔린+전기,29930,2019,회색,경기,4350,2WD
73688,렉서스,X4,이그제큐티브,가솔린+전기,46706,2019,회색,경기,5900,2WD
73692,렉서스,X3,슈프림,가솔린+전기,29930,2019,회색,경기,4350,2WD
73717,렉서스,X4,이그제큐티브,가솔린+전기,46706,2019,회색,경기,5900,2WD
73724,렉서스,200,1.8 슈프림,가솔린+전기,64284,2015,회색,경기,2000,2WD
73781,렉서스,500,3.5 플래티넘 ,가솔린,61063,2019,회색,경기,7490,AWD
73814,렉서스,X4,이그제큐티브,가솔린+전기,45063,2019,회색,경기,5960,2WD
73836,렉서스,X4,이그제큐티브,가솔린+전기,45063,2019,회색,경기,5960,2WD
73846,렉서스,X4,이그제큐티브,가솔린+전기,32443,2019,회색,서울,5030,2WD
73876,렉서스,X3,슈프림,가솔린+전기,35853,2017,회색,서울,3350,2WD
73907,렉서스,200,1.8 슈프림,가솔린+전기,29021,2016,회색,인천,2380,2WD
73915,렉서스,S3,프리미엄,가솔린+전기,68951,2015,회색,경기,2550,2WD
74070,렉서스,S3,럭셔리 플러스,가솔린+전기,38214,2019,회색,대구,4280,2WD
74081,렉서스,S3,슈프림,가솔린+전기,25471,2017,회색,경기,3450,2WD
74166,렉서스,X4,이그제큐티브,가솔린+전기,93163,2018,회색,경기,4739,2WD
74169,렉서스,X2,2.0 ,가솔린+전기,21697,2019,회색,경기,3950,AWD
74192,렉서스,X3,슈프림,가솔린+전기,85410,2017,회색,서울,3150,2WD
74199,렉서스,X2,2.0 ,가솔린+전기,21697,2019,회색,경기,3950,AWD
74201,렉서스,500,3.5 플래티넘 ,가솔린,25168,2020,회색,서울,8850,AWD
74215,렉서스,S3,슈프림,가솔린+전기,97700,2015,회색,경기,2250,2WD
74239,렉서스,S3,슈프림,가솔린+전기,97700,2015,회색,경기,2250,2WD
74241,렉서스,S3,럭셔리 플러스,가솔린+전기,12801,2021,회색,경기,5350,2WD
74260,렉서스,S3,럭셔리 플러스,가솔린+전기,12801,2021,회색,경기,5350,2WD
74388,렉서스,S3,슈프림+,가솔린+전기,84808,2018,회색,경기,3449,2WD
74395,렉서스,S3,슈프림+,가솔린+전기,84808,2018,회색,경기,3449,2WD
74489,렉서스,S3,슈프림,가솔린+전기,86666,2015,회색,경기,2340,2WD
74499,렉서스,S3,슈프림,가솔린+전기,86666,2015,회색,경기,2340,2WD
74635,렉서스,200,프리미엄,가솔린,3438,2017,회색,부산,2899,2WD
74681,렉서스,500,3.5 럭셔리 ,가솔린,69000,2018,회색,대구,6450,AWD
74758,렉서스,S3,이그제큐티브,가솔린,39012,2018,회색,대구,3490,2WD
74924,렉서스,S3,럭셔리 플러스,가솔린+전기,27649,2019,회색,경기,4250,2WD
74991,렉서스,S3,이그제큐티브,가솔린+전기,10971,2021,회색,경기,5290,2WD
75028,렉서스,IS250,2.5 프리미엄,가솔린,171000,2007,회색,경기,450,2WD
75069,렉서스,200,1.8 슈프림,가솔린+전기,44272,2018,회색,경기,2750,2WD
75082,렉서스,200,1.8 슈프림,가솔린+전기,44272,2018,회색,경기,2750,2WD
75106,렉서스,IS250,2.5 프리미엄,가솔린,127000,2010,회색,경기,490,2WD
75205,렉서스,X3,이그제큐티브,가솔린+전기,57800,2016,회색,경기,3630,2WD
75209,렉서스,S3,럭셔리 플러스,가솔린+전기,45030,2019,회색,전북,4550,2WD
75241,렉서스,200,슈프림,가솔린,44158,2017,회색,부산,2499,2WD
75243,렉서스,500,3.5 럭셔리 ,가솔린,58867,2018,회색,부산,6984,AWD
75246,렉서스,200,1.8 슈프림,가솔린+전기,17878,2017,회색,부산,2533,2WD
75247,렉서스,X3,슈프림,가솔린+전기,67000,2016,회색,부산,3183,2WD
75250,렉서스,X3,슈프림,가솔린+전기,123113,2018,회색,부산,3192,2WD
75251,렉서스,GS250,슈프림,가솔린,88826,2013,회색,부산,1393,2WD
75263,렉서스,S3,이그제큐티브,가솔린,26000,2014,회색,서울,2490,2WD
75266,렉서스,S3,슈페리어,가솔린,157000,2007,회색,경기,600,2WD
75330,렉서스,S3,슈프림,가솔린+전기,55893,2017,회색,서울,3170,2WD
75351,렉서스,X3,슈프림,가솔린+전기,27383,2017,회색,서울,3480,2WD
75424,렉서스,X3,이그제큐티브,가솔린+전기,53285,2019,회색,경기,4299,2WD
75461,렉서스,X3,이그제큐티브,가솔린+전기,146487,2015,회색,인천,2660,2WD
75472,렉서스,X3,이그제큐티브,가솔린+전기,55000,2019,회색,경기,4260,2WD
75656,렉서스,S3,슈프림+,가솔린+전기,54308,2018,회색,경기,3550,2WD
75720,렉서스,S3,럭셔리 플러스,가솔린+전기,80000,2019,회색,경기,4290,2WD
75726,렉서스,S3,이그제큐티브,가솔린+전기,42459,2019,회색,경기,4869,2WD
75841,렉서스,S3,이그제큐티브,가솔린+전기,84000,2019,회색,경기,4550,2WD
75856,렉서스,LS,5인승,가솔린,183583,2013,회색,경기,2350,2WD
75900,렉서스,S3,슈프림,가솔린+전기,54962,2016,회색,경기,3350,2WD
75904,렉서스,X3,이그제큐티브,가솔린+전기,23400,2020,회색,서울,4780,2WD
75943,렉서스,X3,이그제큐티브,가솔린+전기,49000,2019,회색,경기,4099,2WD
75955,렉서스,200,1.8 슈프림,가솔린+전기,69676,2017,회색,서울,2099,2WD
75956,렉서스,200,1.8 슈프림,가솔린+전기,69676,2017,회색,서울,2099,2WD
76005,렉서스,500,3.5 플래티넘 ,가솔린,49209,2018,회색,경기,8790,AWD
76008,렉서스,S3,슈프림,가솔린+전기,90147,2017,회색,경남,2850,2WD
76022,렉서스,S3,슈프림,가솔린+전기,37616,2014,회색,부산,2690,2WD
76023,렉서스,S3,슈프림,가솔린+전기,37616,2014,회색,부산,2690,2WD
76091,렉서스,S3,슈프림+,가솔린+전기,51000,2018,회색,경기,3599,2WD
76092,렉서스,S3,럭셔리 플러스,가솔린+전기,63396,2019,회색,경기,4480,2WD
76093,렉서스,S3,슈프림,가솔린+전기,53144,2018,회색,경기,3480,2WD
76095,렉서스,S3,럭셔리,가솔린+전기,16500,2020,회색,경남,4990,2WD
76167,렉서스,S3,슈프림,가솔린+전기,193413,2013,회색,경기,1590,2WD
76234,렉서스,X3,슈프림,가솔린+전기,93326,2017,회색,경북,3100,2WD
76245,렉서스,X2,2.0 ,가솔린+전기,31700,2019,회색,서울,3850,2WD
76308,렉서스,X3,슈프림,가솔린+전기,79503,2016,회색,경기,3000,2WD
76315,렉서스,X2,2.0 ,가솔린+전기,92118,2019,회색,경기,2850,2WD
76322,렉서스,S3,럭셔리 플러스,가솔린+전기,46000,2019,회색,부산,4390,2WD
76548,렉서스,S3,프리미엄,가솔린,92866,2010,회색,경기,940,2WD
76556,렉서스,200,1.8 슈프림,가솔린+전기,18314,2019,회색,경기,3050,2WD
76560,렉서스,S3,슈프림+,가솔린+전기,167000,2014,회색,경기,1890,2WD
76724,렉서스,S3,이그제큐티브,가솔린+전기,14191,2020,기타,서울,5450,2WD
76731,렉서스,S3,이그제큐티브,가솔린+전기,37329,2019,기타,경기,5050,2WD
76734,렉서스,200,1.8 슈프림,가솔린+전기,1310,2020,기타,경기,3450,2WD
76751,렉서스,S3,슈프림,가솔린+전기,32000,2017,기타,경기,2990,2WD
76754,렉서스,X4,이그제큐티브,가솔린+전기,101729,2018,기타,서울,4840,2WD
76757,렉서스,200,슈프림,가솔린,119049,2017,기타,경기,2670,2WD
76759,렉서스,S3,럭셔리 플러스,가솔린+전기,40868,2019,기타,부산,4350,2WD
76766,렉서스,S3,이그제큐티브,가솔린+전기,82000,2019,기타,경기,4550,2WD
76773,렉서스,S3,이그제큐티브,가솔린+전기,80586,2017,기타,경기,3199,2WD
76796,렉서스,200,L-Grade,가솔린,170842,2002,기타,경기,1150,2WD
76854,렉서스,200,1.8 슈프림,가솔린+전기,36000,2017,흰색,경남,2420,2WD
76861,렉서스,200,1.8 슈프림,가솔린+전기,38897,2018,흰색,서울,2850,2WD
76932,렉서스,S3,럭셔리 플러스,가솔린+전기,31521,2019,흰색,경기,4800,2WD
76957,렉서스,IS250,2.5 F-스포츠,가솔린,187358,2008,흰색,대구,680,2WD
76998,렉서스,X2,2.0 ,가솔린+전기,8532,2020,흰색,대구,4730,AWD
77030,렉서스,200,1.8 슈프림,가솔린+전기,42941,2016,흰색,대구,2330,2WD
77043,렉서스,S3,슈프림,가솔린+전기,55100,2017,흰색,대구,3400,2WD
77099,렉서스,S3,프리미엄,가솔린,94233,2007,흰색,부산,690,2WD
77164,렉서스,200,슈프림,가솔린,37986,2016,흰색,인천,2750,2WD
77195,렉서스,S3,이그제큐티브,가솔린+전기,22380,2019,흰색,서울,4790,2WD
77210,렉서스,S3,럭셔리,가솔린+전기,60000,2019,흰색,경기,4250,2WD
77240,렉서스,S3,이그제큐티브,가솔린+전기,21440,2021,흰색,광주,5490,2WD
77243,렉서스,200,1.8 슈프림,가솔린+전기,131068,2016,흰색,대구,1980,2WD
77290,렉서스,S3,슈프림,가솔린+전기,68725,2016,흰색,강원,3290,2WD
77360,렉서스,LC,LC500 스포츠+,가솔린,1131,2020,기타,서울,13090,2WD
77364,렉서스,200,1.8 슈프림,가솔린+전기,26967,2016,기타,경기,2320,2WD
77373,렉서스,200,1.8 슈프림,가솔린+전기,26967,2016,기타,경기,2320,2WD
77467,렉서스,GS250,슈프림,가솔린,99313,2013,기타,대구,1800,2WD
77612,렉서스,200,1.8 슈프림,가솔린+전기,68624,2017,기타,부산,2130,2WD
77740,렉서스,200,1.8 슈프림,가솔린+전기,28247,2017,기타,부산,2380,2WD
77742,렉서스,200,1.8 슈프림,가솔린+전기,28247,2017,기타,부산,2380,2WD
78011,렉서스,X2,2.0 F-Sport ,가솔린+전기,5800,2021,기타,서울,4500,2WD
78105,렉서스,LC,LC500 스포츠+,가솔린,10900,2018,기타,경기,11500,2WD
78162,렉서스,IS250,2.5 프리미엄,가솔린,223358,2008,회색,서울,450,2WD
78179,렉서스,S3,프리미엄,가솔린,112159,2009,회색,경기,670,2WD
78194,렉서스,IS250,2.5 스타일 에디션,가솔린,107839,2009,회색,서울,830,2WD
78204,렉서스,IS250,2.5 프리미엄,가솔린,82630,2008,회색,서울,850,2WD
78299,렉서스,LS,5인승,가솔린,213608,2014,회색,경기,2199,2WD
78326,렉서스,GS250,슈프림,가솔린,80000,2013,회색,전북,2050,2WD
78332,렉서스,GS250,슈프림,가솔린,76955,2013,회색,서울,1950,2WD
78347,렉서스,S3,슈페리어,가솔린,57234,2007,회색,서울,850,2WD
78348,렉서스,S3,프리미엄,가솔린,136194,2009,회색,경기,690,2WD
78366,렉서스,GS250,슈프림,가솔린,76955,2013,회색,서울,1950,2WD
78377,렉서스,S3,슈프림,가솔린+전기,38734,2016,회색,경기,3210,2WD
78380,렉서스,S3,프리미엄,가솔린,123350,2011,회색,경기,799,2WD
78397,렉서스,IS250,2.5,가솔린,196344,2007,회색,경기,450,2WD
78400,렉서스,S3,슈프림,가솔린+전기,38734,2016,회색,경기,3210,2WD
78425,렉서스,IS250,2.5 프리미엄,가솔린,81051,2008,회색,경기,650,2WD
78429,렉서스,X4,슈프림,가솔린+전기,133574,2013,회색,경기,1980,2WD
78439,렉서스,S3,P-Grade,가솔린,69244,2006,회색,서울,630,2WD
78442,렉서스,S3,슈페리어,가솔린,150197,2008,회색,서울,590,2WD
78473,렉서스,LS,5인승,가솔린,160445,2009,회색,서울,899,2WD
78478,렉서스,S3,슈프림,가솔린+전기,72336,2013,회색,전북,1980,2WD
78500,렉서스,S3,프리미엄,가솔린,143122,2009,회색,인천,610,2WD
78540,렉서스,S3,L-Grade,가솔린,146463,2006,회색,경남,415,2WD
78565,렉서스,S3,슈페리어,가솔린,111503,2008,회색,경기,650,2WD
78600,렉서스,GS250,슈프림,가솔린,174420,2013,회색,경기,1320,2WD
78606,렉서스,IS250,2.5 스타일 에디션,가솔린,148383,2009,회색,대구,790,2WD
78619,렉서스,S3,슈프림,가솔린,54444,2013,회색,경기,1799,2WD
78622,렉서스,S3,STD,가솔린,95645,2008,회색,부산,830,2WD
78634,렉서스,LS,STD,가솔린,148243,2011,회색,서울,1190,2WD
78646,렉서스,X3,이그제큐티브,가솔린,152966,2013,회색,경기,2190,2WD
78667,렉서스,IS250,2.5,가솔린,99400,2007,회색,경기,630,2WD
78722,렉서스,S3,P-Grade,가솔린,116156,2002,회색,경기,229,2WD
78746,렉서스,X3,Premium,가솔린,94625,2010,회색,경기,1550,2WD
78770,렉서스,S3,프리미엄,가솔린,88586,2012,회색,서울,1150,2WD
78792,렉서스,IS250,2.5 프리미엄,가솔린,160000,2008,회색,대구,630,2WD
78833,렉서스,S3,슈프림,가솔린+전기,132339,2013,회색,경기,1649,2WD
78850,렉서스,S3,P-Grade,가솔린,147795,2005,회색,서울,450,2WD
78919,렉서스,S3,슈페리어,가솔린,165910,2007,회색,서울,470,2WD
78929,렉서스,S3,프리미엄,가솔린,144501,2010,회색,경기,770,2WD
78937,렉서스,S3,슈프림,가솔린+전기,130785,2015,회색,경기,2090,2WD
78952,렉서스,S3,프리미엄,가솔린,118000,2008,회색,대구,730,2WD
78959,렉서스,X4,크리스털 에디션,가솔린+전기,99932,2012,회색,경기,1900,2WD
78967,렉서스,S3,슈페리어,가솔린,82243,2007,회색,대구,790,2WD
78982,렉서스,S3,슈페리어,가솔린,150354,2011,회색,경기,730,2WD
78990,렉서스,S3,슈프림,가솔린+전기,161481,2015,회색,경기,1790,2WD
78995,렉서스,S3,슈페리어,가솔린,91268,2008,회색,경기,670,2WD
79034,렉서스,S3,슈페리어,가솔린,90038,2007,회색,경기,720,2WD
79059,렉서스,S3,슈프림,가솔린,166523,2014,회색,경기,1340,2WD
79069,렉서스,S3,P-Grade,가솔린,151900,2003,회색,대구,280,2WD
79104,렉서스,S3,이그제큐티브,가솔린,146602,2013,회색,경기,1580,2WD
79115,렉서스,S4,Standard,가솔린,175876,2006,회색,대구,430,2WD
79118,렉서스,200,1.8 컴팩트 트랜디,가솔린+전기,160095,2011,회색,경기,969,2WD
79147,렉서스,S4,STD,가솔린+전기,183916,2010,회색,경기,799,2WD
79199,렉서스,LS,STD,가솔린,235186,2007,회색,경기,750,2WD
79242,렉서스,LS,슈프림,가솔린,177297,2012,회색,서울,1190,2WD
79271,렉서스,S3,슈프림,가솔린+전기,187438,2014,회색,경기,1490,2WD
79311,렉서스,S3,이그제큐티브,가솔린,136776,2015,회색,경기,1370,2WD
79316,렉서스,IS250,2.5,가솔린,109662,2007,회색,대구,590,2WD
79317,렉서스,X3,슈프림,가솔린+전기,35381,2019,회색,부산,3990,2WD
79332,렉서스,S3,STD,가솔린,183285,2007,회색,대구,540,2WD
79390,렉서스,IS250,2.5 프리미엄,가솔린,135849,2008,회색,충남,699,2WD
79416,렉서스,S3,슈페리어,가솔린,134306,2007,회색,서울,620,2WD
79423,렉서스,S3,STD,가솔린,109346,2007,회색,경기,700,2WD
79457,렉서스,S3,슈페리어,가솔린,87911,2007,회색,경기,750,2WD
79482,렉서스,S3,프리미엄,가솔린,112000,2008,회색,서울,610,2WD
79523,렉서스,S3,슈페리어,가솔린,137166,2011,회색,인천,819,2WD
79529,렉서스,S3,P-Grade,가솔린,184700,2006,회색,경기,480,2WD
79569,렉서스,S3,슈페리어,가솔린,136672,2007,회색,서울,460,2WD
79584,렉서스,LS,STD,가솔린,117061,2007,회색,경기,950,2WD
79585,렉서스,S3,프리미엄,가솔린,138000,2009,회색,서울,650,2WD
79628,렉서스,S4,Premium-Navi Package,가솔린,113999,2006,회색,경북,666,2WD
79660,렉서스,LS,5인승,가솔린,77003,2008,회색,대구,1490,2WD
79670,렉서스,S3,슈페리어,가솔린,65637,2012,회색,경기,1270,2WD
79740,렉서스,X3,이그제큐티브,가솔린,53723,2015,회색,서울,2690,2WD
79750,렉서스,S3,프리미엄,가솔린,151935,2009,회색,부산,595,2WD
79771,렉서스,S3,P-Grade,가솔린,75964,2005,회색,경기,530,2WD
79782,렉서스,S3,P-Grade,가솔린,159709,2003,회색,부산,290,2WD
79789,렉서스,S3,L-Grade,가솔린,166427,2003,회색,대전,230,2WD
79821,렉서스,IS250,2.5 프리미엄,가솔린,95127,2011,회색,서울,1070,2WD
79828,렉서스,GS250,슈프림,가솔린,132122,2013,회색,경기,1470,2WD
79850,렉서스,S3,프리미엄,가솔린+전기,76171,2014,회색,경기,1790,2WD
79856,렉서스,X3,Premium,가솔린,149865,2010,회색,경기,1380,2WD
79889,렉서스,200,STD,가솔린,42240,2003,회색,경기,520,2WD
79892,렉서스,S3,슈페리어,가솔린,104000,2008,회색,경기,690,2WD
79912,렉서스,S3,프리미엄,가솔린,70358,2012,회색,서울,1150,2WD
79921,렉서스,S3,프리미엄,가솔린,70358,2012,회색,서울,1150,2WD
79924,렉서스,LS,STD,가솔린,101616,2010,회색,서울,1350,2WD
79966,렉서스,S3,슈프림,가솔린,113411,2013,회색,부산,1600,2WD
79986,렉서스,S3,이그제큐티브,가솔린,40277,2014,회색,울산,2190,2WD
80035,렉서스,S3,STD,가솔린,214305,2007,회색,대구,490,2WD
80065,렉서스,LS,STD,가솔린,190000,2007,회색,강원,620,2WD
80069,렉서스,S3,슈페리어,가솔린,92505,2007,회색,부산,650,2WD
80073,렉서스,S3,슈페리어,가솔린,72507,2007,회색,대구,888,2WD
80074,렉서스,S3,슈프림+,가솔린+전기,98000,2015,회색,대구,2299,2WD
80107,렉서스,S3,슈페리어,가솔린,202345,2007,회색,경기,459,2WD
80110,렉서스,S3,STD,가솔린,209950,2006,회색,경기,449,2WD
80136,렉서스,S3,슈페리어,가솔린,36324,2010,회색,경기,1150,2WD
80164,렉서스,S3,슈프림,가솔린,70634,2013,회색,경기,1690,2WD
80252,렉서스,X3,Premium,가솔린,50466,2010,회색,서울,1800,2WD
80269,렉서스,S3,슈페리어,가솔린,115256,2008,회색,경기,690,2WD
80296,렉서스,S3,프리미엄,가솔린,178407,2011,회색,인천,590,2WD
80331,렉서스,LS,5인승,가솔린,85595,2013,회색,대구,3180,2WD
80337,렉서스,S3,프리미엄,가솔린,60696,2012,회색,대전,1050,2WD
80341,렉서스,S3,프리미엄,가솔린,149860,2012,회색,경기,760,2WD
80354,렉서스,200,1.8 컴팩트 트랜디,가솔린+전기,109960,2012,회색,경기,1180,2WD
80356,렉서스,S3,슈프림,가솔린+전기,99400,2017,회색,경기,3000,2WD
80398,렉서스,S3,슈페리어,가솔린,168559,2008,회색,부산,493,2WD
80400,렉서스,S3,슈프림,가솔린+전기,39345,2016,회색,부산,2833,2WD
80415,렉서스,S4,STD,가솔린,185025,2008,회색,충남,933,2WD
80432,렉서스,S3,P-Grade,가솔린,218000,2006,회색,경기,330,2WD
80433,렉서스,IS250,2.5 프리미엄,가솔린,174252,2008,회색,경기,480,2WD
80465,렉서스,X3,이그제큐티브,가솔린,136174,2015,회색,경기,2350,2WD
80513,렉서스,S3,STD,가솔린,148184,2006,회색,대구,450,2WD
80514,렉서스,IS250,2.5 프리미엄,가솔린,115000,2007,회색,서울,520,2WD
80532,렉서스,LS,STD,가솔린,99665,2008,회색,경기,1080,2WD
80540,렉서스,S3,슈프림,가솔린+전기,20692,2015,회색,서울,2790,2WD
80542,렉서스,S4,슈프림,가솔린+전기,99783,2013,회색,서울,2390,2WD
80574,렉서스,LS,STD,가솔린,177686,2007,회색,경기,820,2WD
80587,렉서스,GS250,슈프림,가솔린,157414,2013,회색,경기,1050,2WD
80592,렉서스,S3,프리미엄,가솔린,149857,2012,회색,경기,800,2WD
80600,렉서스,S3,L-Grade,가솔린,112209,2004,회색,경기,550,2WD
80661,렉서스,LS,5인승,가솔린+전기,194900,2010,회색,전북,1295,2WD
80687,렉서스,S3,프리미엄,가솔린,226443,2010,회색,경기,630,2WD
80690,렉서스,IS250,2.5,가솔린,97808,2006,회색,경기,700,2WD
80691,렉서스,S3,슈프림,가솔린,174020,2014,회색,경기,1390,2WD
80726,렉서스,S3,슈페리어,가솔린,124051,2011,회색,경기,830,2WD
80728,렉서스,GS250,슈프림,가솔린,88356,2013,회색,경기,1890,2WD
80741,렉서스,S3,이그제큐티브,가솔린,179977,2013,회색,인천,1450,2WD
80776,렉서스,S3,슈프림,가솔린,47286,2015,회색,서울,2490,2WD
80783,렉서스,LS,SPORT,가솔린,149360,2010,회색,서울,1450,2WD
80792,렉서스,S3,슈프림,가솔린+전기,232315,2013,회색,경기,1269,2WD
80848,렉서스,S3,슈프림,가솔린+전기,187376,2014,회색,경기,1490,2WD
80857,렉서스,S3,프리미엄,가솔린,149345,2010,회색,대구,790,2WD
80863,렉서스,S3,STD,가솔린,230000,2006,회색,부산,405,2WD
80880,렉서스,S3,STD,가솔린,184974,2007,회색,경기,499,2WD
80881,렉서스,S3,슈프림,가솔린,91130,2014,회색,경기,1790,2WD
80884,렉서스,LS,5인승,가솔린,173000,2011,회색,부산,1350,2WD
80890,렉서스,S4,슈프림,가솔린+전기,110718,2013,회색,경기,2200,2WD
80891,렉서스,LS,STD,가솔린,144000,2004,회색,서울,950,2WD
80913,렉서스,S4,STD,가솔린,70602,2008,회색,경기,1250,2WD
80915,렉서스,IS250,2.5 프리미엄,가솔린,131012,2010,회색,경기,830,2WD
80916,렉서스,S3,P-Grade,가솔린,54182,2004,회색,서울,480,2WD
80965,렉서스,S3,슈프림,가솔린,72821,2014,회색,인천,2000,2WD
80974,렉서스,S3,L-Grade,가솔린,186551,2003,회색,경기,220,2WD
81006,렉서스,S3,프리미엄,가솔린,98971,2010,회색,대전,990,2WD
81016,렉서스,S3,럭셔리 플러스,가솔린+전기,17841,2019,회색,경기,4750,2WD
81018,렉서스,S3,럭셔리 플러스,가솔린+전기,17841,2019,회색,경기,4750,2WD
81022,렉서스,LS,5인승,가솔린+전기,88135,2012,회색,경기,2700,2WD
81024,렉서스,S3,프리미엄,가솔린,82191,2009,회색,경기,790,2WD
81025,렉서스,X4,크리스털 에디션,가솔린+전기,151783,2010,회색,경기,1650,2WD
81041,렉서스,S3,프리미엄,가솔린,46058,2008,회색,경기,940,2WD
81048,렉서스,S4,슈프림,가솔린+전기,156097,2013,회색,경기,1740,2WD
81052,렉서스,S3,슈페리어,가솔린,101315,2007,회색,울산,570,2WD
81067,렉서스,IS250,2.5,가솔린,127825,2006,회색,경기,470,2WD
81069,렉서스,S3,이그제큐티브,가솔린+전기,150310,2018,회색,울산,3090,2WD
81080,렉서스,IS250,2.5,가솔린,208500,2007,회색,경기,390,2WD
81146,렉서스,IS250,2.5 스탠다드,가솔린,151102,2010,회색,경기,650,2WD
81156,렉서스,LS,5인승,가솔린,277000,2007,회색,대구,530,2WD
81170,렉서스,S3,슈페리어,가솔린,178797,2008,회색,대구,599,2WD
81174,렉서스,S3,프리미엄,가솔린,124646,2011,회색,부산,890,2WD
81226,렉서스,S3,STD,가솔린,189000,2008,회색,경남,780,2WD
81229,렉서스,S3,프리미엄,가솔린,115728,2008,회색,부산,590,2WD
81274,렉서스,LS,슈프림,가솔린,195000,2013,회색,대구,1890,2WD
81317,렉서스,S3,슈프림,가솔린+전기,122000,2017,회색,경기,2690,2WD
81322,렉서스,IS250,2.5 프리미엄,가솔린,160000,2007,회색,광주,490,2WD
81357,렉서스,S3,럭셔리 플러스,가솔린+전기,80496,2019,회색,서울,4750,2WD
81358,렉서스,S3,이그제큐티브,가솔린+전기,9000,2021,회색,서울,5850,2WD
81359,렉서스,S3,이그제큐티브,가솔린+전기,7500,2021,회색,서울,5850,2WD
81396,렉서스,IS250,2.5,가솔린,209000,2006,회색,경기,400,2WD
81402,렉서스,S3,슈프림,가솔린+전기,122509,2014,회색,경기,1850,2WD
81407,렉서스,S3,슈프림,가솔린,180000,2013,회색,경남,1130,2WD
81419,렉서스,S3,P-Grade,가솔린,190031,2002,회색,대구,255,2WD
81430,렉서스,LS,5인승,가솔린,145048,2010,회색,경기,1190,2WD
81442,렉서스,X4,STD,가솔린+전기,170000,2007,회색,대전,950,2WD
81450,렉서스,X4,이그제큐티브,가솔린+전기,80746,2016,회색,인천,4100,2WD
81451,렉서스,X4,이그제큐티브,가솔린+전기,80746,2016,회색,인천,4100,2WD
81499,렉서스,S3,이그제큐티브,가솔린,62041,2013,회색,대전,1650,2WD
81614,렉서스,LS,5인승,가솔린,243174,2008,회색,서울,690,2WD
81635,렉서스,IS250,2.5 스타일 에디션,가솔린,185000,2009,회색,경기,630,2WD
81641,렉서스,S3,STD,가솔린,170747,2008,회색,경기,630,2WD
81660,렉서스,IS250,2.5 컨버터블,가솔린,166000,2010,회색,제주,1350,2WD
81671,렉서스,S3,프리미엄,가솔린,185067,2008,회색,경기,520,2WD
81691,렉서스,X3,이그제큐티브,가솔린,149000,2011,회색,경기,1350,2WD
81692,렉서스,X3,P-Grade,가솔린,153000,2007,회색,경기,970,2WD
81706,렉서스,C4,STD,가솔린,215932,2006,회색,경기,1480,2WD
81714,렉서스,S3,슈페리어,가솔린,120000,2007,회색,경북,690,2WD
81733,렉서스,S3,프리미엄,가솔린+전기,107200,2014,회색,충북,1980,2WD
81734,렉서스,S3,프리미엄,가솔린,82487,2011,회색,울산,950,2WD
81742,렉서스,IS250,2.5 프리미엄,가솔린,193694,2008,회색,대구,699,2WD
81800,렉서스,500,3.5 럭셔리 ,가솔린+전기,72324,2018,회색,광주,6850,AWD
81803,렉서스,500,3.5 럭셔리 ,가솔린+전기,72324,2018,회색,광주,6850,AWD
81811,렉서스,S4,Standard,가솔린,146445,2006,회색,충북,480,2WD
81870,렉서스,200,1.8 컴팩트 트랜디,가솔린+전기,139391,2011,회색,경기,1050,2WD
81873,렉서스,X3,P-Grade,가솔린,189344,2004,회색,경기,590,2WD
81927,렉서스,IS250,2.5 스타일 에디션,가솔린,160000,2009,회색,대구,650,2WD
81934,렉서스,LS,5인승,가솔린,248000,2009,회색,경기,649,2WD
81984,렉서스,S3,프리미엄,가솔린,84413,2009,회색,경기,650,2WD
81990,렉서스,S3,슈프림,가솔린,157796,2013,회색,부산,1190,2WD
81999,렉서스,LS,4인승,가솔린,217231,2007,회색,경기,660,2WD
82011,렉서스,500,3.5 플래티넘 ,가솔린+전기,31072,2018,회색,대구,7690,AWD
82019,렉서스,S3,슈프림,가솔린+전기,36202,2017,회색,경기,3530,2WD
82057,렉서스,X3,슈프림,가솔린+전기,38620,2019,회색,광주,4100,2WD
82063,렉서스,X3,슈프림,가솔린+전기,38620,2019,회색,광주,4100,2WD
82064,렉서스,X3,이그제큐티브,가솔린,152966,2013,회색,경기,2190,2WD
82105,렉서스,S3,슈프림,가솔린,36967,2017,회색,경기,3240,2WD
82108,렉서스,S3,슈프림,가솔린,36967,2017,회색,경기,3240,2WD
82124,렉서스,500,3.5 럭셔리 ,가솔린+전기,31000,2018,회색,경기,8200,AWD
82145,렉서스,S4,슈프림,가솔린+전기,96511,2015,회색,경기,2540,2WD
82149,렉서스,S3,럭셔리 플러스,가솔린+전기,1670,2021,회색,대구,4890,2WD
82158,렉서스,IS250,2.5 스타일 에디션,가솔린,109071,2009,회색,경기,700,2WD
82165,렉서스,S3,슈프림,가솔린+전기,33694,2019,회색,광주,4390,2WD
82167,렉서스,X3,슈프림,가솔린,34803,2018,회색,경기,3950,2WD
82169,렉서스,S3,이그제큐티브,가솔린,81809,2015,회색,경기,2399,2WD
82171,렉서스,X3,슈프림,가솔린,34803,2018,회색,경기,3950,2WD
82177,렉서스,S3,이그제큐티브,가솔린,81809,2015,회색,경기,2399,2WD
82182,렉서스,X3,슈프림,가솔린+전기,9014,2021,회색,경기,5140,2WD
82183,렉서스,200,1.8 컴팩트 트랜디,가솔린+전기,132506,2012,회색,경기,1040,2WD
82204,렉서스,LS,4인승,가솔린,175950,2007,회색,대구,999,2WD
82243,렉서스,200,프리미엄,가솔린,46840,2017,회색,경기,2630,2WD
82266,렉서스,LS,4인승,가솔린+전기,190695,2011,회색,경기,1300,2WD
82308,렉서스,GS250,슈프림,가솔린,118073,2013,회색,경기,1530,2WD
82318,렉서스,X3,P-Grade,가솔린,130000,2005,회색,경기,650,2WD
82332,렉서스,S3,슈프림+,가솔린+전기,74600,2018,회색,경기,3450,2WD
82357,렉서스,X3,Premium,가솔린,135766,2011,회색,경기,1499,2WD
82389,렉서스,S3,이그제큐티브,가솔린,115464,2013,회색,경기,1650,2WD
82566,렉서스,S3,이그제큐티브,가솔린+전기,10041,2021,회색,경기,5700,2WD
82567,렉서스,X4,이그제큐티브,가솔린+전기,28831,2019,회색,경기,6500,2WD
82576,렉서스,S3,프리미엄,가솔린,82479,2011,회색,울산,949,2WD
82583,렉서스,200,슈프림,가솔린,158489,2016,회색,대구,2380,2WD
82590,렉서스,S3,이그제큐티브,가솔린+전기,88207,2019,회색,광주,4380,2WD
82591,렉서스,S3,이그제큐티브,가솔린+전기,88207,2019,회색,광주,4380,2WD
82596,렉서스,S3,L-Grade,가솔린,112838,2003,회색,서울,260,2WD
83092,렉서스,S3,럭셔리,가솔린+전기,10536,2020,흰색,경기,5099,2WD
83164,렉서스,S3,이그제큐티브,가솔린+전기,5400,2021,흰색,강원,5850,2WD
83213,렉서스,S3,프리미엄,가솔린,186628,2011,흰색,경기,750,2WD
83298,렉서스,IS250,슈프림,가솔린,93607,2014,흰색,경기,1500,2WD
83335,렉서스,S3,슈프림,가솔린+전기,117512,2017,흰색,인천,2390,2WD
83336,렉서스,S3,슈프림,가솔린+전기,117512,2017,흰색,인천,2390,2WD
83362,렉서스,S3,이그제큐티브,가솔린+전기,32000,2021,흰색,경기,5480,2WD
83418,렉서스,IS250,슈프림,가솔린,93607,2014,흰색,경기,1500,2WD
83431,렉서스,X4,슈프림,가솔린+전기,56974,2019,흰색,서울,5170,2WD
83550,렉서스,200,1.8 컴팩트 트랜디,가솔린+전기,111706,2012,흰색,서울,1199,2WD
83562,렉서스,S3,슈프림,가솔린,82025,2013,흰색,부산,1630,2WD
83574,렉서스,X3,이그제큐티브,가솔린+전기,36276,2016,흰색,서울,3930,2WD
83636,렉서스,X3,슈프림,가솔린+전기,27908,2017,흰색,경기,3770,2WD
83718,렉서스,IS250,2.5 프리미엄,가솔린,213000,2006,흰색,경기,620,2WD
83723,렉서스,200,1.8 컴팩트 트랜디,가솔린+전기,51695,2011,흰색,경기,1290,2WD
83780,렉서스,S3,슈프림,가솔린+전기,56032,2017,흰색,경기,2870,2WD
83830,렉서스,S3,슈프림,가솔린+전기,45787,2018,흰색,경기,3390,2WD
83831,렉서스,S3,슈프림,가솔린+전기,62642,2017,흰색,경기,3390,2WD
83961,렉서스,200,F-Sport,가솔린,69914,2017,흰색,경기,2900,2WD
84010,렉서스,S3,슈프림,가솔린+전기,61271,2017,흰색,경기,3250,2WD
84070,렉서스,X3,이그제큐티브,가솔린+전기,8000,2020,흰색,전북,5390,2WD
84082,렉서스,X3,슈프림,가솔린+전기,11356,2018,흰색,경기,4450,2WD
84120,렉서스,S3,이그제큐티브,가솔린+전기,15300,2019,흰색,대구,5499,2WD
84125,렉서스,S3,슈프림,가솔린+전기,61271,2017,흰색,경기,3250,2WD
84170,렉서스,X3,슈프림,가솔린+전기,11356,2018,흰색,경기,4450,2WD
84240,렉서스,X3,이그제큐티브,가솔린,47619,2017,흰색,광주,4750,2WD
84269,렉서스,S3,슈프림,가솔린+전기,39311,2017,흰색,충남,3470,2WD
84348,렉서스,S3,슈프림,가솔린+전기,39311,2017,흰색,충남,3470,2WD
84439,렉서스,S3,럭셔리,가솔린+전기,61998,2019,흰색,인천,4390,2WD
84530,렉서스,S3,럭셔리,가솔린+전기,61998,2019,흰색,인천,4390,2WD
84574,렉서스,X3,슈프림,가솔린+전기,54000,2016,흰색,서울,3299,2WD
84698,렉서스,200,1.8 슈프림,가솔린+전기,43591,2014,흰색,경기,1950,2WD
84738,렉서스,X3,3.5,가솔린,32482,2017,흰색,서울,3880,2WD
84753,렉서스,S3,슈프림,가솔린+전기,86905,2015,흰색,경기,2550,2WD
84871,렉서스,200,1.8 컴팩트 트랜디,가솔린+전기,121511,2011,흰색,경기,1190,2WD
85026,렉서스,200,1.8 슈프림,가솔린+전기,51056,2016,흰색,경기,2340,2WD
85100,렉서스,S3,이그제큐티브,가솔린+전기,32000,2018,흰색,서울,4200,2WD
85104,렉서스,S3,럭셔리,가솔린+전기,34137,2019,흰색,경기,4490,2WD
85130,렉서스,IS250,2.5 스타일 에디션,가솔린,115519,2009,흰색,서울,830,2WD
85252,렉서스,S3,슈프림+,가솔린+전기,36201,2018,흰색,경기,3850,2WD
85373,렉서스,S3,슈프림+,가솔린+전기,36201,2018,흰색,경기,3850,2WD
85447,렉서스,200,이그제큐티브,가솔린,89989,2015,흰색,광주,2700,2WD
85558,렉서스,200,1.8 슈프림,가솔린+전기,154679,2016,흰색,경기,1230,2WD
85700,렉서스,200,프리미엄,가솔린,53273,2016,흰색,경기,2290,2WD
85766,렉서스,S3,슈프림,가솔린,72000,2018,흰색,경기,3350,2WD
85821,렉서스,X3,슈프림,가솔린+전기,108690,2016,흰색,경기,2790,2WD
85849,렉서스,200,프리미엄,가솔린,53273,2016,흰색,경기,2290,2WD
85989,렉서스,S3,슈프림,가솔린,61064,2017,흰색,경기,2800,2WD
86001,렉서스,200,1.8 슈프림,가솔린+전기,78659,2015,흰색,서울,2000,2WD
86075,렉서스,S3,슈프림,가솔린,61064,2017,흰색,경기,2800,2WD
86200,렉서스,S3,이그제큐티브,가솔린+전기,7884,2020,흰색,경기,5790,2WD
86316,렉서스,200,프리미엄,가솔린,49625,2016,흰색,경기,2390,2WD
86349,렉서스,S3,STD,가솔린,200000,2007,흰색,인천,490,2WD
86388,렉서스,200,1.8 슈프림,가솔린+전기,40548,2019,흰색,서울,2930,2WD
86530,렉서스,200,1.8 슈프림,가솔린+전기,40548,2019,흰색,서울,2930,2WD
86571,렉서스,200,1.8 슈프림,가솔린+전기,136838,2014,흰색,인천,1650,2WD
86639,렉서스,X2,2.0 ,가솔린+전기,9477,2020,흰색,경기,3930,2WD
86660,렉서스,200,1.8 슈프림,가솔린+전기,136838,2014,흰색,인천,1650,2WD
86694,렉서스,200,프리미엄,가솔린,38395,2016,흰색,경기,2499,2WD
86706,렉서스,S3,STD,가솔린,109859,2007,흰색,경기,650,2WD
86723,렉서스,X2,2.0 ,가솔린+전기,9477,2020,흰색,경기,3930,2WD
86744,렉서스,X3,슈프림,가솔린+전기,40000,2017,흰색,경기,3500,2WD
86925,렉서스,S3,이그제큐티브,가솔린+전기,14468,2021,흰색,경기,5950,2WD
86955,렉서스,S3,슈프림,가솔린,92795,2014,흰색,경기,1830,2WD
86969,렉서스,S3,이그제큐티브,가솔린+전기,14468,2021,흰색,경기,5950,2WD
87077,렉서스,IS250,2.5 프리미엄,가솔린,92622,2011,흰색,서울,1030,2WD
87158,렉서스,S3,슈프림,가솔린+전기,62616,2017,흰색,경기,3390,2WD
87224,렉서스,X4,이그제큐티브,가솔린+전기,118194,2017,흰색,경기,4700,2WD
87252,렉서스,200,1.8 슈프림,가솔린+전기,92570,2016,흰색,경기,1990,2WD
87296,렉서스,S3,슈프림,가솔린+전기,66603,2016,흰색,경기,3300,2WD
87324,렉서스,X4,이그제큐티브,가솔린+전기,118194,2017,흰색,경기,4700,2WD
87362,렉서스,S3,슈프림,가솔린+전기,50000,2017,흰색,경기,3200,2WD
87379,렉서스,S3,슈프림,가솔린+전기,66603,2016,흰색,경기,3300,2WD
87404,렉서스,IS250,2.5 프리미엄,가솔린,187000,2007,흰색,대구,740,2WD
87608,렉서스,X3,이그제큐티브,가솔린+전기,65212,2017,흰색,경기,3540,2WD
87658,렉서스,C4,STD,가솔린,195059,2003,흰색,경기,1360,2WD
87680,렉서스,X3,이그제큐티브,가솔린+전기,67935,2015,흰색,광주,3190,2WD
87754,렉서스,200,1.8 컴팩트 럭셔리,가솔린+전기,113889,2012,흰색,대구,1299,2WD
87789,렉서스,S3,슈프림,가솔린+전기,52087,2017,흰색,서울,3470,2WD
87863,렉서스,X3,슈프림,가솔린+전기,30533,2019,흰색,서울,4300,2WD
87867,렉서스,S3,이그제큐티브,가솔린+전기,22683,2019,흰색,광주,5130,2WD
87954,렉서스,S3,이그제큐티브,가솔린+전기,22683,2019,흰색,광주,5130,2WD
87976,렉서스,X3,이그제큐티브,가솔린+전기,38591,2017,흰색,서울,4180,2WD
88200,렉서스,X3,슈프림,가솔린+전기,25832,2019,흰색,경기,4390,2WD
88382,렉서스,S3,슈프림,가솔린+전기,64312,2017,흰색,경기,3150,2WD
88511,렉서스,IS250,2.5 스탠다드,가솔린,152827,2006,흰색,서울,500,2WD
88576,렉서스,S3,럭셔리 플러스,가솔린+전기,25940,2019,흰색,대구,4888,2WD
88685,렉서스,X3,이그제큐티브,가솔린+전기,27846,2017,흰색,경기,4130,2WD
88876,렉서스,X2,2.0 ,가솔린+전기,36632,2019,흰색,서울,3190,2WD
89010,렉서스,S3,슈프림,가솔린,5300,2019,흰색,대구,4500,2WD
89021,렉서스,X2,2.0 ,가솔린+전기,10752,2020,흰색,경기,3890,2WD
89028,렉서스,S3,럭셔리 플러스,가솔린+전기,34221,2019,흰색,경기,4850,2WD
89114,렉서스,S3,슈페리어,가솔린,104240,2012,흰색,경기,990,2WD
89196,렉서스,200,1.8 슈프림,가솔린+전기,88417,2015,흰색,경기,1780,2WD
89202,렉서스,S3,프리미엄,가솔린,81104,2007,흰색,경기,785,2WD
89219,렉서스,S3,슈프림,가솔린+전기,90193,2017,흰색,대구,3090,2WD
89230,렉서스,X4,이그제큐티브,가솔린+전기,64111,2019,흰색,부산,5780,2WD
89268,렉서스,X4,이그제큐티브,가솔린+전기,64111,2019,흰색,부산,5780,2WD
89319,렉서스,S3,스탠다드,가솔린,185040,2012,흰색,경기,810,2WD
89327,렉서스,S3,슈프림,가솔린+전기,64509,2015,흰색,서울,2550,2WD
89478,렉서스,S3,슈페리어,가솔린,155734,2010,흰색,인천,870,2WD
89526,렉서스,S3,슈프림,가솔린+전기,47700,2016,흰색,경기,3050,2WD
89741,렉서스,S3,슈페리어,가솔린,134021,2008,흰색,경기,650,2WD
89807,렉서스,200,이그제큐티브,가솔린,43870,2017,흰색,경기,3450,2WD
89849,렉서스,S3,슈프림,가솔린,71628,2013,흰색,충북,1680,2WD
89923,렉서스,S3,슈프림,가솔린+전기,38581,2016,흰색,부산,3350,2WD
90054,렉서스,X4,이그제큐티브,가솔린+전기,43048,2019,흰색,부산,5790,2WD
90077,렉서스,X4,이그제큐티브,가솔린+전기,43048,2019,흰색,부산,5790,2WD
90090,렉서스,X4,이그제큐티브,가솔린+전기,95186,2017,흰색,경기,4790,2WD
90222,렉서스,S3,슈프림,가솔린+전기,64067,2014,흰색,서울,2490,2WD
90243,렉서스,200,1.8 슈프림,가솔린+전기,102170,2017,흰색,대구,2190,2WD
90270,렉서스,S3,프리미엄,가솔린,147979,2009,흰색,경기,630,2WD
90271,렉서스,200,F-Sport,가솔린,46116,2017,흰색,경기,3349,2WD
90289,렉서스,200,F-Sport,가솔린,46116,2017,흰색,경기,3349,2WD
90334,렉서스,200,슈프림,가솔린,53072,2016,흰색,경기,2399,2WD
90336,렉서스,200,슈프림,가솔린,53072,2016,흰색,경기,2399,2WD
90391,렉서스,X3,이그제큐티브,가솔린+전기,82715,2017,흰색,경기,3590,2WD
90458,렉서스,X3,슈프림,가솔린+전기,73181,2018,흰색,경기,3519,2WD
90711,렉서스,S3,슈프림,가솔린+전기,134414,2016,흰색,경기,2600,2WD
90724,렉서스,S3,슈프림,가솔린+전기,74432,2016,흰색,경기,3099,2WD
90751,렉서스,IS250,2.5 프리미엄,가솔린,146567,2007,흰색,경기,590,2WD
91025,렉서스,X3,이그제큐티브,가솔린,149271,2013,흰색,경기,2250,2WD
91027,렉서스,X3,슈프림,가솔린+전기,15196,2020,흰색,경기,4890,2WD
91137,렉서스,S3,프리미엄,가솔린+전기,98108,2014,흰색,경기,2300,2WD
91553,렉서스,200,1.8 슈프림,가솔린+전기,72961,2016,흰색,경기,2199,2WD
91554,렉서스,S3,슈프림,가솔린+전기,140000,2014,흰색,경기,1850,2WD
91718,렉서스,200,1.8 슈프림,가솔린+전기,62151,2017,흰색,서울,2330,2WD
91730,렉서스,S3,럭셔리,가솔린+전기,68478,2019,흰색,경기,4250,2WD
91736,렉서스,S3,프리미엄,가솔린+전기,84031,2016,흰색,경기,2860,2WD
91785,렉서스,200,1.8 슈프림,가솔린+전기,106682,2016,흰색,경기,1799,2WD
91798,렉서스,IS250,2.5 스타일 에디션,가솔린,138958,2009,흰색,경기,660,2WD
91811,렉서스,200,슈프림,가솔린,83198,2015,흰색,경기,2699,2WD
91815,렉서스,X2,2.0 ,가솔린+전기,45088,2019,흰색,경기,3400,2WD
91873,렉서스,S3,슈페리어,가솔린,114000,2007,흰색,서울,670,2WD
91968,렉서스,S3,럭셔리 플러스,가솔린+전기,73000,2019,흰색,경기,4190,2WD
91982,렉서스,S3,프리미엄,가솔린+전기,114867,2013,흰색,경기,1930,2WD
91983,렉서스,X3,이그제큐티브,가솔린+전기,69400,2017,흰색,경기,3350,2WD
92199,렉서스,S3,프리미엄,가솔린+전기,144838,2015,흰색,경기,1999,2WD
92413,렉서스,IS250,2.5 프리미엄,가솔린,207191,2008,흰색,경기,560,2WD
92473,렉서스,X2,2.0 ,가솔린+전기,6400,2020,흰색,서울,3850,2WD
92487,렉서스,IS250,2.5 프리미엄,가솔린,171175,2008,흰색,경기,650,2WD
92603,렉서스,GS250,슈프림,가솔린,62038,2013,흰색,대전,1650,2WD
92637,렉서스,X4,이그제큐티브,가솔린+전기,64111,2019,흰색,부산,113,2WD
92716,렉서스,S3,이그제큐티브,가솔린,95054,2014,흰색,울산,1790,2WD
92728,렉서스,200,1.8 슈프림,가솔린+전기,100000,2016,흰색,경기,1899,2WD
92738,렉서스,X3,이그제큐티브,가솔린+전기,83912,2018,흰색,경기,3650,2WD
92760,렉서스,S3,이그제큐티브,가솔린,120000,2014,흰색,경기,1540,2WD
92771,렉서스,S3,슈프림,가솔린,42749,2018,흰색,경기,4099,2WD
92848,렉서스,X3,이그제큐티브,가솔린+전기,5000,2021,흰색,서울,5800,2WD
92849,렉서스,X3,이그제큐티브,가솔린+전기,2900,2021,흰색,서울,5800,2WD
92850,렉서스,S3,럭셔리,가솔린+전기,6100,2021,흰색,서울,5250,2WD
92855,렉서스,S3,럭셔리,가솔린+전기,56000,2019,흰색,부산,4130,2WD
92966,렉서스,S3,이그제큐티브,가솔린+전기,41974,2019,흰색,경기,5080,2WD
93003,렉서스,S3,이그제큐티브,가솔린+전기,114836,2014,흰색,경북,2280,2WD
93032,렉서스,S3,이그제큐티브,가솔린+전기,58215,2018,흰색,경기,4099,2WD
93118,렉서스,200,슈프림,가솔린,61163,2016,흰색,부산,2350,2WD
93528,렉서스,IS250,2.5 프리미엄,가솔린,150330,2009,흰색,인천,670,2WD
93558,렉서스,S3,럭셔리 플러스,가솔린+전기,5995,2021,흰색,서울,5450,2WD
93650,렉서스,S3,프리미엄,가솔린+전기,91942,2014,흰색,경기,2080,2WD
93652,렉서스,S3,프리미엄,가솔린+전기,91942,2014,흰색,경기,2080,2WD
93661,렉서스,S3,슈프림,가솔린+전기,159578,2014,흰색,경남,1390,2WD
93710,렉서스,X4,이그제큐티브,가솔린+전기,13687,2020,흰색,경기,7250,2WD
93747,렉서스,X4,이그제큐티브,가솔린+전기,51372,2017,흰색,경기,5200,2WD
93748,렉서스,X3,이그제큐티브,가솔린+전기,9681,2021,흰색,경기,5750,2WD
93807,렉서스,S3,프리미엄,가솔린+전기,126786,2014,흰색,경기,1950,2WD
93814,렉서스,X4,이그제큐티브,가솔린+전기,88000,2017,흰색,서울,4300,2WD
93901,렉서스,200,1.8 슈프림,가솔린+전기,46233,2018,흰색,경남,2390,2WD
93971,렉서스,S3,STD,가솔린,160000,2007,흰색,전남,490,2WD
93990,렉서스,IS250,2.5 프리미엄,가솔린,117005,2008,흰색,경남,650,2WD
