,brand,name,info,type,km,year,color,location,price,wd
61945,롤스로이스,팬텀,6.7 EWB V12,가솔린,14229,2019,검정색,서울,72500,2WD
61946,롤스로이스,컬리넌,6.7 V12,가솔린,38810,2019,검정색,서울,45900,2WD
62311,롤스로이스,레이,6.6 블랙 배지,가솔린,23177,2020,검정색,부산,48000,2WD
62446,롤스로이스,고스트,6.6 V12,가솔린,87325,2016,검정색,경기,22100,2WD
62495,롤스로이스,고스트,6.6 V12,가솔린,87325,2016,검정색,경기,22100,2WD
62562,롤스로이스,레이,6.6,가솔린,14976,2019,검정색,대구,37900,2WD
63169,롤스로이스,고스트,6.6 V12,가솔린,150000,2012,검정색,경기,14500,2WD
64518,롤스로이스,고스트,6.6 V12,가솔린,88988,2018,검정색,경기,26900,2WD
65383,롤스로이스,고스트,6.6 V12,가솔린,83000,2011,검정색,경기,16800,2WD
66068,롤스로이스,레이,6.6,가솔린,70347,2015,검정색,경기,23500,2WD
66673,롤스로이스,레이,6.6 블랙 배지,가솔린,16899,2017,검정색,서울,38500,2WD
67748,롤스로이스,고스트,6.6 V12,가솔린,9313,2019,검정색,서울,38900,2WD
68117,롤스로이스,고스트,6.6 V12,가솔린,56076,2013,검정색,부산,18700,2WD
68745,롤스로이스,고스트,6.6 V12,가솔린,9300,2019,검정색,서울,38900,2WD
69282,롤스로이스,레이,6.6,가솔린,46723,2018,검정색,서울,32000,2WD
69554,롤스로이스,고스트,6.6 V12,가솔린,40421,2017,검정색,전북,28500,2WD
70229,롤스로이스,고스트,6.6 V12,가솔린,9792,2018,기타,광주,35600,2WD
70491,롤스로이스,컬리넌,6.7 V12,가솔린,13000,2019,기타,서울,46000,2WD
70492,롤스로이스,던,6.6 V12,가솔린,9000,2019,기타,서울,45800,2WD
71132,롤스로이스,고스트,6.7 V12,가솔린,3475,2021,기타,서울,55000,2WD
71595,롤스로이스,레이,6.6,가솔린,4802,2020,기타,서울,43500,2WD
71770,롤스로이스,레이,6.6,가솔린,4800,2020,기타,서울,43500,2WD
71874,롤스로이스,컬리넌,6.7 V12,가솔린,18000,2020,기타,경기,47990,2WD
71936,롤스로이스,고스트,6.6 EWB V12,가솔린,7000,2019,기타,서울,37000,2WD
72970,롤스로이스,고스트,6.6 V12,가솔린,69000,2010,회색,서울,16800,2WD
73779,롤스로이스,고스트,6.6 EWB V12,가솔린,62584,2018,회색,경기,32590,2WD
73800,롤스로이스,고스트,6.6 EWB V12,가솔린,62584,2018,회색,경기,32590,2WD
74957,롤스로이스,고스트,6.6 V12,가솔린,28000,2013,회색,서울,20300,2WD
75117,롤스로이스,레이,6.6,가솔린,1407,2021,회색,광주,43500,2WD
76380,롤스로이스,고스트,6.6 V12,가솔린,35846,2018,회색,서울,30500,2WD
76873,롤스로이스,고스트,6.6 V12,가솔린,150329,2012,흰색,경기,14500,2WD
78067,롤스로이스,레이,6.6,가솔린,3208,2020,기타,경기,41000,2WD
81361,롤스로이스,고스트,6.6 EWB V12,가솔린,47013,2018,회색,서울,32900,2WD
82043,롤스로이스,고스트,6.6 V12,가솔린,74560,2014,회색,서울,18500,2WD
83074,롤스로이스,고스트,6.7 V12,가솔린,2059,2021,흰색,서울,99999,2WD
84848,롤스로이스,레이,6.6,가솔린,11200,2020,흰색,대전,37182,2WD
85649,롤스로이스,고스트,6.6 V12,가솔린,19000,2019,흰색,인천,32500,2WD
86285,롤스로이스,고스트,6.6 V12,가솔린,97400,2012,흰색,대구,16800,2WD
90033,롤스로이스,고스트,6.6 EWB V12,가솔린,12840,2019,흰색,서울,40499,2WD
90034,롤스로이스,레이,6.6,가솔린,4571,2020,흰색,서울,46000,2WD
90284,롤스로이스,컬리넌,6.7 V12,가솔린,26000,2019,흰색,서울,49400,2WD
90428,롤스로이스,고스트,6.6 V12,가솔린,36974,2013,흰색,경남,20000,2WD
91830,롤스로이스,레이,6.6,가솔린,18000,2016,흰색,서울,28200,2WD
93243,롤스로이스,레이,6.6,가솔린,13800,2016,흰색,경기,28900,2WD
93377,롤스로이스,고스트,6.6 EWB V12,가솔린,60000,2013,흰색,서울,22500,2WD
