,brand,name,info,type,km,year,color,location,price,wd
61873,링컨,MKX,3.5 ,가솔린,148728,2007,검정색,경기,559,AWD
61928,링컨,MKS,3.7,가솔린,162773,2014,검정색,경기,800,2WD
62042,링컨,MKC,2.0 ,가솔린,13370,2018,검정색,경기,2790,AWD
62118,링컨,컨티넨탈,3.0 ,가솔린,74321,2017,검정색,경기,3030,AWD
62188,링컨,MKC,2.0 ,가솔린,38972,2015,검정색,경기,2090,AWD
62191,링컨,MKX,3.7 ,가솔린,84899,2013,검정색,경기,1390,AWD
62214,링컨,MKS,3.7,가솔린,144654,2009,검정색,경기,350,2WD
62295,링컨,MKX,2.7 ,가솔린,39013,2018,검정색,인천,3190,AWD
62309,링컨,MKS,3.7,가솔린,144941,2010,검정색,경기,450,2WD
62357,링컨,MKX,3.7 ,가솔린,106138,2013,검정색,인천,1080,AWD
62359,링컨,MKX,2.7 ,가솔린,39013,2018,검정색,인천,3190,AWD
62418,링컨,MKS,3.7,가솔린,143999,2013,검정색,경기,810,2WD
62508,링컨,컨티넨탈,3.0 프레지덴셜 ,가솔린,120877,2017,검정색,인천,2880,AWD
62535,링컨,MKX,2.7 ,가솔린,102492,2016,검정색,경기,1839,AWD
62572,링컨,컨티넨탈,3.0 프레지덴셜 ,가솔린,25959,2018,검정색,경기,4490,AWD
62586,링컨,MKZ,하이브리드,가솔린+전기,9800,2019,검정색,서울,3700,2WD
62676,링컨,MKS,3.7,가솔린,106731,2014,검정색,경기,790,2WD
62742,링컨,MKT,3.5 ,가솔린,500,2014,검정색,서울,4200,AWD
62819,링컨,MKX,2.7 ,가솔린,45788,2017,검정색,경기,2999,AWD
62828,링컨,MKX,2.7 ,가솔린,32143,2018,검정색,경기,2850,AWD
62898,링컨,컨티넨탈,3.0 ,가솔린,67000,2017,검정색,경기,3490,AWD
62991,링컨,MKT,3.5 ,가솔린,368,2014,검정색,서울,4200,AWD
63097,링컨,MKS,3.7,가솔린,189139,2013,검정색,경기,670,2WD
63101,링컨,컨티넨탈,3.0 ,가솔린,46550,2017,검정색,서울,3450,AWD
63134,링컨,MKC,2.0 ,가솔린,44281,2015,검정색,서울,2290,AWD
63157,링컨,컨티넨탈,3.0 ,가솔린,70000,2017,검정색,경기,3070,AWD
63185,링컨,MKZ,2.0 ,가솔린,68982,2017,검정색,경기,2680,AWD
63188,링컨,MKS,3.7,가솔린,61636,2015,검정색,경기,1300,2WD
63239,링컨,컨티넨탈,3.0 ,가솔린,119160,2017,검정색,경기,2850,AWD
63245,링컨,MKZ,2.0 ,가솔린,68982,2017,검정색,경기,2680,AWD
63254,링컨,MKS,3.7,가솔린,61636,2015,검정색,경기,1300,2WD
63262,링컨,MKS,3.7,가솔린,180423,2014,검정색,인천,700,2WD
63341,링컨,MKS,3.7,가솔린,120647,2015,검정색,경기,1500,2WD
63358,링컨,컨티넨탈,3.0 ,가솔린,75828,2017,검정색,경기,3200,AWD
63392,링컨,컨티넨탈,3.0 ,가솔린,28614,2018,검정색,경기,4190,AWD
63396,링컨,컨티넨탈,3.0 ,가솔린,67000,2018,검정색,인천,3470,AWD
63454,링컨,컨티넨탈,3.0 ,가솔린,75828,2017,검정색,경기,3200,AWD
63481,링컨,MKX,3.5 ,가솔린,257029,2008,검정색,경기,399,AWD
63500,링컨,MKX,2.7 ,가솔린,124363,2017,검정색,경기,2390,AWD
63653,링컨,MKZ,2.0 ,가솔린,62191,2016,검정색,서울,2270,AWD
63727,링컨,MKC,2.0 ,가솔린,55477,2018,검정색,경기,2550,AWD
63874,링컨,컨티넨탈,3.0 ,가솔린,70115,2017,검정색,경기,2590,AWD
63914,링컨,컨티넨탈,3.0 프레지덴셜 ,가솔린,80180,2017,검정색,충북,3270,AWD
63950,링컨,컨티넨탈,3.0 프레지덴셜 ,가솔린,77494,2017,검정색,경기,3199,AWD
63960,링컨,MKS,3.7,가솔린,184406,2011,검정색,경기,479,2WD
64005,링컨,MKS,3.7,가솔린,137851,2011,검정색,서울,460,2WD
64020,링컨,컨티넨탈,3.0 ,가솔린,79118,2017,검정색,부산,3190,AWD
64122,링컨,MKX,3.7 ,가솔린,212468,2013,검정색,경기,699,AWD
64160,링컨,MKS,3.7,가솔린,154674,2012,검정색,경기,380,2WD
64226,링컨,컨티넨탈,3.0 ,가솔린,91024,2017,검정색,대구,3480,AWD
64236,링컨,MKX,2.7 ,가솔린,46709,2018,검정색,경기,3250,AWD
64253,링컨,에비에이터,3.0 블랙라벨 ,가솔린,6334,2021,검정색,경기,8999,AWD
64318,링컨,MKZ,2.0,가솔린,146552,2014,검정색,인천,1040,2WD
64321,링컨,컨티넨탈,3.0 프레지덴셜 ,가솔린,51165,2017,검정색,서울,3650,AWD
64326,링컨,MKS,3.7,가솔린,118058,2015,검정색,서울,1200,2WD
64375,링컨,MKS,3.7,가솔린,118058,2015,검정색,서울,1200,2WD
64439,링컨,MKS,3.7,가솔린,174996,2009,검정색,경기,420,2WD
64463,링컨,MKZ,2.0,가솔린,50340,2017,검정색,충남,2599,2WD
64652,링컨,MKX,3.7 ,가솔린,109509,2012,검정색,경기,1390,AWD
64732,링컨,MKS,3.7,가솔린,67000,2010,검정색,경기,680,2WD
64740,링컨,MKC,2.0 ,가솔린,38040,2017,검정색,대구,2690,AWD
64749,링컨,컨티넨탈,3.0 블랙라벨 ,가솔린,70165,2017,검정색,전북,3390,AWD
64784,링컨,MKX,2.7 ,가솔린,230000,2018,검정색,경기,1750,AWD
64787,링컨,MKC,2.0 ,가솔린,224000,2015,검정색,경기,1190,AWD
64789,링컨,MKX,2.7 ,가솔린,53259,2017,검정색,대구,2890,AWD
64806,링컨,MKS,3.7,가솔린,172962,2012,검정색,인천,410,2WD
64844,링컨,MKZ,2.0,가솔린,19683,2019,검정색,부산,3250,2WD
64845,링컨,MKX,2.7 ,가솔린,58000,2017,검정색,광주,3400,AWD
64980,링컨,MKX,2.7 ,가솔린,59000,2016,검정색,경기,2499,AWD
65052,링컨,MKS,3.7,가솔린,114814,2015,검정색,경기,1290,2WD
65088,링컨,MKZ,2.0,가솔린,96936,2015,검정색,경기,1150,2WD
65096,링컨,MKS,3.7,가솔린,257421,2010,검정색,대전,380,2WD
65160,링컨,MKX,3.7 ,가솔린,83000,2013,검정색,대전,1490,AWD
65191,링컨,MKX,2.7 ,가솔린,37350,2018,검정색,서울,3150,AWD
65223,링컨,네비게이터,3.5L,가솔린,40000,2019,검정색,서울,9400,2WD
65253,링컨,MKS,3.7,가솔린,124672,2014,검정색,경기,850,2WD
65255,링컨,컨티넨탈,3.0 ,가솔린,73040,2017,검정색,대구,3099,AWD
65258,링컨,MKS,3.7,가솔린,126712,2015,검정색,대전,1250,2WD
65276,링컨,MKX,2.7 ,가솔린,94751,2016,검정색,경기,2100,AWD
65303,링컨,MKX,2.7 ,가솔린,94751,2016,검정색,경기,2100,AWD
65393,링컨,MKZ,2.0,가솔린,93401,2016,검정색,경기,1290,2WD
65463,링컨,MKX,2.7 ,가솔린,37333,2018,검정색,서울,3150,AWD
65518,링컨,MKX,3.5 ,가솔린,141000,2008,검정색,전북,540,AWD
65530,링컨,MKX,3.7 ,가솔린,148108,2013,검정색,경기,899,AWD
65608,링컨,MKS,3.7,가솔린,40863,2015,검정색,인천,1650,2WD
65622,링컨,MKS,3.7,가솔린,84832,2010,검정색,경기,730,2WD
65712,링컨,MKS,3.7,가솔린,199500,2013,검정색,대구,580,2WD
65752,링컨,MKX,2.7 ,가솔린,63053,2016,검정색,경기,2540,AWD
65925,링컨,네비게이터,3.5L,가솔린,70,2018,검정색,부산,12510,2WD
65957,링컨,네비게이터,3.5L,가솔린,70,2018,검정색,부산,12510,2WD
65968,링컨,MKS,3.7,가솔린,150000,2014,검정색,대구,1187,2WD
65969,링컨,MKS,3.7,가솔린,80000,2014,검정색,대구,1387,2WD
65997,링컨,MKS,3.7,가솔린,69000,2014,검정색,대구,1487,2WD
66001,링컨,MKS,3.7,가솔린,260000,2013,검정색,대구,753,2WD
66022,링컨,MKX,3.7 ,가솔린,91501,2014,검정색,부산,1330,AWD
66035,링컨,MKT,3.5 ,가솔린,360,2014,검정색,서울,4200,AWD
66055,링컨,MKX,3.7 ,가솔린,91501,2014,검정색,부산,1330,AWD
66102,링컨,MKX,2.7 ,가솔린,71532,2017,검정색,경기,2760,AWD
66227,링컨,MKX,3.5 ,가솔린,198867,2007,검정색,경기,420,AWD
66295,링컨,MKX,2.7 ,가솔린,86000,2017,검정색,경기,2680,AWD
66321,링컨,컨티넨탈,3.0 ,가솔린,69416,2017,검정색,부산,3299,AWD
66335,링컨,컨티넨탈,3.0 ,가솔린,132561,2017,검정색,경기,2650,AWD
66341,링컨,컨티넨탈,3.0 ,가솔린,69416,2017,검정색,부산,3299,AWD
66412,링컨,컨티넨탈,3.0 ,가솔린,83551,2019,검정색,서울,3450,AWD
66426,링컨,노틸러스,2.7 리저브 ,가솔린,29000,2019,검정색,경기,4499,AWD
66551,링컨,MKC,2.0 ,가솔린,101000,2015,검정색,대전,1690,AWD
66575,링컨,MKS,3.7,가솔린,161006,2013,검정색,경기,799,2WD
66605,링컨,MKS,3.5 ,가솔린,100457,2015,검정색,부산,1500,AWD
66617,링컨,컨티넨탈,3.0 프레지덴셜 ,가솔린,133503,2017,검정색,경기,2859,AWD
66756,링컨,노틸러스,2.7 리저브 ,가솔린,35444,2019,검정색,강원,4150,AWD
66844,링컨,MKX,2.7 ,가솔린,36500,2017,검정색,서울,3050,AWD
66846,링컨,MKC,2.0 ,가솔린,48130,2017,검정색,전북,2650,AWD
66849,링컨,MKC,2.0 ,가솔린,86393,2017,검정색,경기,2199,AWD
66856,링컨,MKZ,2.0,가솔린,113916,2016,검정색,경기,1599,2WD
66871,링컨,컨티넨탈,3.0 프레지덴셜 ,가솔린,77207,2017,검정색,경기,3690,AWD
66874,링컨,컨티넨탈,3.0 프레지덴셜 ,가솔린,77207,2017,검정색,경기,3690,AWD
66968,링컨,MKS,3.7,가솔린,150166,2013,검정색,충남,889,2WD
67032,링컨,MKX,2.7 ,가솔린,63932,2018,검정색,경기,2930,AWD
67079,링컨,컨티넨탈,3.0 프레지덴셜 ,가솔린,122231,2017,검정색,인천,2880,AWD
67080,링컨,MKS,3.7,가솔린,114858,2013,검정색,인천,920,2WD
67114,링컨,컨티넨탈,3.0 ,가솔린,52340,2017,검정색,경기,3330,AWD
67119,링컨,에비에이터,3.0 블랙라벨 ,가솔린,8947,2020,검정색,경기,8650,AWD
67153,링컨,MKZ,2.0,가솔린,119238,2014,검정색,경기,1120,2WD
67194,링컨,MKZ,2.0,가솔린,37602,2018,검정색,부산,2880,2WD
67195,링컨,MKZ,2.0,가솔린,37602,2018,검정색,부산,2880,2WD
67266,링컨,MKC,2.0 ,가솔린,112832,2017,검정색,경기,1950,AWD
67289,링컨,네비게이터,3.5L,가솔린,57519,2019,검정색,경기,10490,2WD
67359,링컨,MKS,3.7,가솔린,174000,2011,검정색,대구,460,2WD
67378,링컨,MKZ,2.0,가솔린,169446,2014,검정색,인천,950,2WD
67453,링컨,컨티넨탈,3.0 ,가솔린,102863,2017,검정색,서울,2890,AWD
67457,링컨,MKX,2.7 ,가솔린,31500,2017,검정색,경기,3100,AWD
67462,링컨,MKC,2.0 ,가솔린,58864,2018,검정색,경기,2590,AWD
67469,링컨,MKC,2.0 ,가솔린,58864,2018,검정색,경기,2590,AWD
67610,링컨,MKC,2.0 ,가솔린,37578,2019,검정색,경기,3100,AWD
67695,링컨,컨티넨탈,3.0 ,가솔린,24896,2017,검정색,경기,4350,AWD
67698,링컨,컨티넨탈,3.0 ,가솔린,24896,2017,검정색,경기,4350,AWD
67947,링컨,컨티넨탈,3.0 ,가솔린,39900,2017,검정색,서울,3450,AWD
67970,링컨,MKX,2.7 ,가솔린,56674,2018,검정색,경기,3070,AWD
68102,링컨,MKS,3.7,가솔린,64722,2016,검정색,서울,1500,2WD
68268,링컨,타운카,SIGNATURE,가솔린,60000,2001,검정색,경기,950,2WD
68270,링컨,컨티넨탈,3.0 프레지덴셜 ,가솔린,45205,2017,검정색,경기,4999,AWD
68290,링컨,MKS,3.7,가솔린,95997,2011,검정색,서울,700,2WD
68322,링컨,컨티넨탈,3.0 프레지덴셜 ,가솔린,14074,2017,검정색,경기,4390,AWD
68484,링컨,컨티넨탈,3.0 ,가솔린,69342,2017,검정색,경기,3090,AWD
68485,링컨,컨티넨탈,3.0 ,가솔린,69342,2017,검정색,경기,3090,AWD
68659,링컨,컨티넨탈,3.0 ,가솔린,39008,2017,검정색,경기,3440,AWD
68661,링컨,컨티넨탈,3.0 ,가솔린,39008,2017,검정색,경기,3440,AWD
68682,링컨,MKS,3.7,가솔린,130000,2011,검정색,대전,590,2WD
68880,링컨,MKS,3.7,가솔린,136414,2009,검정색,경기,450,2WD
68903,링컨,에비에이터,3.0 리저브 ,가솔린,31161,2020,검정색,경기,7099,AWD
68905,링컨,에비에이터,3.0 리저브 ,가솔린,31161,2020,검정색,경기,7099,AWD
68983,링컨,MKZ,2.0 ,가솔린,73475,2016,검정색,대구,1850,AWD
69044,링컨,MKS,3.7,가솔린,86215,2015,검정색,경기,1250,2WD
69151,링컨,컨티넨탈,3.0 프레지덴셜 ,가솔린,122926,2017,검정색,충남,2850,AWD
69305,링컨,컨티넨탈,3.0 ,가솔린,42083,2017,검정색,경기,3350,AWD
69408,링컨,MKZ,2.0,가솔린,86448,2014,검정색,경기,1400,2WD
69409,링컨,MKZ,2.0,가솔린,86448,2014,검정색,경기,1400,2WD
69461,링컨,에비에이터,3.0 블랙라벨 ,가솔린,15910,2020,검정색,경기,8700,AWD
69488,링컨,MKC,2.0 ,가솔린,13000,2018,검정색,경기,2750,AWD
69503,링컨,MKS,3.5 ,가솔린,10875,2015,검정색,인천,9999,AWD
69504,링컨,MKS,3.5 ,가솔린,10875,2015,검정색,인천,9999,AWD
69564,링컨,컨티넨탈,3.0 프레지덴셜 ,가솔린,37067,2017,검정색,광주,4350,AWD
69632,링컨,컨티넨탈,3.0 블랙라벨 ,가솔린,25000,2019,검정색,서울,5674,AWD
69741,링컨,컨티넨탈,3.0 블랙라벨 ,가솔린,31853,2019,검정색,서울,4920,AWD
69937,링컨,코세어,2.0 리저브 ,가솔린,3002,2020,기타,경기,4990,AWD
69951,링컨,코세어,2.0 리저브 ,가솔린,3002,2020,기타,경기,4990,AWD
70082,링컨,에비에이터,3.0 블랙라벨 ,가솔린,14180,2021,기타,경기,8780,AWD
70099,링컨,에비에이터,3.0 블랙라벨 ,가솔린,14180,2021,기타,경기,8780,AWD
70394,링컨,MKS,3.7,가솔린,114159,2014,기타,경기,990,2WD
70753,링컨,코세어,2.0 리저브 ,가솔린,5631,2021,기타,경기,5200,AWD
70757,링컨,코세어,2.0 리저브 ,가솔린,5631,2021,기타,경기,5200,AWD
71091,링컨,MKZ,2.0,가솔린,39500,2018,기타,경남,2670,2WD
71464,링컨,MKS,3.7,가솔린,98524,2014,기타,인천,960,2WD
71667,링컨,노틸러스,2.7 리저브 ,가솔린,37500,2019,기타,대구,4290,AWD
72064,링컨,MKX,2.7 ,가솔린,33767,2018,기타,서울,3550,AWD
72570,링컨,MKX,2.7 ,가솔린,94204,2017,회색,대구,2490,AWD
72601,링컨,MKZ,2.0,가솔린,61143,2014,회색,경기,1450,2WD
72634,링컨,MKZ,2.0,가솔린,61143,2014,회색,경기,1450,2WD
73013,링컨,MKZ,2.0,가솔린,46600,2014,회색,인천,1590,2WD
73026,링컨,MKZ,2.0,가솔린,28406,2019,회색,경기,2950,2WD
73050,링컨,MKZ,2.0,가솔린,28406,2019,회색,경기,2950,2WD
73311,링컨,MKX,3.7 ,가솔린,205776,2011,회색,경기,770,AWD
73315,링컨,MKZ,하이브리드,가솔린+전기,133156,2016,회색,경기,1650,2WD
73335,링컨,노틸러스,2.7 셀렉트 ,가솔린,25611,2019,회색,광주,3990,AWD
73336,링컨,MKC,2.0 ,가솔린,94756,2015,회색,경기,1790,AWD
73359,링컨,노틸러스,2.7 셀렉트 ,가솔린,25611,2019,회색,광주,3990,AWD
73360,링컨,MKC,2.0 ,가솔린,94756,2015,회색,경기,1790,AWD
73490,링컨,컨티넨탈,3.0 블랙라벨 ,가솔린,129210,2017,회색,경기,2900,AWD
73581,링컨,코세어,2.0 리저브 ,가솔린,5030,2020,회색,대전,4559,AWD
73618,링컨,MKS,3.7,가솔린,127472,2014,회색,경기,990,2WD
73726,링컨,MKZ,2.0,가솔린,36961,2016,회색,대구,2150,2WD
74104,링컨,MKZ,하이브리드,가솔린+전기,29445,2019,회색,경기,3550,2WD
74142,링컨,MKZ,하이브리드,가솔린+전기,29445,2019,회색,경기,3550,2WD
74171,링컨,MKX,2.7 ,가솔린,24110,2017,회색,대구,3250,AWD
74204,링컨,MKX,2.7 ,가솔린,24110,2017,회색,대구,3250,AWD
74423,링컨,MKX,2.7 ,가솔린,33714,2018,회색,경기,3290,AWD
74461,링컨,MKX,2.7 ,가솔린,55453,2018,회색,서울,3060,AWD
74463,링컨,MKZ,2.0,가솔린,62300,2017,회색,서울,2170,2WD
74532,링컨,컨티넨탈,3.0 ,가솔린,14195,2019,회색,서울,4750,AWD
74571,링컨,컨티넨탈,3.0 ,가솔린,108896,2017,회색,광주,2950,AWD
74595,링컨,MKX,2.7 ,가솔린,55500,2018,회색,서울,3060,AWD
74687,링컨,MKX,2.7 ,가솔린,185040,2016,회색,경기,1550,AWD
74900,링컨,에비에이터,3.0 리저브 ,가솔린,14346,2020,회색,경기,7300,AWD
74911,링컨,에비에이터,3.0 리저브 ,가솔린,14346,2020,회색,경기,7300,AWD
74952,링컨,MKS,3.7,가솔린,194932,2013,회색,경기,570,2WD
74965,링컨,MKS,3.7,가솔린,47339,2016,회색,대구,1499,2WD
75233,링컨,MKS,3.7,가솔린,112414,2011,회색,인천,489,2WD
75325,링컨,MKX,3.5 ,가솔린,202289,2007,회색,경기,399,AWD
75342,링컨,MKS,3.7,가솔린,57935,2014,회색,서울,1350,2WD
75346,링컨,MKX,3.5 ,가솔린,211000,2008,회색,경남,430,AWD
75513,링컨,MKX,2.7 ,가솔린,64542,2018,회색,경기,2990,AWD
75804,링컨,MKX,3.5 ,가솔린,219233,2008,회색,대구,399,AWD
75973,링컨,MKS,3.7,가솔린,89845,2016,회색,서울,1150,2WD
76127,링컨,MKZ,2.0,가솔린,52776,2014,회색,인천,1500,2WD
76211,링컨,에비에이터,3.0 블랙라벨 ,가솔린,20522,2020,회색,경기,8550,AWD
76212,링컨,에비에이터,3.0 블랙라벨 ,가솔린,15084,2020,회색,경기,8660,AWD
76255,링컨,네비게이터,3.5L,가솔린,330,2021,회색,경기,11150,2WD
76257,링컨,네비게이터,3.5L,가솔린,330,2021,회색,경기,11150,2WD
76280,링컨,컨티넨탈,3.0 프레지덴셜 ,가솔린,70744,2017,회색,충북,3580,AWD
76768,링컨,LS,3.0,가솔린,108100,2005,기타,경기,390,2WD
76819,링컨,MKX,2.7 ,가솔린,29604,2018,흰색,경기,3480,AWD
76822,링컨,MKX,2.7 ,가솔린,29604,2018,흰색,경기,3480,AWD
76898,링컨,MKC,2.0 ,가솔린,56748,2017,흰색,경기,2430,AWD
76996,링컨,MKX,2.7 ,가솔린,153900,2016,흰색,경기,1590,AWD
77091,링컨,MKZ,2.0 ,가솔린,95579,2015,흰색,부산,1750,AWD
77245,링컨,네비게이터,5.4L V8,가솔린,204004,2011,흰색,광주,3499,2WD
77613,링컨,컨티넨탈,3.0 프레지덴셜 ,가솔린,60000,2017,기타,대구,3440,AWD
77730,링컨,MKC,2.0 ,가솔린,56654,2017,기타,대전,2490,AWD
78286,링컨,MKS,3.7,가솔린,104451,2013,회색,경기,720,2WD
78560,링컨,MKX,2.7 ,가솔린,22896,2016,회색,서울,2520,AWD
78576,링컨,MKX,2.7 ,가솔린,22896,2016,회색,서울,2520,AWD
78713,링컨,MKS,3.7,가솔린,128000,2013,회색,인천,839,2WD
78782,링컨,MKZ,2.0,가솔린,96633,2014,회색,경기,1130,2WD
78784,링컨,MKZ,2.0,가솔린,77400,2014,회색,경북,1490,2WD
78932,링컨,MKS,3.7,가솔린,175435,2015,회색,경기,870,2WD
78960,링컨,MKZ,3.5,가솔린,47668,2011,회색,서울,799,2WD
79194,링컨,MKX,3.5 ,가솔린,124364,2009,회색,경기,600,AWD
79268,링컨,MKX,3.7 ,가솔린,88340,2011,회색,인천,1230,AWD
79286,링컨,MKZ,2.0 ,가솔린,26407,2015,회색,경기,2050,AWD
79300,링컨,MKZ,2.0 ,가솔린,26407,2015,회색,경기,2050,AWD
79303,링컨,MKZ,2.0,가솔린,31864,2019,회색,경기,2890,2WD
79336,링컨,MKZ,2.0,가솔린,31864,2019,회색,경기,2890,2WD
79373,링컨,MKZ,2.0 ,가솔린,114446,2015,회색,서울,1320,AWD
79384,링컨,MKZ,하이브리드,가솔린+전기,77400,2018,회색,경기,2550,2WD
79407,링컨,MKZ,3.5,가솔린,64812,2011,회색,경기,630,2WD
79426,링컨,MKZ,2.0,가솔린,97397,2014,회색,경기,1070,2WD
79440,링컨,MKZ,2.0,가솔린,97397,2014,회색,경기,1070,2WD
79447,링컨,MKZ,2.0,가솔린,55868,2013,회색,경기,1550,2WD
79448,링컨,MKZ,2.0 ,가솔린,23375,2017,회색,부산,2790,AWD
79454,링컨,MKZ,2.0,가솔린,55868,2013,회색,경기,1550,2WD
79583,링컨,MKX,3.7 ,가솔린,88622,2013,회색,경기,1250,AWD
79720,링컨,MKX,3.7 ,가솔린,117600,2013,회색,경기,1090,AWD
79786,링컨,MKS,3.7,가솔린,180258,2013,회색,부산,750,2WD
79810,링컨,MKZ,2.0,가솔린,88800,2015,회색,대전,1250,2WD
80056,링컨,MKS,3.7,가솔린,119000,2014,회색,대구,1287,2WD
80100,링컨,MKZ,3.5,가솔린,93118,2009,회색,부산,360,2WD
80109,링컨,MKZ,3.5,가솔린,77632,2011,회색,경기,599,2WD
80170,링컨,에비에이터,4.6L V8,가솔린,200000,2004,회색,경기,590,2WD
80200,링컨,MKX,3.7 ,가솔린,98319,2011,회색,경기,980,AWD
80345,링컨,MKX,3.5 ,가솔린,126984,2009,회색,대구,599,AWD
80493,링컨,MKZ,3.5,가솔린,105100,2010,회색,경기,529,2WD
80517,링컨,MKS,3.7,가솔린,176687,2009,회색,경기,319,2WD
80530,링컨,MKX,3.7 ,가솔린,179700,2011,회색,경기,859,AWD
80723,링컨,MKS,3.7,가솔린,235493,2013,회색,경북,580,2WD
80756,링컨,MKZ,2.0 ,가솔린,100704,2014,회색,경기,1120,AWD
80774,링컨,MKX,3.7 ,가솔린,102817,2011,회색,경기,1050,AWD
80788,링컨,MKZ,3.5,가솔린,96421,2010,회색,서울,450,2WD
81302,링컨,MKS,3.7,가솔린,86180,2009,회색,부산,670,2WD
81307,링컨,MKX,2.7 ,가솔린,156000,2016,회색,충남,1860,AWD
81646,링컨,타운카,SIGNATURE,가솔린,293219,2005,회색,경기,169,2WD
81676,링컨,MKS,3.7,가솔린,157511,2013,회색,경기,830,2WD
81693,링컨,MKX,2.7 ,가솔린,73000,2016,회색,광주,1690,AWD
81747,링컨,MKC,2.0 ,가솔린,47381,2015,회색,경기,1790,AWD
81749,링컨,MKX,2.7 ,가솔린,94164,2016,회색,경기,2050,AWD
81764,링컨,MKX,2.7 ,가솔린,40560,2018,회색,경기,2850,AWD
81772,링컨,MKZ,2.0 ,가솔린,69308,2015,회색,대구,1650,AWD
81924,링컨,MKZ,3.5,가솔린,69850,2009,회색,부산,350,2WD
82194,링컨,MKZ,2.0,가솔린,90093,2014,회색,경기,1200,2WD
82391,링컨,에비에이터,3.0 블랙라벨 ,가솔린,7171,2021,회색,경기,8880,AWD
82478,링컨,에비에이터,3.0 블랙라벨 ,가솔린,33800,2020,회색,서울,8400,AWD
82686,링컨,에비에이터,3.0 리저브 ,가솔린,14338,2020,기타,경기,7200,AWD
82834,링컨,MKZ,2.0,가솔린,136467,2014,흰색,전북,1090,2WD
83140,링컨,MKZ,하이브리드,가솔린+전기,109145,2015,흰색,경기,1590,2WD
83556,링컨,에비에이터,3.0 리저브 ,가솔린,5000,2021,흰색,경북,7950,AWD
83623,링컨,MKZ,2.0,가솔린,82423,2014,흰색,부산,1390,2WD
84059,링컨,MKX,3.7 ,가솔린,93100,2013,흰색,경기,1270,AWD
84083,링컨,컨티넨탈,3.0 ,가솔린,71440,2017,흰색,광주,3490,AWD
84129,링컨,MKZ,하이브리드,가솔린+전기,105183,2017,흰색,경기,2560,2WD
84277,링컨,타운카,LIMOUSINE,가솔린,176000,2005,흰색,경기,1000,2WD
84533,링컨,MKC,2.0 ,가솔린,47674,2017,흰색,경기,2590,AWD
84587,링컨,MKX,2.7 ,가솔린,22417,2017,흰색,서울,3150,AWD
84643,링컨,MKC,2.0 ,가솔린,47674,2017,흰색,경기,2590,AWD
84838,링컨,MKZ,2.0,가솔린,22845,2018,흰색,대구,3130,2WD
84851,링컨,MKZ,2.0,가솔린,93584,2014,흰색,경기,1250,2WD
84861,링컨,MKX,2.7 ,가솔린,162000,2016,흰색,인천,1729,AWD
84934,링컨,MKZ,3.5,가솔린,76092,2010,흰색,경기,690,2WD
85180,링컨,MKZ,2.0,가솔린,107100,2015,흰색,서울,1499,2WD
85268,링컨,MKC,2.0 ,가솔린,37438,2017,흰색,경기,2580,AWD
85347,링컨,MKC,2.0 ,가솔린,2745,2016,흰색,경기,2650,AWD
85421,링컨,MKZ,2.0,가솔린,71766,2016,흰색,광주,1750,2WD
85507,링컨,MKX,2.7 ,가솔린,36299,2018,흰색,경기,3280,AWD
85544,링컨,MKZ,2.0,가솔린,71766,2016,흰색,광주,1750,2WD
85606,링컨,MKZ,하이브리드,가솔린+전기,52434,2017,흰색,서울,2800,2WD
85621,링컨,MKX,2.7 ,가솔린,36299,2018,흰색,경기,3280,AWD
85712,링컨,MKZ,2.0,가솔린,30324,2016,흰색,서울,2199,2WD
85747,링컨,MKZ,하이브리드,가솔린+전기,52434,2017,흰색,서울,2800,2WD
86094,링컨,MKZ,2.0,가솔린,13809,2015,흰색,경기,2350,2WD
86104,링컨,MKX,2.7 ,가솔린,128867,2016,흰색,서울,1950,AWD
86297,링컨,MKX,2.7 ,가솔린,87588,2018,흰색,경기,2800,AWD
86443,링컨,MKX,2.7 ,가솔린,87588,2018,흰색,경기,2800,AWD
86558,링컨,MKX,3.5 ,가솔린,208131,2010,흰색,경기,750,AWD
86588,링컨,에비에이터,3.0 블랙라벨 ,가솔린,21100,2020,흰색,제주,8400,AWD
86707,링컨,MKC,2.0 ,가솔린,12619,2018,흰색,서울,2720,AWD
87015,링컨,컨티넨탈,3.0 ,가솔린,74481,2017,흰색,경기,3250,AWD
87096,링컨,컨티넨탈,3.0 ,가솔린,74481,2017,흰색,경기,3250,AWD
87113,링컨,MKZ,2.0,가솔린,88318,2014,흰색,경기,1400,2WD
87159,링컨,MKC,2.0 ,가솔린,71480,2017,흰색,경기,2130,AWD
87218,링컨,MKZ,2.0,가솔린,88318,2014,흰색,경기,1400,2WD
87311,링컨,MKC,2.0 ,가솔린,25016,2019,흰색,경기,3190,AWD
87364,링컨,MKC,2.0 ,가솔린,25016,2019,흰색,경기,3190,AWD
87391,링컨,노틸러스,2.7 202A ,가솔린,6300,2020,흰색,서울,5480,AWD
87548,링컨,MKZ,2.0,가솔린,27460,2017,흰색,경기,2850,2WD
87588,링컨,노틸러스,2.7 리저브 ,가솔린,15427,2019,흰색,경기,9999,AWD
87647,링컨,MKX,2.7 ,가솔린,129657,2016,흰색,경기,2130,AWD
87657,링컨,MKZ,2.0,가솔린,27460,2017,흰색,경기,2850,2WD
87660,링컨,MKC,2.0 ,가솔린,37510,2017,흰색,경기,2580,AWD
87717,링컨,MKZ,2.0 ,가솔린,34175,2016,흰색,경기,2600,AWD
87771,링컨,MKX,2.7 ,가솔린,129657,2016,흰색,경기,2130,AWD
87793,링컨,MKZ,2.0 ,가솔린,34175,2016,흰색,경기,2600,AWD
87803,링컨,MKZ,2.0,가솔린,184688,2014,흰색,경기,990,2WD
87952,링컨,컨티넨탈,3.0 ,가솔린,34390,2017,흰색,대구,3790,AWD
88146,링컨,MKC,2.0 ,가솔린,39154,2015,흰색,서울,2380,AWD
88157,링컨,MKC,2.0 ,가솔린,45220,2016,흰색,경기,2190,AWD
88312,링컨,MKC,2.0 ,가솔린,85589,2015,흰색,경기,1949,AWD
88321,링컨,MKC,2.0 ,가솔린,85589,2015,흰색,경기,1949,AWD
88348,링컨,에비에이터,3.0 블랙라벨 ,가솔린,18138,2020,흰색,대전,8300,AWD
88383,링컨,MKZ,하이브리드,가솔린+전기,25836,2020,흰색,경기,3990,2WD
88582,링컨,MKZ,2.0,가솔린,69001,2017,흰색,경기,2399,2WD
88589,링컨,MKX,2.7 ,가솔린,108765,2016,흰색,경기,2090,AWD
88596,링컨,컨티넨탈,3.0 ,가솔린,49003,2017,흰색,경기,3110,AWD
88605,링컨,MKC,2.0 ,가솔린,45031,2017,흰색,경기,2550,AWD
88659,링컨,MKC,2.0 ,가솔린,45031,2017,흰색,경기,2550,AWD
88754,링컨,MKX,3.7 ,가솔린,134864,2013,흰색,인천,1000,AWD
89227,링컨,코세어,2.0 리저브 ,가솔린,15938,2020,흰색,부산,4850,AWD
89272,링컨,코세어,2.0 리저브 ,가솔린,15938,2020,흰색,부산,4850,AWD
89282,링컨,MKX,2.7 ,가솔린,93529,2016,흰색,경기,2150,AWD
89311,링컨,MKZ,2.0,가솔린,103297,2016,흰색,충북,1690,2WD
89312,링컨,MKC,2.0 ,가솔린,34365,2019,흰색,경기,3170,AWD
89453,링컨,MKC,2.0 ,가솔린,36591,2017,흰색,경기,2550,AWD
89516,링컨,MKS,3.7,가솔린,114987,2013,흰색,충북,1250,2WD
89524,링컨,MKX,3.7 ,가솔린,169000,2012,흰색,대구,1188,AWD
89628,링컨,MKC,2.0 ,가솔린,20851,2017,흰색,부산,2680,AWD
89678,링컨,MKZ,2.0,가솔린,130508,2015,흰색,경기,1130,2WD
89720,링컨,MKC,2.0 ,가솔린,77843,2015,흰색,서울,1920,AWD
89749,링컨,MKC,2.0 ,가솔린,77843,2015,흰색,서울,1920,AWD
89783,링컨,MKC,2.0 ,가솔린,72282,2015,흰색,경기,2090,AWD
90126,링컨,MKZ,하이브리드,가솔린+전기,51908,2017,흰색,부산,2900,2WD
90304,링컨,MKX,2.7 ,가솔린,46075,2018,흰색,부산,2990,AWD
90330,링컨,MKZ,2.0,가솔린,74419,2016,흰색,전북,1650,2WD
90479,링컨,MKX,2.7 ,가솔린,75300,2016,흰색,부산,2550,AWD
90505,링컨,MKZ,하이브리드,가솔린+전기,77025,2016,흰색,부산,2150,2WD
90508,링컨,MKZ,하이브리드,가솔린+전기,77025,2016,흰색,부산,2150,2WD
90511,링컨,MKZ,2.0,가솔린,63458,2017,흰색,경기,2350,2WD
90529,링컨,컨티넨탈,3.0 ,가솔린,13440,2019,흰색,인천,4790,AWD
90886,링컨,MKC,2.0 ,가솔린,73890,2015,흰색,경기,1880,AWD
90966,링컨,MKX,2.7 ,가솔린,74063,2016,흰색,경남,2580,AWD
90990,링컨,코세어,2.0 리저브 ,가솔린,14737,2021,흰색,경기,4980,AWD
91077,링컨,MKZ,2.0,가솔린,23477,2019,흰색,경기,2860,2WD
91080,링컨,MKZ,2.0,가솔린,23477,2019,흰색,경기,2860,2WD
91112,링컨,컨티넨탈,3.0 프레지덴셜 ,가솔린,59374,2017,흰색,경기,3990,AWD
91197,링컨,MKZ,2.0,가솔린,41000,2014,흰색,전북,1700,2WD
91274,링컨,MKZ,2.0,가솔린,58070,2018,흰색,경기,2750,2WD
91283,링컨,MKZ,하이브리드,가솔린+전기,194123,2015,흰색,서울,1250,2WD
91318,링컨,MKZ,2.0,가솔린,37000,2015,흰색,서울,1860,2WD
91586,링컨,MKZ,2.0,가솔린,26439,2017,흰색,경기,2760,2WD
91591,링컨,MKZ,2.0,가솔린,26439,2017,흰색,경기,2760,2WD
91629,링컨,네비게이터,3.5L,가솔린,889,2021,흰색,경기,11270,2WD
91750,링컨,MKZ,2.0,가솔린,33632,2018,흰색,경기,2990,2WD
91774,링컨,MKZ,하이브리드,가솔린+전기,82671,2016,흰색,경기,2000,2WD
91786,링컨,MKZ,3.5,가솔린,84423,2010,흰색,대구,599,2WD
91794,링컨,MKZ,2.0,가솔린,128167,2014,흰색,부산,1260,2WD
92166,링컨,MKZ,2.0 ,가솔린,178190,2013,흰색,인천,900,AWD
92196,링컨,MKC,2.0 ,가솔린,29698,2019,흰색,서울,3049,AWD
92241,링컨,MKC,2.0 ,가솔린,22485,2019,흰색,경기,3140,AWD
92243,링컨,MKC,2.0 ,가솔린,22485,2019,흰색,경기,3140,AWD
92346,링컨,MKZ,2.0,가솔린,89827,2014,흰색,서울,1290,2WD
92364,링컨,MKZ,2.0 ,가솔린,62626,2016,흰색,경기,2050,AWD
92381,링컨,MKZ,2.0 ,가솔린,97137,2016,흰색,경기,1950,AWD
92385,링컨,MKZ,2.0 ,가솔린,97137,2016,흰색,경기,1950,AWD
92559,링컨,네비게이터,3.5L,가솔린,9308,2021,흰색,서울,10780,2WD
92563,링컨,네비게이터,3.5L,가솔린,9308,2021,흰색,서울,10780,2WD
92630,링컨,코세어,2.0 리저브 ,가솔린,15938,2020,흰색,부산,88,AWD
92841,링컨,MKC,2.0 ,가솔린,75796,2016,흰색,경기,2190,AWD
92956,링컨,컨티넨탈,3.0 프레지덴셜 ,가솔린,75567,2017,흰색,경기,3390,AWD
93300,링컨,MKZ,2.0,가솔린,66056,2017,흰색,경기,2370,2WD
93322,링컨,에비에이터,3.0 블랙라벨 ,가솔린,20354,2020,흰색,경기,8500,AWD
93427,링컨,코세어,2.0 리저브 ,가솔린,15039,2020,흰색,서울,4850,AWD
93479,링컨,MKZ,2.0 ,가솔린,67324,2017,흰색,경기,2750,AWD
93482,링컨,MKZ,2.0 ,가솔린,67330,2017,흰색,경기,2750,AWD
93493,링컨,에비에이터,3.0 블랙라벨 ,가솔린,12726,2020,흰색,경기,8650,AWD
93497,링컨,에비에이터,3.0 블랙라벨 ,가솔린,12726,2020,흰색,경기,8650,AWD
93546,링컨,MKC,2.0 ,가솔린,97870,2015,흰색,광주,1500,AWD
93557,링컨,MKC,2.0 ,가솔린,97709,2015,흰색,제주,2100,AWD
93622,링컨,네비게이터,3.5L,가솔린,66000,2019,흰색,서울,9320,2WD
94410,링컨,MKC,2.0 ,가솔린,63227,2015,흰색,경기,2090,AWD
94411,링컨,MKC,2.0 ,가솔린,63227,2015,흰색,경기,2090,AWD
94515,링컨,MKX,2.7 ,가솔린,52124,2018,흰색,경기,9999,AWD
