,brand,name,info,type,km,year,color,location,price,wd
61854,마세라티,포르테,S Q4 3.0 V6 그란루쏘,가솔린,49,2020,검정색,서울,13450,2WD
61908,마세라티,포르테,S Q4 3.0 V6 그란루쏘,가솔린,49,2020,검정색,서울,13450,2WD
61999,마세라티,포르테,S Q4 3.0 V6,가솔린,118816,2014,검정색,경기,4600,2WD
62033,마세라티,르반떼,3.0 ,가솔린,52548,2019,검정색,서울,7750,AWD
62275,마세라티,포르테,S Q4 3.0 V6 그란루쏘,가솔린,14208,2020,검정색,서울,11800,2WD
62320,마세라티,포르테,S Q4 3.0 V6 그란루쏘,가솔린,14208,2020,검정색,서울,11800,2WD
62337,마세라티,포르테,3.0 V6,가솔린,95667,2016,검정색,경기,5300,2WD
62468,마세라티,기블리,3.0 ,디젤,103300,2015,검정색,대구,3899,2WD
62512,마세라티,기블리,3.0 ,디젤,127735,2014,검정색,인천,3399,2WD
62583,마세라티,포르테,S Q4 3.0 V6 그란스포츠,가솔린,101576,2017,검정색,서울,6850,2WD
62617,마세라티,기블리,3.0 그란루쏘,가솔린,48947,2018,검정색,경기,6200,2WD
62620,마세라티,포르테,3.0 V6 그란루쏘,가솔린,44299,2018,검정색,경기,7950,2WD
62659,마세라티,포르테,3.0 V6 그란루쏘,가솔린,35293,2019,검정색,경기,9250,2WD
62661,마세라티,기블리,3.0 그란루쏘,가솔린,48947,2018,검정색,경기,6200,2WD
62848,마세라티,포르테,3.0 ,디젤,107102,2016,검정색,경기,4250,2WD
63014,마세라티,포르테,GTS 3.8 V8 그란스포츠,가솔린,13681,2017,검정색,서울,11000,2WD
63068,마세라티,기블리,3.0 ,디젤,99618,2016,검정색,광주,3930,2WD
63152,마세라티,기블리,3.0 ,디젤,99618,2016,검정색,광주,3930,2WD
63228,마세라티,그란투리스모,S 4.7,가솔린,24500,2012,검정색,경남,7280,2WD
63378,마세라티,르반떼,3.0   그란루쏘,디젤,53363,2018,검정색,경기,7540,AWD
63471,마세라티,기블리,3.0 그란스포츠,가솔린,78914,2018,검정색,대구,5399,2WD
63476,마세라티,기블리,3.0S Q4,가솔린,36793,2017,검정색,경기,6310,2WD
63569,마세라티,기블리,3.0 그란스포츠,가솔린,62000,2018,검정색,서울,6000,2WD
63577,마세라티,그란투리스모,4.7 스포츠,가솔린,70000,2013,검정색,대구,6999,2WD
63684,마세라티,포르테,3.0 ,디젤,114835,2014,검정색,경기,4200,2WD
63855,마세라티,기블리,3.0S Q4,가솔린,30401,2016,검정색,광주,5750,2WD
63877,마세라티,포르테,3.0 ,디젤,70381,2015,검정색,서울,4750,2WD
63999,마세라티,기블리,3.0 그란스포츠,가솔린,31000,2018,검정색,경기,5995,2WD
64027,마세라티,포르테,3.0 ,디젤,60000,2016,검정색,경남,5380,2WD
64069,마세라티,그란투리스모,4.7 스포츠,가솔린,43900,2015,검정색,서울,7499,2WD
64133,마세라티,기블리,3.0 ,디젤,140480,2014,검정색,경기,3040,2WD
64144,마세라티,기블리,3.0,가솔린,60848,2016,검정색,경기,4990,2WD
64215,마세라티,기블리,3.0,가솔린,60848,2016,검정색,경기,4990,2WD
64233,마세라티,기블리,3.0S Q4,가솔린,868,2020,검정색,충북,9390,2WD
64274,마세라티,르반떼,3.0  그란루쏘,가솔린,16707,2019,검정색,경기,8999,AWD
64289,마세라티,기블리,3.0  그란루쏘,디젤,70730,2018,검정색,경기,6450,2WD
64291,마세라티,르반떼,3.0  그란루쏘,가솔린,16707,2019,검정색,경기,8999,AWD
64337,마세라티,르반떼,3.0  그란루쏘,가솔린,16707,2019,검정색,경기,8999,AWD
64351,마세라티,기블리,3.0 ,디젤,193056,2014,검정색,부산,2650,2WD
64465,마세라티,기블리,3.0 스포츠,가솔린,29928,2017,검정색,경기,5799,2WD
64514,마세라티,기블리,3.0 스포츠,가솔린,29928,2017,검정색,경기,5799,2WD
64640,마세라티,르반떼,3.0   럭셔리,디젤,56544,2017,검정색,부산,6690,AWD
64672,마세라티,기블리,3.0,가솔린,72813,2014,검정색,경기,4490,2WD
64694,마세라티,르반떼,3.0   럭셔리,디젤,56544,2017,검정색,부산,6690,AWD
64727,마세라티,기블리,3.0 그란스포츠,가솔린,41400,2018,검정색,경기,6100,2WD
64839,마세라티,기블리,3.0 그란스포츠,가솔린,1030,2020,검정색,서울,9000,2WD
64840,마세라티,기블리,3.0 ,디젤,3263,2020,검정색,서울,7500,2WD
64887,마세라티,르반떼,3.0  그란루쏘,가솔린,19000,2019,검정색,서울,9000,AWD
64940,마세라티,기블리,3.0,가솔린,11905,2019,검정색,경기,7120,2WD
65092,마세라티,기블리,3.0,가솔린,153973,2014,검정색,경기,3090,2WD
65094,마세라티,포르테,S Q4 3.0 V6,가솔린,58340,2014,검정색,경기,3390,2WD
65308,마세라티,르반떼,3.0 S  그란루쏘,가솔린,5158,2020,검정색,서울,11000,AWD
65334,마세라티,포르테,3.0 V6,가솔린,69211,2017,검정색,부산,5840,2WD
65371,마세라티,기블리,3.0S Q4,가솔린,51529,2014,검정색,경기,4580,2WD
65412,마세라티,기블리,3.0S Q4,가솔린,30751,2018,검정색,경기,6999,2WD
65420,마세라티,기블리,3.0 ,디젤,125246,2015,검정색,인천,3440,2WD
65471,마세라티,기블리,3.0 스포츠,가솔린,180000,2016,검정색,서울,3250,2WD
65510,마세라티,기블리,3.0,가솔린,167000,2014,검정색,대구,2899,2WD
65625,마세라티,기블리,3.0 ,디젤,23243,2015,검정색,서울,4850,2WD
65638,마세라티,포르테,3.0 V6,가솔린,18000,2019,검정색,서울,8000,2WD
65643,마세라티,기블리,3.0 ,디젤,23243,2015,검정색,서울,4850,2WD
65756,마세라티,르반떼,3.8 GTS ,가솔린,11000,2020,검정색,경기,14195,AWD
65759,마세라티,기블리,3.0 ,디젤,68591,2018,검정색,부산,5830,2WD
65767,마세라티,기블리,3.0 ,디젤,123827,2014,검정색,인천,3399,2WD
65793,마세라티,기블리,3.0 ,디젤,55473,2016,검정색,부산,4480,2WD
65796,마세라티,기블리,3.0 ,디젤,68591,2018,검정색,부산,5830,2WD
65797,마세라티,포르테,3.0 ,디젤,97004,2016,검정색,부산,4850,2WD
65821,마세라티,르반떼,3.0  그란스포츠,가솔린,45000,2018,검정색,인천,7686,AWD
65840,마세라티,포르테,S Q4 3.0 V6,가솔린,87544,2015,검정색,서울,5690,2WD
65842,마세라티,기블리,3.0 그란스포츠,가솔린,4715,2020,검정색,경기,8750,2WD
66091,마세라티,기블리,3.0  스포츠,디젤,131362,2016,검정색,인천,3600,2WD
66312,마세라티,르반떼,3.0  스포츠,가솔린,43000,2017,검정색,경기,6880,AWD
66316,마세라티,기블리,3.0 스포츠,가솔린,41000,2017,검정색,경기,5350,2WD
66374,마세라티,포르테,S Q4 3.0 V6 그란스포츠,가솔린,29160,2019,검정색,서울,10700,2WD
66584,마세라티,르반떼,3.0  스포츠,가솔린,99084,2017,검정색,경기,6290,AWD
66647,마세라티,기블리,3.0,가솔린,62741,2019,검정색,경기,6200,2WD
66752,마세라티,포르테,3.0 V6 그란루쏘,가솔린,57361,2019,검정색,경기,8790,2WD
66791,마세라티,포르테,3.0  그란루쏘,디젤,61023,2017,검정색,경남,6550,2WD
67030,마세라티,르반떼,3.0  럭셔리,가솔린,68358,2017,검정색,경기,6350,AWD
67094,마세라티,포르테,S Q4 3.0 V6 그란스포츠,가솔린,27268,2018,검정색,경기,9240,2WD
67129,마세라티,르반떼,3.0  그란루쏘,가솔린,3000,2021,검정색,서울,10,AWD
67130,마세라티,포르테,3.0 ,디젤,92000,2018,검정색,서울,6850,2WD
67181,마세라티,포르테,3.0 V6 그란루쏘,가솔린,60000,2018,검정색,대구,7300,2WD
67205,마세라티,르반떼,3.0  프리미엄,가솔린,52190,2017,검정색,경기,6700,AWD
67208,마세라티,포르테,4.2 V8,가솔린,95698,2007,검정색,전북,1999,2WD
67255,마세라티,기블리,3.0S Q4 그란루쏘,가솔린,52000,2018,검정색,부산,6870,2WD
67387,마세라티,그란투리스모,S 4.7,가솔린,51397,2011,검정색,경기,5200,2WD
67416,마세라티,기블리,3.0S Q4,가솔린,10213,2020,검정색,대구,10000,2WD
67503,마세라티,포르테,3.0  그란루쏘,디젤,97188,2017,검정색,서울,6290,2WD
67602,마세라티,포르테,3.0 V6,가솔린,69000,2017,검정색,부산,5850,2WD
67619,마세라티,포르테,3.0 ,디젤,97990,2018,검정색,전북,6980,2WD
67649,마세라티,그란투리스모,4.7 스포츠,가솔린,56893,2013,검정색,경기,6450,2WD
67669,마세라티,포르테,GTS 3.8 V8 그란루쏘,가솔린,51051,2017,검정색,경기,8390,2WD
67673,마세라티,포르테,GTS 3.8 V8 그란루쏘,가솔린,51051,2017,검정색,경기,8390,2WD
67694,마세라티,그란투리스모,S 4.7,가솔린,47562,2009,검정색,경기,4600,2WD
67714,마세라티,포르테,S Q4 3.0 V6 그란루쏘,가솔린,66483,2017,검정색,경기,7000,2WD
67794,마세라티,르반떼,3.0   스포츠,디젤,131071,2017,검정색,경기,5600,AWD
67835,마세라티,르반떼,3.0   그란스포츠,디젤,51442,2018,검정색,경기,7800,AWD
67920,마세라티,포르테,3.0 V6 그란루쏘,가솔린,29390,2018,검정색,충북,8200,2WD
68003,마세라티,그란투리스모,4.2,가솔린,40700,2013,검정색,서울,6200,2WD
68152,마세라티,르반떼,3.0   그란루쏘,디젤,48173,2018,검정색,경기,7450,AWD
68157,마세라티,기블리,3.0,가솔린,71527,2016,검정색,경기,4630,2WD
68225,마세라티,기블리,3.0  스포츠,디젤,111698,2016,검정색,경기,4190,2WD
68254,마세라티,기블리,3.0 ,디젤,18948,2019,검정색,경기,6960,2WD
68271,마세라티,포르테,4.2 V8,가솔린,98215,2005,검정색,경기,1599,2WD
68301,마세라티,기블리,3.0 ,디젤,55473,2016,검정색,부산,107,2WD
68302,마세라티,기블리,3.0 ,디젤,68591,2018,검정색,부산,117,2WD
68341,마세라티,스파이더,4.2 V8,가솔린,43000,2004,검정색,경기,3250,2WD
68416,마세라티,르반떼,3.0  럭셔리,가솔린,19383,2017,검정색,경기,7500,AWD
68418,마세라티,르반떼,3.0  럭셔리,가솔린,19383,2017,검정색,경기,7500,AWD
68426,마세라티,르반떼,3.8 트로페오,가솔린,61582,2019,검정색,경기,12300,2WD
68444,마세라티,기블리,3.0S Q4,가솔린,63700,2017,검정색,서울,4670,2WD
68458,마세라티,르반떼,3.0  그란루쏘,가솔린,2659,2020,검정색,서울,10400,AWD
68463,마세라티,기블리,3.0,가솔린,2043,2020,검정색,서울,8200,2WD
68470,마세라티,르반떼,3.0  그란스포츠,가솔린,27141,2019,검정색,서울,8500,AWD
68539,마세라티,포르테,S Q4 3.0 V6 그란스포츠,가솔린,80515,2017,검정색,경기,7560,2WD
68568,마세라티,그란투리스모,4.2,가솔린,40704,2013,검정색,서울,6200,2WD
68632,마세라티,기블리,3.0S Q4,가솔린,38050,2018,검정색,경기,7000,2WD
68635,마세라티,기블리,3.0 ,디젤,67061,2015,검정색,서울,4490,2WD
68636,마세라티,기블리,3.0 ,디젤,67061,2015,검정색,서울,4490,2WD
68653,마세라티,포르테,3.0 ,디젤,111280,2016,검정색,서울,4690,2WD
68655,마세라티,포르테,3.0 ,디젤,111280,2016,검정색,서울,4690,2WD
68949,마세라티,기블리,3.0  스포츠,디젤,93775,2016,검정색,인천,3970,2WD
69133,마세라티,그란투리스모,4.7 스포츠,가솔린,54990,2015,검정색,전북,8050,2WD
69174,마세라티,기블리,3.0 그란루쏘,가솔린,1889,2020,검정색,서울,8900,2WD
69180,마세라티,기블리,3.0 ,디젤,46949,2019,검정색,경기,6390,2WD
69244,마세라티,르반떼,3.0  그란스포츠,가솔린,6755,2020,검정색,서울,10100,AWD
69245,마세라티,르반떼,3.0  프리미엄,가솔린,5582,2020,검정색,서울,9200,AWD
69246,마세라티,포르테,3.0 V6,가솔린,5672,2020,검정색,서울,9450,2WD
69247,마세라티,기블리,3.0 그란루쏘,가솔린,2565,2020,검정색,서울,8800,2WD
69330,마세라티,기블리,3.0S Q4,가솔린,62500,2017,검정색,인천,5600,2WD
69452,마세라티,포르테,S 4.7 V8,가솔린,100000,2011,검정색,서울,3850,2WD
69469,마세라티,포르테,3.0 V6,가솔린,33827,2017,검정색,광주,6390,2WD
69531,마세라티,르반떼,3.0  그란스포츠,가솔린,5700,2020,검정색,서울,9150,AWD
69615,마세라티,기블리,3.0  그란스포츠,디젤,6682,2019,검정색,경기,6890,2WD
69616,마세라티,기블리,3.0,가솔린,57000,2018,검정색,대전,5870,2WD
69710,마세라티,기블리,3.0,가솔린,23000,2018,검정색,부산,4800,2WD
69724,마세라티,포르테,3.0 ,디젤,101480,2015,검정색,경기,4700,2WD
69819,마세라티,포르테,GTS 3.8 V8,가솔린,95628,2014,기타,경기,5480,2WD
69827,마세라티,포르테,3.0 V6 그란루쏘,가솔린,68000,2018,기타,경기,7600,2WD
69841,마세라티,그란투리스모,4.7 스포츠,가솔린,35000,2010,기타,서울,6300,2WD
69852,마세라티,기블리,3.0 ,디젤,38094,2016,기타,서울,4890,2WD
69943,마세라티,르반떼,3.0  ,디젤,48809,2019,기타,서울,7800,AWD
70014,마세라티,포르테,3.0 ,디젤,64900,2016,기타,경기,5090,2WD
70021,마세라티,포르테,3.0 V6 그란루쏘,가솔린,19000,2019,기타,경기,9200,2WD
70033,마세라티,기블리,3.0S Q4 그란루쏘,가솔린,10858,2020,기타,경기,8928,2WD
70040,마세라티,포르테,3.0 V6 그란루쏘,가솔린,8500,2020,기타,부산,9700,2WD
70095,마세라티,기블리,3.0 ,디젤,58418,2017,기타,경기,4400,2WD
70104,마세라티,르반떼,3.0  그란스포츠,가솔린,30000,2019,기타,서울,8600,AWD
70133,마세라티,포르테,S Q4 3.0 V6 그란루쏘,가솔린,39000,2019,기타,경기,10200,2WD
70188,마세라티,르반떼,3.8 GTS ,가솔린,21595,2019,기타,부산,11900,AWD
70204,마세라티,르반떼,3.8 GTS ,가솔린,21595,2019,기타,부산,11900,AWD
70240,마세라티,기블리,3.0 ,디젤,80984,2016,기타,경기,4190,2WD
70265,마세라티,기블리,3.0 ,디젤,80984,2016,기타,경기,4190,2WD
70273,마세라티,기블리,3.0 ,디젤,106713,2015,기타,경기,3790,2WD
70297,마세라티,포르테,S Q4 3.0 V6 그란루쏘,가솔린,25973,2019,기타,서울,10990,2WD
70317,마세라티,그란투리스모,4.7 스포츠,가솔린,62834,2013,기타,경기,6550,2WD
70347,마세라티,포르테,3.0 ,디젤,83000,2017,기타,세종,5780,2WD
70369,마세라티,포르테,S Q4 3.0 V6,가솔린,108000,2016,기타,경기,6100,2WD
70395,마세라티,기블리,3.0 ,디젤,79329,2015,기타,경기,3990,2WD
70401,마세라티,기블리,3.0  스포츠,디젤,84364,2016,기타,서울,3900,2WD
70425,마세라티,포르테,3.0 ,디젤,91228,2014,기타,대구,4250,2WD
70452,마세라티,포르테,GTS 3.8 V8,가솔린,30418,2016,기타,부산,6990,2WD
70468,마세라티,포르테,GTS 3.8 V8,가솔린,30418,2016,기타,부산,6990,2WD
70477,마세라티,포르테,3.0 ,디젤,87258,2015,기타,부산,4350,2WD
70490,마세라티,포르테,3.0 ,디젤,87258,2015,기타,부산,4350,2WD
70493,마세라티,포르테,S Q4 3.0 V6 그란루쏘,가솔린,17000,2017,기타,서울,8200,2WD
70496,마세라티,포르테,3.0 ,디젤,64935,2016,기타,경기,5090,2WD
70543,마세라티,포르테,3.0 ,디젤,61967,2015,기타,대구,4170,2WD
70584,마세라티,기블리,3.0S Q4,가솔린,44724,2016,기타,경기,5750,2WD
70586,마세라티,포르테,S Q4 3.0 V6 그란루쏘,가솔린,80245,2017,기타,서울,7350,2WD
70592,마세라티,기블리,3.0,가솔린,69448,2016,기타,경기,4690,2WD
70598,마세라티,기블리,3.0S Q4,가솔린,44724,2016,기타,경기,5750,2WD
70614,마세라티,르반떼,3.0  그란스포츠,가솔린,948,2020,기타,경기,8530,AWD
70639,마세라티,기블리,3.0 ,디젤,61100,2016,기타,서울,4450,2WD
70727,마세라티,기블리,3.0S Q4 그란스포츠,가솔린,36535,2018,기타,경기,6950,2WD
70728,마세라티,르반떼,3.0  럭셔리,가솔린,105523,2017,기타,경기,5920,AWD
70796,마세라티,포르테,3.0 V6,가솔린,16500,2018,기타,서울,8300,2WD
70831,마세라티,포르테,S 4.7 V8 스포츠 GT,가솔린,28000,2013,기타,경기,8000,2WD
70838,마세라티,기블리,3.0  그란스포츠,디젤,1322,2018,기타,경기,7490,2WD
70860,마세라티,기블리,3.0S Q4,가솔린,112860,2016,기타,경기,4699,2WD
70889,마세라티,기블리,3.0S Q4,가솔린,42000,2017,기타,서울,6000,2WD
70927,마세라티,기블리,3.0  그란스포츠,디젤,35000,2018,기타,대구,6300,2WD
70978,마세라티,기블리,3.0S Q4,가솔린,91497,2016,기타,경기,4850,2WD
71033,마세라티,르반떼,3.0   그란스포츠,디젤,26000,2018,기타,경기,8250,AWD
71059,마세라티,스파이더,4.2 V8,가솔린,30105,2004,기타,경기,2860,2WD
71065,마세라티,그란카브리오,4.7 스포츠,가솔린,19020,2016,기타,경기,12600,2WD
71158,마세라티,포르테,4.2 V8 스포츠 GT,가솔린,69865,2008,기타,경기,2499,2WD
71178,마세라티,르반떼,3.0  그란스포츠,가솔린,53739,2019,기타,경기,8190,AWD
71179,마세라티,르반떼,3.0  그란스포츠,가솔린,53739,2019,기타,경기,8190,AWD
71186,마세라티,기블리,3.0  그란루쏘,디젤,50840,2018,기타,대전,5700,2WD
71202,마세라티,포르테,4.2 V8 스포츠 GT,가솔린,108251,2008,기타,경기,2150,2WD
71218,마세라티,르반떼,3.0  ,디젤,11318,2019,기타,서울,8100,AWD
71254,마세라티,그란투리스모,4.7 스포츠,가솔린,84341,2016,기타,경기,6999,2WD
71260,마세라티,기블리,3.0 ,디젤,31829,2018,기타,경기,5810,2WD
71358,마세라티,기블리,3.0,가솔린,105538,2014,기타,인천,3650,2WD
71363,마세라티,기블리,3.0  스포츠,디젤,108859,2016,기타,경기,3950,2WD
71375,마세라티,쿠페,4.2 V8,가솔린,22000,2004,기타,경기,2200,2WD
71428,마세라티,기블리,3.0  럭셔리,디젤,95443,2017,기타,경기,4800,2WD
71465,마세라티,르반떼,3.0 S  그란스포츠,가솔린,64437,2018,기타,경기,8150,AWD
71490,마세라티,기블리,3.0S Q4,가솔린,132205,2016,기타,경기,4570,2WD
71494,마세라티,기블리,3.0  럭셔리,디젤,61000,2017,기타,서울,5300,2WD
71504,마세라티,포르테,3.0 ,디젤,89000,2017,기타,경기,6200,2WD
71541,마세라티,기블리,3.0S Q4,가솔린,120000,2017,기타,부산,5350,2WD
71542,마세라티,기블리,3.0S Q4,가솔린,120000,2017,기타,부산,5350,2WD
71575,마세라티,포르테,S Q4 3.0 V6 그란스포츠,가솔린,12400,2019,기타,서울,10670,2WD
71596,마세라티,포르테,4.2 V8,가솔린,45808,2005,기타,경기,1190,2WD
71603,마세라티,기블리,3.0  스포츠,디젤,67967,2016,기타,경기,4440,2WD
71631,마세라티,포르테,4.2 V8,가솔린,111000,2010,기타,경기,2850,2WD
71657,마세라티,포르테,GTS 3.8 V8 그란스포츠,가솔린,24500,2017,기타,서울,10900,2WD
71665,마세라티,르반떼,3.0  럭셔리,가솔린,62394,2017,기타,대구,6690,AWD
71682,마세라티,포르테,S Q4 3.0 V6,가솔린,77000,2014,기타,서울,4390,2WD
71699,마세라티,포르테,S Q4 3.0 V6 그란스포츠,가솔린,52500,2017,기타,서울,7950,2WD
71703,마세라티,기블리,3.0S Q4,가솔린,16482,2018,기타,경기,7250,2WD
71704,마세라티,기블리,3.0S Q4 그란스포츠,가솔린,70284,2018,기타,경기,6449,2WD
71712,마세라티,기블리,3.0 그란스포츠,가솔린,9795,2020,기타,서울,7400,2WD
71767,마세라티,르반떼,3.0  프리미엄,가솔린,18900,2017,기타,경기,7900,AWD
71775,마세라티,기블리,3.0 ,디젤,68950,2017,기타,광주,5090,2WD
71784,마세라티,포르테,S Q4 3.0 V6,가솔린,102080,2014,기타,경기,4300,2WD
71826,마세라티,기블리,3.0 ,디젤,60473,2018,기타,서울,5500,2WD
71827,마세라티,기블리,3.0 ,디젤,60473,2018,기타,서울,5500,2WD
71838,마세라티,기블리,3.0 ,디젤,43800,2015,기타,경기,4399,2WD
71848,마세라티,그란투리스모,4.7 스포츠,가솔린,44407,2014,기타,경기,7500,2WD
71870,마세라티,기블리,3.0,가솔린,74000,2016,기타,부산,4500,2WD
71873,마세라티,기블리,3.0S Q4 그란스포츠,가솔린,18000,2020,기타,경기,8749,2WD
71878,마세라티,기블리,3.0S Q4,가솔린,26660,2016,기타,서울,6100,2WD
71883,마세라티,포르테,3.0 V6,가솔린,2185,2020,기타,서울,10250,2WD
71900,마세라티,기블리,3.0  그란스포츠,디젤,2750,2020,기타,서울,8100,2WD
71901,마세라티,기블리,3.0 그란스포츠,가솔린,1828,2020,기타,서울,9100,2WD
71902,마세라티,르반떼,3.0  그란루쏘,가솔린,8010,2020,기타,서울,10100,AWD
71903,마세라티,기블리,3.0  그란스포츠,디젤,5060,2020,기타,서울,8100,2WD
71904,마세라티,기블리,3.0 ,디젤,5542,2020,기타,서울,7500,2WD
71905,마세라티,포르테,3.0 V6 그란루쏘,가솔린,3640,2020,기타,서울,11100,2WD
71906,마세라티,기블리,3.0 ,디젤,3468,2020,기타,서울,7500,2WD
71940,마세라티,기블리,3.0S Q4 그란스포츠,가솔린,26800,2019,기타,서울,8126,2WD
71949,마세라티,기블리,3.0  스포츠,디젤,86582,2016,기타,경기,4000,2WD
71950,마세라티,기블리,3.0  스포츠,디젤,86582,2016,기타,경기,4000,2WD
71961,마세라티,기블리,3.0 ,디젤,128000,2015,기타,서울,3500,2WD
71993,마세라티,그란투리스모,S 4.7 MC 스포츠,가솔린,33800,2016,기타,전북,8800,2WD
72009,마세라티,기블리,3.0 ,디젤,101651,2014,기타,경기,3590,2WD
72010,마세라티,기블리,3.0 ,디젤,101651,2014,기타,경기,3590,2WD
72011,마세라티,기블리,3.0 ,디젤,73500,2017,기타,대구,4950,2WD
72013,마세라티,기블리,3.0S Q4,가솔린,120900,2014,기타,경기,3800,2WD
72035,마세라티,포르테,S Q4 3.0 V6 그란루쏘,가솔린,55000,2017,기타,서울,7390,2WD
72046,마세라티,기블리,3.0 ,디젤,52000,2017,기타,경기,4200,2WD
72206,마세라티,르반떼,3.0   스포츠,디젤,92458,2017,기타,경기,6300,AWD
72239,마세라티,포르테,S Q4 3.0 V6,가솔린,29750,2016,기타,대전,7140,2WD
72298,마세라티,포르테,S Q4 3.0 V6,가솔린,76605,2016,기타,경기,5380,2WD
72529,마세라티,포르테,S 4.7 V8 스포츠 GT,가솔린,68862,2013,기타,서울,5300,2WD
72691,마세라티,기블리,3.0S Q4,가솔린,58040,2015,회색,서울,4960,2WD
72801,마세라티,그란투리스모,4.2,가솔린,87498,2008,회색,대구,3999,2WD
72957,마세라티,기블리,3.0S Q4,가솔린,102978,2017,회색,서울,4999,2WD
73091,마세라티,기블리,3.0 그란루쏘,가솔린,11709,2020,회색,서울,7550,2WD
73113,마세라티,기블리,3.0 그란루쏘,가솔린,11709,2020,회색,서울,7550,2WD
73266,마세라티,기블리,3.0 그란스포츠,가솔린,6666,2020,회색,경기,7990,2WD
73337,마세라티,기블리,3.0S Q4,가솔린,39621,2016,회색,서울,4650,2WD
73345,마세라티,기블리,3.0 ,디젤,43821,2017,회색,경기,4940,2WD
73362,마세라티,기블리,3.0S Q4,가솔린,39621,2016,회색,서울,4650,2WD
73422,마세라티,기블리,3.0 그란스포츠,가솔린,6553,2020,회색,경기,8000,2WD
73447,마세라티,르반떼,3.0 S  스포츠,가솔린,60189,2017,회색,부산,7350,AWD
73464,마세라티,기블리,3.0 그란스포츠,가솔린,6553,2020,회색,경기,8000,2WD
73475,마세라티,르반떼,3.0 S  스포츠,가솔린,60189,2017,회색,부산,7350,AWD
73626,마세라티,포르테,4.2 V8,가솔린,52462,2013,회색,경기,3640,2WD
73778,마세라티,기블리,3.0 그란루쏘,가솔린,2471,2020,회색,경기,7990,2WD
73782,마세라티,기블리,3.0S Q4,가솔린,37315,2015,회색,부산,4990,2WD
73799,마세라티,기블리,3.0 그란루쏘,가솔린,2471,2020,회색,경기,7990,2WD
73809,마세라티,기블리,3.0S Q4,가솔린,37315,2015,회색,부산,4990,2WD
73844,마세라티,르반떼,3.0  프리미엄,가솔린,22947,2019,회색,경기,7080,AWD
73848,마세라티,기블리,3.0 ,디젤,53000,2017,회색,경기,4900,2WD
73894,마세라티,기블리,3.0,가솔린,90667,2016,회색,경기,4350,2WD
73918,마세라티,포르테,S Q4 3.0 V6,가솔린,108628,2015,회색,대구,5380,2WD
74022,마세라티,기블리,3.0S Q4,가솔린,93645,2015,회색,경기,4590,2WD
74178,마세라티,기블리,3.0 그란스포츠,가솔린,6648,2020,회색,경기,7650,2WD
74181,마세라티,포르테,GTS 3.8 V8,가솔린,28237,2015,회색,서울,6400,2WD
74209,마세라티,기블리,3.0 그란스포츠,가솔린,6648,2020,회색,경기,7650,2WD
74246,마세라티,기블리,3.0S Q4 그란스포츠,가솔린,12201,2019,회색,경기,8650,2WD
74262,마세라티,기블리,3.0S Q4 그란스포츠,가솔린,12201,2019,회색,경기,8650,2WD
74265,마세라티,르반떼,3.0 S  그란스포츠,가솔린,23000,2019,회색,서울,10500,AWD
74391,마세라티,기블리,3.0S Q4 그란스포츠,가솔린,37425,2019,회색,부산,8190,2WD
74531,마세라티,그란투리스모,4.7 스포츠,가솔린,29681,2018,회색,서울,10500,2WD
74619,마세라티,르반떼,3.0   프리미엄,디젤,98921,2017,회색,서울,5500,AWD
74740,마세라티,르반떼,3.0 S  그란스포츠,가솔린,62000,2018,회색,서울,8490,AWD
74783,마세라티,르반떼,3.0 S  럭셔리,가솔린,32087,2017,회색,경기,7650,AWD
74948,마세라티,포르테,3.0 V6,가솔린,31350,2018,회색,경기,7890,2WD
75465,마세라티,기블리,3.0,가솔린,103556,2017,회색,부산,4700,2WD
75474,마세라티,그란투리스모,S 4.7,가솔린,91500,2009,회색,경기,4580,2WD
75584,마세라티,르반떼,3.0  그란스포츠,가솔린,18800,2019,회색,경기,8830,AWD
75671,마세라티,기블리,3.0,가솔린,34278,2017,회색,경기,5700,2WD
75786,마세라티,르반떼,3.0   그란스포츠,디젤,33970,2018,회색,경기,7200,AWD
75789,마세라티,기블리,3.0  스포츠,디젤,88018,2015,회색,경기,3850,2WD
75791,마세라티,기블리,3.0  스포츠,디젤,88018,2015,회색,경기,3850,2WD
75940,마세라티,르반떼,3.0  그란루쏘,가솔린,3600,2020,회색,울산,9000,AWD
76045,마세라티,르반떼,3.0   그란스포츠,디젤,68279,2018,회색,서울,7350,AWD
76048,마세라티,르반떼,3.0   그란스포츠,디젤,68279,2018,회색,서울,7350,AWD
76050,마세라티,기블리,3.0 ,디젤,94289,2018,회색,서울,5490,2WD
76052,마세라티,기블리,3.0 ,디젤,94289,2018,회색,서울,5490,2WD
76118,마세라티,르반떼,3.0  프리미엄,가솔린,57336,2017,회색,인천,6650,AWD
76119,마세라티,르반떼,3.0  프리미엄,가솔린,57336,2017,회색,인천,6650,AWD
76125,마세라티,기블리,3.0,가솔린,55072,2015,회색,인천,4200,2WD
76388,마세라티,르반떼,3.0  프리미엄,가솔린,8000,2020,회색,경남,8990,AWD
76442,마세라티,기블리,3.0 ,디젤,96000,2016,회색,경기,3799,2WD
76484,마세라티,르반떼,3.0  그란스포츠,가솔린,2145,2020,회색,서울,10400,AWD
76485,마세라티,기블리,3.0 ,디젤,5250,2020,회색,서울,7500,2WD
76486,마세라티,르반떼,3.0  그란루쏘,가솔린,6244,2020,회색,서울,10100,AWD
76487,마세라티,포르테,3.0 V6,가솔린,3107,2020,회색,서울,10150,2WD
76488,마세라티,기블리,3.0 ,디젤,7085,2020,회색,서울,7400,2WD
76489,마세라티,포르테,3.0 V6,가솔린,4340,2020,회색,서울,9650,2WD
76490,마세라티,기블리,3.0 그란루쏘,가솔린,1277,2020,회색,서울,8900,2WD
76635,마세라티,그란투리스모,4.7 MC 스트라달레,가솔린,20980,2014,회색,부산,11700,2WD
76770,마세라티,기블리,3.0S Q4,가솔린,56512,2014,기타,경기,4450,2WD
76781,마세라티,기블리,3.0,가솔린,22416,2018,기타,경기,6190,2WD
76800,마세라티,포르테,3.0 V6,가솔린,1870,2020,기타,서울,10350,2WD
76805,마세라티,르반떼,3.0  그란스포츠,가솔린,12000,2020,기타,경기,9000,AWD
76881,마세라티,포르테,4.2 V8 스포츠 GT,가솔린,50790,2008,흰색,서울,1700,2WD
76950,마세라티,그란카브리오,4.7 스포츠,가솔린,96929,2014,흰색,서울,7780,2WD
77082,마세라티,기블리,3.0 그란스포츠,가솔린,64846,2018,흰색,서울,5500,2WD
77686,마세라티,포르테,3.0 ,디젤,77300,2016,기타,대구,5200,2WD
77928,마세라티,그란투리스모,4.7 스포츠,가솔린,55250,2013,기타,경기,6399,2WD
77945,마세라티,그란투리스모,S 4.7 MC 스포츠,가솔린,69445,2016,기타,경기,8800,2WD
78015,마세라티,기블리,3.0  그란스포츠,디젤,8737,2018,기타,경기,6899,2WD
78103,마세라티,그란카브리오,4.7 스포츠,가솔린,16200,2016,기타,경기,12900,2WD
78141,마세라티,기블리,3.0S Q4 그란스포츠,가솔린,50000,2018,기타,경북,4575,2WD
78145,마세라티,그란투리스모,4.7 스포츠,가솔린,42000,2016,기타,경기,9455,2WD
78797,마세라티,포르테,4.2 V8,가솔린,97951,2005,회색,경기,2500,2WD
80633,마세라티,기블리,3.0 ,디젤,69787,2017,회색,대구,4960,2WD
80753,마세라티,포르테,4.2 V8 스포츠 GT,가솔린,116954,2008,회색,전북,2299,2WD
81629,마세라티,기블리,3.0S Q4,가솔린,34049,2014,회색,경기,3990,2WD
82491,마세라티,포르테,3.0  그란루쏘,디젤,39060,2019,회색,경기,8850,2WD
82580,마세라티,르반떼,3.0  그란스포츠,가솔린,1071,2020,회색,서울,10700,AWD
82665,마세라티,그란투리스모,4.7 스포츠,가솔린,68159,2015,기타,경기,7230,2WD
82825,마세라티,기블리,3.0  스포츠,디젤,87953,2016,흰색,경기,4290,2WD
82962,마세라티,르반떼,3.0 S  스포츠,가솔린,26380,2017,흰색,대구,8500,AWD
83201,마세라티,르반떼,3.0   프리미엄,디젤,38366,2017,흰색,대구,7300,AWD
83204,마세라티,포르테,S Q4 3.0 V6 그란스포츠,가솔린,76080,2017,흰색,대구,7999,2WD
83205,마세라티,포르테,S Q4 3.0 V6 그란스포츠,가솔린,42585,2017,흰색,대구,7800,2WD
83327,마세라티,기블리,3.0  그란루쏘,디젤,37319,2018,흰색,경기,6790,2WD
83401,마세라티,기블리,3.0 ,디젤,106875,2014,흰색,경기,3540,2WD
83482,마세라티,기블리,3.0 ,디젤,106875,2014,흰색,경기,3540,2WD
83559,마세라티,기블리,3.0 ,디젤,83553,2017,흰색,경기,4790,2WD
83667,마세라티,포르테,3.0  그란루쏘,디젤,106701,2017,흰색,경기,5750,2WD
83690,마세라티,기블리,3.0 ,디젤,83553,2017,흰색,경기,4790,2WD
83712,마세라티,르반떼,3.0  그란루쏘,가솔린,56145,2018,흰색,서울,7990,AWD
83722,마세라티,기블리,3.0S Q4,가솔린,42000,2016,흰색,경남,6350,2WD
83743,마세라티,포르테,3.0  그란루쏘,디젤,106701,2017,흰색,경기,5750,2WD
83752,마세라티,기블리,3.0  스포츠,디젤,94377,2016,흰색,서울,4290,2WD
83776,마세라티,르반떼,3.0  그란루쏘,가솔린,56145,2018,흰색,서울,7990,AWD
84118,마세라티,포르테,S Q4 3.0 V6,가솔린,43000,2016,흰색,대구,6599,2WD
84167,마세라티,기블리,3.0S Q4,가솔린,44055,2016,흰색,경기,5890,2WD
84222,마세라티,기블리,3.0S Q4,가솔린,44055,2016,흰색,경기,5890,2WD
84223,마세라티,르반떼,3.0 ,가솔린,35557,2019,흰색,경기,7990,AWD
84311,마세라티,포르테,3.0  그란루쏘,디젤,68703,2017,흰색,경기,6770,2WD
84329,마세라티,기블리,3.0S Q4,가솔린,43362,2015,흰색,경기,4900,2WD
84429,마세라티,포르테,3.0  그란루쏘,디젤,68703,2017,흰색,경기,6770,2WD
84435,마세라티,르반떼,3.0  그란스포츠,가솔린,15426,2020,흰색,경기,10250,AWD
84518,마세라티,르반떼,3.0  그란스포츠,가솔린,15426,2020,흰색,경기,10250,AWD
84542,마세라티,포르테,4.2 V8,가솔린,99245,2011,흰색,광주,2790,2WD
84597,마세라티,기블리,3.0 그란스포츠,가솔린,21000,2019,흰색,서울,300,2WD
84611,마세라티,르반떼,3.0 S  스포츠,가솔린,69000,2017,흰색,인천,7650,AWD
84714,마세라티,기블리,3.0S Q4,가솔린,117000,2014,흰색,경기,3690,2WD
84795,마세라티,기블리,3.0 ,디젤,59183,2018,흰색,서울,5790,2WD
84849,마세라티,르반떼,3.0  그란루쏘,가솔린,56802,2018,흰색,경기,7499,AWD
84900,마세라티,기블리,3.0S Q4,가솔린,61360,2016,흰색,경기,4700,2WD
84902,마세라티,기블리,3.0 ,디젤,59183,2018,흰색,서울,5790,2WD
84909,마세라티,기블리,3.0S Q4,가솔린,71521,2018,흰색,경기,6490,2WD
84941,마세라티,기블리,3.0S Q4,가솔린,71521,2018,흰색,경기,6490,2WD
84986,마세라티,기블리,3.0S Q4,가솔린,57582,2016,흰색,경기,4850,2WD
85013,마세라티,포르테,3.0 ,디젤,78648,2014,흰색,경기,4599,2WD
85115,마세라티,포르테,3.0 ,디젤,78648,2014,흰색,경기,4599,2WD
85129,마세라티,기블리,3.0S Q4,가솔린,90543,2015,흰색,경기,4690,2WD
85174,마세라티,기블리,3.0S Q4,가솔린,59600,2014,흰색,충남,4590,2WD
85214,마세라티,기블리,3.0S Q4,가솔린,90543,2015,흰색,경기,4690,2WD
85257,마세라티,포르테,3.0 V6,가솔린,59455,2016,흰색,경기,5690,2WD
85282,마세라티,기블리,3.0S Q4,가솔린,66959,2017,흰색,경기,5490,2WD
85288,마세라티,기블리,3.0 ,디젤,56028,2017,흰색,대구,5199,2WD
85326,마세라티,르반떼,3.0   프리미엄,디젤,62529,2017,흰색,경기,6690,AWD
85394,마세라티,르반떼,3.0  그란스포츠,가솔린,40000,2018,흰색,경남,8360,AWD
85395,마세라티,기블리,3.0S Q4,가솔린,120000,2014,흰색,경남,3970,2WD
85416,마세라티,르반떼,3.0   스포츠,디젤,38475,2017,흰색,경기,7080,AWD
85534,마세라티,르반떼,3.0   스포츠,디젤,38475,2017,흰색,경기,7080,AWD
85608,마세라티,기블리,3.0,가솔린,27753,2018,흰색,경기,6280,2WD
85639,마세라티,포르테,S Q4 3.0 V6 그란루쏘,가솔린,79000,2014,흰색,서울,5500,2WD
85674,마세라티,기블리,3.0 ,디젤,182000,2015,흰색,대구,3090,2WD
85690,마세라티,포르테,S Q4 3.0 V6 그란스포츠,가솔린,44155,2017,흰색,경기,7940,2WD
85732,마세라티,기블리,3.0S Q4,가솔린,46000,2017,흰색,서울,6470,2WD
85816,마세라티,포르테,S Q4 3.0 V6,가솔린,36410,2015,흰색,경기,6790,2WD
85830,마세라티,포르테,S Q4 3.0 V6 그란스포츠,가솔린,44155,2017,흰색,경기,7940,2WD
85899,마세라티,기블리,3.0 ,디젤,118000,2016,흰색,부산,4250,2WD
85917,마세라티,기블리,3.0S Q4,가솔린,50000,2017,흰색,경기,6380,2WD
85928,마세라티,기블리,3.0S Q4 그란스포츠,가솔린,44000,2018,흰색,서울,7000,2WD
85988,마세라티,기블리,3.0  스포츠,디젤,85088,2016,흰색,경기,4330,2WD
86065,마세라티,기블리,3.0,가솔린,47827,2014,흰색,서울,4500,2WD
86090,마세라티,기블리,3.0  스포츠,디젤,85088,2016,흰색,경기,4330,2WD
86361,마세라티,포르테,3.0 ,디젤,27000,2016,흰색,서울,6200,2WD
86567,마세라티,기블리,3.0  그란스포츠,디젤,50103,2018,흰색,인천,5660,2WD
86577,마세라티,기블리,3.0  럭셔리,디젤,101995,2017,흰색,경기,4900,2WD
86606,마세라티,르반떼,3.0   프리미엄,디젤,80971,2018,흰색,광주,7600,AWD
86669,마세라티,포르테,3.0 V6,가솔린,65392,2017,흰색,경기,5550,2WD
86687,마세라티,포르테,S Q4 3.0 V6 그란스포츠,가솔린,92820,2017,흰색,경기,6500,2WD
86688,마세라티,기블리,3.0  그란스포츠,디젤,50103,2018,흰색,인천,5660,2WD
86730,마세라티,기블리,3.0S Q4,가솔린,31768,2016,흰색,경기,5900,2WD
86791,마세라티,르반떼,3.0 S  프리미엄,가솔린,66502,2017,흰색,광주,7050,AWD
86805,마세라티,기블리,3.0S Q4,가솔린,31768,2016,흰색,경기,5900,2WD
86810,마세라티,기블리,3.0S Q4,가솔린,89000,2016,흰색,대전,5200,2WD
86815,마세라티,기블리,3.0,가솔린,29800,2016,흰색,서울,5350,2WD
86850,마세라티,포르테,GTS 3.8 V8 그란스포츠,가솔린,37951,2018,흰색,서울,11200,2WD
86856,마세라티,르반떼,3.0  그란루쏘,가솔린,51388,2018,흰색,경기,7150,AWD
86871,마세라티,기블리,3.0,가솔린,40303,2014,흰색,경기,4560,2WD
86877,마세라티,기블리,3.0S Q4,가솔린,112979,2016,흰색,경기,4820,2WD
86888,마세라티,르반떼,3.0 S  프리미엄,가솔린,66502,2017,흰색,광주,7050,AWD
86933,마세라티,르반떼,3.0   그란루쏘,디젤,42000,2019,흰색,경기,8495,AWD
86965,마세라티,기블리,3.0S Q4,가솔린,37852,2016,흰색,경기,5990,2WD
86987,마세라티,기블리,3.0,가솔린,40303,2014,흰색,경기,4560,2WD
86993,마세라티,기블리,3.0S Q4,가솔린,112979,2016,흰색,경기,4820,2WD
87059,마세라티,기블리,3.0S Q4,가솔린,37852,2016,흰색,경기,5990,2WD
87069,마세라티,기블리,3.0S Q4,가솔린,59156,2016,흰색,대구,5680,2WD
87081,마세라티,포르테,3.0 V6 그란루쏘,가솔린,33629,2018,흰색,경기,8000,2WD
87127,마세라티,포르테,3.0 ,디젤,135014,2014,흰색,전북,4300,2WD
87186,마세라티,기블리,3.0S Q4,가솔린,25763,2014,흰색,인천,5180,2WD
87237,마세라티,기블리,3.0S Q4,가솔린,41882,2018,흰색,광주,6750,2WD
87275,마세라티,르반떼,3.0   그란스포츠,디젤,12555,2018,흰색,경기,8050,AWD
87340,마세라티,르반떼,3.8 GTS ,가솔린,34587,2019,흰색,경기,11999,AWD
87397,마세라티,기블리,3.0 ,디젤,63268,2016,흰색,광주,4400,2WD
87484,마세라티,포르테,3.0 ,디젤,109205,2016,흰색,경기,4299,2WD
87563,마세라티,포르테,3.0  그란루쏘,디젤,30734,2019,흰색,서울,9090,2WD
87661,마세라티,포르테,S Q4 3.0 V6,가솔린,53921,2015,흰색,서울,5999,2WD
87672,마세라티,기블리,3.0 그란스포츠,가솔린,20355,2018,흰색,경기,5130,2WD
87725,마세라티,기블리,3.0,가솔린,36656,2014,흰색,경기,4670,2WD
87823,마세라티,기블리,3.0,가솔린,36656,2014,흰색,경기,4670,2WD
87838,마세라티,기블리,3.0  스포츠,디젤,121265,2016,흰색,대구,3780,2WD
87878,마세라티,기블리,3.0,가솔린,50469,2017,흰색,경기,5500,2WD
87909,마세라티,기블리,3.0 ,디젤,124858,2016,흰색,전북,3570,2WD
87999,마세라티,기블리,3.0,가솔린,50469,2017,흰색,경기,5500,2WD
88037,마세라티,스파이더,4.2 V8,가솔린,52660,2003,흰색,서울,2890,2WD
88047,마세라티,그란투리스모,4.7 스포츠,가솔린,20000,2015,흰색,서울,8450,2WD
88110,마세라티,기블리,3.0 스포츠,가솔린,90883,2017,흰색,경기,4980,2WD
88133,마세라티,기블리,3.0 스포츠,가솔린,90883,2017,흰색,경기,4980,2WD
88214,마세라티,기블리,3.0  럭셔리,디젤,138000,2015,흰색,경기,3400,2WD
88294,마세라티,포르테,S Q4 3.0 V6,가솔린,109047,2016,흰색,경남,5850,2WD
88331,마세라티,르반떼,3.0  그란루쏘,가솔린,60813,2018,흰색,경기,8180,AWD
88352,마세라티,기블리,3.0S Q4,가솔린,89786,2014,흰색,경기,3990,2WD
88356,마세라티,포르테,3.0 ,디젤,51362,2018,흰색,경기,7650,2WD
88372,마세라티,르반떼,3.0  그란루쏘,가솔린,60813,2018,흰색,경기,8180,AWD
88398,마세라티,기블리,3.0 ,디젤,160033,2014,흰색,경기,3050,2WD
88451,마세라티,르반떼,3.0 S  럭셔리,가솔린,16354,2017,흰색,경기,7890,AWD
88461,마세라티,르반떼,3.0  스포츠,가솔린,62655,2017,흰색,서울,6429,AWD
88462,마세라티,르반떼,3.0  스포츠,가솔린,62704,2017,흰색,서울,6429,AWD
88542,마세라티,포르테,S Q4 3.0 V6 그란루쏘,가솔린,41000,2017,흰색,서울,7977,2WD
88556,마세라티,포르테,3.0 ,디젤,52165,2017,흰색,대구,6999,2WD
88640,마세라티,기블리,3.0,가솔린,37648,2016,흰색,부산,4200,2WD
88649,마세라티,포르테,S Q4 3.0 V6,가솔린,36000,2016,흰색,경기,7500,2WD
88682,마세라티,기블리,3.0S Q4 그란스포츠,가솔린,27354,2018,흰색,서울,7000,2WD
88725,마세라티,기블리,3.0,가솔린,43566,2016,흰색,대전,4390,2WD
88739,마세라티,기블리,3.0S Q4,가솔린,92766,2016,흰색,경기,5099,2WD
88747,마세라티,포르테,3.0 V6,가솔린,40027,2017,흰색,대전,6899,2WD
89027,마세라티,기블리,3.0 ,디젤,59287,2018,흰색,경기,5790,2WD
89065,마세라티,기블리,3.0,가솔린,16245,2016,흰색,서울,5850,2WD
89093,마세라티,기블리,3.0S Q4,가솔린,4950,2018,흰색,경기,8599,2WD
89174,마세라티,그란투리스모,S 4.7,가솔린,28000,2016,흰색,서울,8850,2WD
89223,마세라티,기블리,3.0,가솔린,66117,2016,흰색,부산,4830,2WD
89235,마세라티,포르테,3.0 ,디젤,100080,2016,흰색,부산,5080,2WD
89264,마세라티,포르테,3.0 ,디젤,100080,2016,흰색,부산,5080,2WD
89275,마세라티,기블리,3.0,가솔린,66117,2016,흰색,부산,4830,2WD
89372,마세라티,기블리,3.0,가솔린,98342,2014,흰색,경기,3640,2WD
89544,마세라티,포르테,3.0 ,디젤,132697,2016,흰색,경기,4530,2WD
89648,마세라티,르반떼,3.0   그란스포츠,디젤,43000,2018,흰색,경기,7830,AWD
89745,마세라티,포르테,S Q4 3.0 V6 그란스포츠,가솔린,61823,2017,흰색,경기,7920,2WD
89926,마세라티,기블리,3.0 ,디젤,68305,2015,흰색,대구,4090,2WD
89958,마세라티,기블리,3.0,가솔린,86000,2016,흰색,경기,4580,2WD
89965,마세라티,포르테,S 4.7 V8 스포츠 GT,가솔린,56500,2013,흰색,경기,4880,2WD
89999,마세라티,기블리,3.0S Q4,가솔린,36000,2016,흰색,경기,6200,2WD
90018,마세라티,포르테,3.0 ,디젤,121365,2014,흰색,인천,4220,2WD
90032,마세라티,르반떼,3.0  그란스포츠,가솔린,17427,2020,흰색,서울,9200,AWD
90144,마세라티,기블리,3.0,가솔린,86080,2016,흰색,경기,4835,2WD
90170,마세라티,기블리,3.0 ,디젤,103412,2015,흰색,경기,3670,2WD
90198,마세라티,기블리,3.0 ,디젤,103412,2015,흰색,경기,3670,2WD
90215,마세라티,기블리,3.0 ,디젤,146331,2015,흰색,경기,3190,2WD
90352,마세라티,포르테,S Q4 3.0 V6 그란루쏘,가솔린,104673,2017,흰색,경기,6550,2WD
90405,마세라티,포르테,3.0 ,디젤,119881,2017,흰색,경기,5200,2WD
90432,마세라티,기블리,3.0 ,디젤,104000,2014,흰색,대전,3590,2WD
90528,마세라티,르반떼,3.0   그란스포츠,디젤,25361,2020,흰색,서울,10100,AWD
90570,마세라티,포르테,S Q4 3.0 V6,가솔린,92917,2015,흰색,경기,4800,2WD
90683,마세라티,르반떼,3.0 S  프리미엄,가솔린,67516,2017,흰색,서울,6990,AWD
90897,마세라티,포르테,S Q4 3.0 V6 그란스포츠,가솔린,15336,2020,흰색,경기,12700,2WD
91042,마세라티,그란투리스모,S 4.7 MC 스포츠,가솔린,69701,2011,흰색,서울,5500,2WD
91203,마세라티,그란카브리오,4.7,가솔린,119957,2011,흰색,전북,6666,2WD
91235,마세라티,기블리,3.0 ,디젤,188668,2016,흰색,경기,3070,2WD
91249,마세라티,르반떼,3.0  그란루쏘,가솔린,38000,2019,흰색,경기,8250,AWD
91393,마세라티,기블리,3.0S Q4,가솔린,127000,2014,흰색,경기,3850,2WD
91422,마세라티,기블리,3.0  그란루쏘,디젤,90601,2018,흰색,경기,5500,2WD
91458,마세라티,기블리,3.0S Q4 그란스포츠,가솔린,40000,2018,흰색,인천,7199,2WD
91615,마세라티,포르테,3.0  그란루쏘,디젤,87000,2017,흰색,경기,6450,2WD
91630,마세라티,포르테,S Q4 3.0 V6 그란루쏘,가솔린,32979,2017,흰색,경기,7800,2WD
91633,마세라티,포르테,3.0 ,디젤,9000,2016,흰색,경기,6450,2WD
91664,마세라티,르반떼,3.0  그란루쏘,가솔린,13500,2019,흰색,서울,8550,AWD
91680,마세라티,르반떼,3.0   그란루쏘,디젤,83093,2018,흰색,경남,6880,AWD
91683,마세라티,기블리,3.0 그란스포츠,가솔린,48369,2018,흰색,경기,6000,2WD
91836,마세라티,그란투리스모,4.7 스포츠,가솔린,59695,2014,흰색,경기,7300,2WD
91837,마세라티,르반떼,3.0  프리미엄,가솔린,40000,2018,흰색,전남,6990,AWD
91840,마세라티,그란투리스모,4.7 스포츠,가솔린,59695,2014,흰색,경기,7300,2WD
91874,마세라티,포르테,S Q4 3.0 V6,가솔린,59000,2014,흰색,서울,5090,2WD
92006,마세라티,기블리,3.0  그란루쏘,디젤,73178,2018,흰색,경기,5700,2WD
92149,마세라티,르반떼,3.0  그란스포츠,가솔린,1100,2020,흰색,경기,9900,AWD
92215,마세라티,기블리,3.0,가솔린,25048,2015,흰색,부산,5350,2WD
92226,마세라티,기블리,3.0,가솔린,25048,2015,흰색,부산,5350,2WD
92327,마세라티,르반떼,3.0  스포츠,가솔린,39958,2017,흰색,경기,6900,AWD
92555,마세라티,르반떼,3.0  그란스포츠,가솔린,38575,2018,흰색,경기,7999,AWD
92567,마세라티,르반떼,3.0   스포츠,디젤,55330,2017,흰색,서울,6680,AWD
92616,마세라티,기블리,3.0 ,디젤,86563,2015,흰색,경기,3650,2WD
92635,마세라티,포르테,3.0 ,디젤,100080,2016,흰색,부산,121,2WD
92752,마세라티,포르테,S Q4 3.0 V6,가솔린,55000,2015,흰색,경기,5800,2WD
92756,마세라티,포르테,3.0 ,디젤,57000,2017,흰색,경기,6700,2WD
92807,마세라티,포르테,3.0  그란루쏘,디젤,3757,2020,흰색,경기,11383,2WD
92813,마세라티,포르테,S Q4 3.0 V6,가솔린,142384,2014,흰색,인천,4330,2WD
92821,마세라티,르반떼,3.8 트로페오,가솔린,44954,2019,흰색,서울,13700,2WD
92933,마세라티,르반떼,3.0  스포츠,가솔린,8318,2017,흰색,서울,7500,AWD
93134,마세라티,기블리,3.0 ,디젤,39578,2016,흰색,서울,3660,2WD
93196,마세라티,그란투리스모,S 4.7,가솔린,35500,2009,흰색,경기,5900,2WD
93339,마세라티,르반떼,3.8 GTS ,가솔린,30426,2019,흰색,경기,11930,AWD
93414,마세라티,그란카브리오,4.7 스포츠,가솔린,41000,2013,흰색,서울,8834,2WD
93458,마세라티,르반떼,3.0  프리미엄,가솔린,51042,2017,흰색,대전,7350,AWD
93471,마세라티,기블리,3.0S Q4 그란스포츠,가솔린,66587,2018,흰색,부산,6900,2WD
93485,마세라티,기블리,3.0S Q4,가솔린,54400,2017,흰색,경기,6250,2WD
93500,마세라티,기블리,3.0S Q4,가솔린,35900,2017,흰색,충북,6800,2WD
93501,마세라티,포르테,3.0 ,디젤,122234,2017,흰색,서울,4730,2WD
93532,마세라티,기블리,3.0 ,디젤,8862,2018,흰색,서울,6500,2WD
93533,마세라티,기블리,3.0 ,디젤,8862,2018,흰색,서울,6500,2WD
93570,마세라티,기블리,3.0S Q4,가솔린,84400,2016,흰색,경기,4890,2WD
93590,마세라티,기블리,3.0S Q4,가솔린,76640,2014,흰색,서울,4140,2WD
93596,마세라티,포르테,3.0 V6,가솔린,66061,2017,흰색,경기,6990,2WD
93613,마세라티,기블리,3.0 ,디젤,86147,2016,흰색,경기,4299,2WD
93693,마세라티,기블리,3.0  그란스포츠,디젤,123000,2018,흰색,서울,4440,2WD
93709,마세라티,르반떼,3.0   그란스포츠,디젤,43791,2018,흰색,경기,7950,AWD
93794,마세라티,그란투리스모,S 4.7,가솔린,44000,2009,흰색,서울,4900,2WD
93806,마세라티,르반떼,3.0 ,가솔린,33500,2017,흰색,대전,6500,AWD
93820,마세라티,포르테,3.0 ,디젤,66927,2016,흰색,경기,5500,2WD
93825,마세라티,포르테,S Q4 3.0 V6 그란스포츠,가솔린,11000,2017,흰색,서울,8400,2WD
93839,마세라티,기블리,3.0 그란루쏘,가솔린,1982,2020,흰색,서울,8900,2WD
93840,마세라티,기블리,3.0  그란루쏘,디젤,5116,2020,흰색,서울,8000,2WD
93841,마세라티,르반떼,3.0  그란스포츠,가솔린,9791,2020,흰색,서울,10100,AWD
93842,마세라티,포르테,3.0 V6,가솔린,3091,2020,흰색,서울,9950,2WD
93843,마세라티,르반떼,3.0  프리미엄,가솔린,3476,2020,흰색,서울,9200,AWD
93844,마세라티,르반떼,3.0  그란스포츠,가솔린,5209,2020,흰색,서울,10500,AWD
93845,마세라티,포르테,3.0 V6,가솔린,3781,2020,흰색,서울,10150,2WD
93865,마세라티,르반떼,3.0   그란루쏘,디젤,70743,2018,흰색,광주,7170,AWD
93867,마세라티,르반떼,3.0   그란루쏘,디젤,70743,2018,흰색,광주,7170,AWD
93868,마세라티,기블리,3.0 그란루쏘,가솔린,93200,2017,흰색,대구,5390,2WD
93892,마세라티,기블리,3.0 그란루쏘,가솔린,61000,2017,흰색,광주,4500,2WD
93924,마세라티,르반떼,3.0 S  그란루쏘,가솔린,1570,2020,흰색,경기,14290,AWD
93926,마세라티,포르테,GTS 3.8 V8 그란루쏘,가솔린,23639,2017,흰색,서울,9550,2WD
93927,마세라티,포르테,GTS 3.8 V8 그란루쏘,가솔린,23639,2017,흰색,서울,9550,2WD
93929,마세라티,르반떼,3.0  그란스포츠,가솔린,35000,2018,흰색,경기,7900,AWD
93932,마세라티,포르테,3.0 V6,가솔린,100320,2017,흰색,경기,5850,2WD
94001,마세라티,포르테,3.0 V6,가솔린,93303,2016,흰색,경기,4990,2WD
94005,마세라티,기블리,3.0S Q4,가솔린,54207,2016,흰색,경기,5790,2WD
94144,마세라티,기블리,3.0S Q4,가솔린,44728,2016,흰색,서울,5100,2WD
94248,마세라티,르반떼,3.0   그란스포츠,디젤,56500,2018,흰색,경남,7599,AWD
94274,마세라티,그란카브리오,4.7 MC,가솔린,120000,2013,흰색,서울,9500,2WD
94277,마세라티,르반떼,3.0 S  그란스포츠,가솔린,106426,2018,흰색,경기,7390,AWD
94279,마세라티,르반떼,3.0 S  그란스포츠,가솔린,106426,2018,흰색,경기,7390,AWD
94305,마세라티,기블리,3.0S Q4 그란스포츠,가솔린,39702,2018,흰색,서울,6900,2WD
94354,마세라티,기블리,3.0S Q4,가솔린,104500,2014,흰색,서울,4190,2WD
94459,마세라티,르반떼,3.0  그란스포츠,가솔린,14107,2019,흰색,서울,7890,AWD
94516,마세라티,그란투리스모,4.2,가솔린,30500,2009,흰색,경기,5200,2WD
