,brand,name,info,type,km,year,color,location,price,wd
61875,벤틀리,뮬산,6.8,가솔린,53299,2018,검정색,경기,29900,2WD
61886,벤틀리,플라잉스퍼,6.0,가솔린,57439,2016,검정색,서울,12900,2WD
61947,벤틀리,플라잉스퍼,6.0,가솔린,5184,2020,검정색,서울,36900,2WD
62655,벤틀리,플라잉스퍼,4.0,가솔린,74826,2016,검정색,광주,10800,2WD
63250,벤틀리,플라잉스퍼,6.0,가솔린,155368,2010,검정색,충북,4990,2WD
63666,벤틀리,GT,GT,가솔린,99866,2007,검정색,인천,3889,2WD
63778,벤틀리,GT,4.0 GT,가솔린,78797,2015,검정색,대구,10599,2WD
63896,벤틀리,플라잉스퍼,6.0,가솔린,98253,2011,검정색,서울,5500,2WD
64132,벤틀리,벤테이가,6.0 W12,가솔린,16022,2018,검정색,경기,23900,2WD
64241,벤틀리,플라잉스퍼,6.0,가솔린,61521,2006,검정색,서울,4800,2WD
64692,벤틀리,GT,4.0 GT,가솔린,4000,2020,검정색,서울,31700,2WD
64990,벤틀리,GT,4.0 GT S,가솔린,47043,2016,검정색,광주,17200,2WD
65422,벤틀리,GT,GT,가솔린,90453,2006,검정색,대구,3990,2WD
65862,벤틀리,GT,4.0 GT,가솔린,50253,2014,검정색,서울,11200,2WD
66313,벤틀리,플라잉스퍼,6.0,가솔린,94000,2014,검정색,경기,9400,2WD
66786,벤틀리,플라잉스퍼,6.0,가솔린,79000,2014,검정색,서울,9500,2WD
66806,벤틀리,GT,GT,가솔린,117532,2007,검정색,경기,3950,2WD
67006,벤틀리,플라잉스퍼,6.0 스피드,가솔린,119076,2009,검정색,경기,4590,2WD
67246,벤틀리,플라잉스퍼,6.0,가솔린,141000,2006,검정색,대전,3590,2WD
67364,벤틀리,GT,GT 스피드,가솔린,92000,2010,검정색,경기,5999,2WD
67386,벤틀리,플라잉스퍼,6.0,가솔린,126906,2010,검정색,경기,5500,2WD
67654,벤틀리,벤테이가,4.0 V8,가솔린,30000,2019,검정색,경기,22300,2WD
67671,벤틀리,플라잉스퍼,6.0,가솔린,123000,2008,검정색,경기,3880,2WD
67676,벤틀리,GT,4.0 GTC,가솔린,35241,2013,검정색,서울,12300,2WD
67688,벤틀리,GT,4.0 GT,가솔린,27666,2020,검정색,대구,30800,2WD
67760,벤틀리,플라잉스퍼,6.0,가솔린,100619,2013,검정색,울산,5999,2WD
67800,벤틀리,플라잉스퍼,4.0,가솔린,1908,2021,검정색,경기,36500,2WD
67817,벤틀리,GT,6.0 GT,가솔린,74847,2012,검정색,경기,8390,2WD
68046,벤틀리,GT,GT,가솔린,75000,2005,검정색,경기,4300,2WD
68187,벤틀리,GT,GT,가솔린,64864,2007,검정색,경기,5099,2WD
68218,벤틀리,GT,GT,가솔린,98000,2007,검정색,대구,5100,2WD
68574,벤틀리,플라잉스퍼,4.0,가솔린,38569,2015,검정색,서울,11700,2WD
68732,벤틀리,플라잉스퍼,6.0,가솔린,46347,2015,검정색,경남,13000,2WD
68734,벤틀리,플라잉스퍼,6.0,가솔린,39670,2016,검정색,경남,13000,2WD
68740,벤틀리,플라잉스퍼,4.0,가솔린,79344,2015,검정색,서울,11000,2WD
68746,벤틀리,GT,4.0 GTC,가솔린,35250,2013,검정색,서울,12300,2WD
68747,벤틀리,GT,4.0 GT,가솔린,50300,2014,검정색,서울,11200,2WD
68789,벤틀리,GT,4.0 GT,가솔린,68714,2015,검정색,서울,10200,2WD
68868,벤틀리,GT,GT,가솔린,93407,2004,검정색,충북,4450,2WD
69096,벤틀리,플라잉스퍼,6.0,가솔린,122636,2007,검정색,경기,3600,2WD
69251,벤틀리,GT,4.0 GT S,가솔린,60000,2015,검정색,인천,13000,2WD
69314,벤틀리,GT,6.0 GT 스피드,가솔린,25500,2014,검정색,경기,14000,2WD
69359,벤틀리,플라잉스퍼,6.0,가솔린,160000,2014,검정색,충북,7490,2WD
69496,벤틀리,플라잉스퍼,4.0,가솔린,79000,2015,검정색,부산,10900,2WD
69823,벤틀리,GT,6.0 GT 스피드,가솔린,34607,2014,기타,대전,13200,2WD
70447,벤틀리,벤테이가,6.0 W12,가솔린,35000,2018,기타,경기,20200,2WD
70660,벤틀리,GT,6.0 GT 스피드,가솔린,68227,2016,기타,경기,16900,2WD
70817,벤틀리,GT,6.0 GT,가솔린,29053,2019,기타,서울,30500,2WD
70829,벤틀리,벤테이가,6.0 W12,가솔린,22000,2018,기타,경기,25700,2WD
71211,벤틀리,플라잉스퍼,6.0,가솔린,83000,2016,기타,부산,10955,2WD
71213,벤틀리,벤테이가,6.0 W12,가솔린,11856,2018,기타,부산,23950,2WD
71296,벤틀리,플라잉스퍼,6.0 S,가솔린,59911,2018,기타,서울,14500,2WD
71548,벤틀리,플라잉스퍼,6.0,가솔린,62475,2015,기타,경기,12300,2WD
71647,벤틀리,GT,6.0 GT 스피드,가솔린,25917,2014,기타,서울,12800,2WD
71763,벤틀리,벤테이가,6.0 W12,가솔린,52000,2018,기타,서울,18900,2WD
71769,벤틀리,벤테이가,6.0 W12,가솔린,30000,2017,기타,경기,23800,2WD
71841,벤틀리,플라잉스퍼,6.0,가솔린,100000,2007,기타,서울,4500,2WD
71956,벤틀리,벤테이가,4.0 V8,가솔린,9800,2020,기타,서울,26500,2WD
72024,벤틀리,벤테이가,6.0 W12,가솔린,30500,2018,기타,서울,23000,2WD
72097,벤틀리,플라잉스퍼,6.0,가솔린,83000,2014,기타,서울,8900,2WD
72103,벤틀리,뮬산,6.8 스피드,가솔린,24000,2019,기타,인천,29900,2WD
72112,벤틀리,플라잉스퍼,6.0,가솔린,32599,2014,기타,경기,11300,2WD
72146,벤틀리,플라잉스퍼,4.0,가솔린,74706,2017,기타,부산,12950,2WD
72166,벤틀리,뮬산,6.8 스피드,가솔린,96609,2016,기타,경기,16690,2WD
72168,벤틀리,뮬산,6.8 스피드,가솔린,96609,2016,기타,경기,16690,2WD
72199,벤틀리,벤테이가,6.0 W12,가솔린,44000,2018,기타,경기,21500,2WD
72209,벤틀리,뮬산,6.8 스피드,가솔린,77453,2016,기타,서울,18300,2WD
72475,벤틀리,GT,6.0 GTC,가솔린,41000,2017,기타,서울,18300,2WD
73540,벤틀리,플라잉스퍼,6.0,가솔린,136479,2011,회색,경기,5380,2WD
74300,벤틀리,플라잉스퍼,4.0,가솔린,48000,2015,회색,서울,11300,2WD
74466,벤틀리,플라잉스퍼,6.0,가솔린,67000,2014,회색,대구,9800,2WD
74549,벤틀리,플라잉스퍼,6.0,가솔린,58000,2015,회색,경기,11800,2WD
74754,벤틀리,GT,GT,가솔린,56143,2007,회색,경기,5500,2WD
74808,벤틀리,GT,4.0 GT,가솔린,37000,2016,회색,부산,13700,2WD
75269,벤틀리,플라잉스퍼,6.0 스피드,가솔린,58557,2011,회색,경기,6300,2WD
75772,벤틀리,GT,4.0 GT,가솔린,27681,2016,회색,경기,13700,2WD
76121,벤틀리,플라잉스퍼,4.0,가솔린,78000,2016,회색,전남,10800,2WD
76174,벤틀리,플라잉스퍼,6.0,가솔린,116840,2011,회색,광주,5750,2WD
76207,벤틀리,플라잉스퍼,6.0,가솔린,102490,2007,회색,충남,3900,2WD
76310,벤틀리,플라잉스퍼,6.0,가솔린,78000,2014,회색,서울,10450,2WD
76332,벤틀리,GT,GT 스피드,가솔린,132000,2010,회색,서울,5800,2WD
76740,벤틀리,플라잉스퍼,6.0,가솔린,60151,2012,기타,서울,6180,2WD
76762,벤틀리,뮬산,6.8,가솔린,67022,2012,기타,경기,15500,2WD
76783,벤틀리,GT,6.0 GT 스피드,가솔린,56000,2013,기타,경기,12500,2WD
76794,벤틀리,뮬산,6.8,가솔린,71160,2013,기타,광주,15890,2WD
76803,벤틀리,플라잉스퍼,6.0,가솔린,46000,2012,기타,전남,7700,2WD
76876,벤틀리,GT,4.0 GT,가솔린,92000,2015,흰색,서울,9700,2WD
77124,벤틀리,플라잉스퍼,6.0,가솔린,126428,2014,흰색,경기,3900,2WD
77234,벤틀리,플라잉스퍼,6.0 스피드,가솔린,47994,2013,흰색,경기,7900,2WD
77632,벤틀리,GT,4.0 GT,가솔린,17600,2013,기타,경기,12100,2WD
78059,벤틀리,GT,4.0 GT,가솔린,88950,2013,기타,서울,8250,2WD
79243,벤틀리,GT,GT,가솔린,81610,2007,회색,서울,4990,2WD
79571,벤틀리,플라잉스퍼,6.0,가솔린,117441,2006,회색,경기,3460,2WD
81652,벤틀리,GT,4.0 GT,가솔린,23000,2016,회색,부산,15500,2WD
82724,벤틀리,뮬산,6.8,가솔린,46700,2017,기타,경기,25000,2WD
82944,벤틀리,GT,6.0 GT 스피드,가솔린,35102,2016,흰색,경기,16000,2WD
83099,벤틀리,GT,6.0 GT,가솔린,12017,2020,흰색,서울,31000,2WD
83359,벤틀리,플라잉스퍼,6.0,가솔린,681,2020,흰색,경기,39800,2WD
83403,벤틀리,뮬산,6.8,가솔린,67930,2017,흰색,경기,24500,2WD
83447,벤틀리,GT,GT,가솔린,89300,2005,흰색,경북,4290,2WD
83517,벤틀리,뮬산,6.8,가솔린,67930,2017,흰색,경기,24500,2WD
83539,벤틀리,GT,4.0 GT,가솔린,92540,2013,흰색,서울,8600,2WD
84089,벤틀리,GT,6.0 GT 스피드,가솔린,55000,2016,흰색,부산,15100,2WD
84130,벤틀리,GT,6.0 GTC,가솔린,27000,2012,흰색,경기,13500,2WD
84133,벤틀리,벤테이가,4.0 V8,가솔린,33000,2020,흰색,서울,24300,2WD
84935,벤틀리,플라잉스퍼,4.0,가솔린,74918,2015,흰색,부산,10600,2WD
85653,벤틀리,GT,4.0 GT,가솔린,115000,2013,흰색,경기,8200,2WD
85713,벤틀리,GT,GT,가솔린,154847,2005,흰색,충남,3890,2WD
85715,벤틀리,GT,6.0 GT,가솔린,72515,2012,흰색,서울,9290,2WD
85948,벤틀리,플라잉스퍼,6.0,가솔린,73188,2016,흰색,경기,13500,2WD
86005,벤틀리,GT,6.0 GT 스피드,가솔린,73980,2014,흰색,서울,11500,2WD
87217,벤틀리,플라잉스퍼,6.0,가솔린,40483,2015,흰색,경기,12400,2WD
87231,벤틀리,플라잉스퍼,4.0,가솔린,2800,2021,흰색,대구,37736,2WD
87297,벤틀리,플라잉스퍼,6.0,가솔린,40483,2015,흰색,경기,12400,2WD
87458,벤틀리,플라잉스퍼,6.0,가솔린,115711,2006,흰색,광주,3150,2WD
88436,벤틀리,GT,GTC,가솔린,58340,2010,흰색,서울,7800,2WD
88771,벤틀리,GT,GT,가솔린,42715,2010,흰색,서울,6340,2WD
90283,벤틀리,GT,4.0 GT,가솔린,74000,2016,흰색,서울,13500,2WD
91435,벤틀리,GT,6.0 GT,가솔린,77884,2012,흰색,경기,8888,2WD
91795,벤틀리,뮬산,6.8 스피드,가솔린,47768,2018,흰색,경기,27900,2WD
92234,벤틀리,벤테이가,6.0 W12,가솔린,81200,2017,흰색,대구,19300,2WD
92264,벤틀리,벤테이가,6.0 W12,가솔린,27000,2017,흰색,경기,23590,2WD
92323,벤틀리,플라잉스퍼,4.0,가솔린,147000,2015,흰색,서울,9500,2WD
92608,벤틀리,GT,GT,가솔린,90000,2005,흰색,경기,4250,2WD
92798,벤틀리,벤테이가,4.0 V8,가솔린,34000,2020,흰색,울산,23500,2WD
93024,벤틀리,GT,4.0 GT3-R,가솔린,18568,2015,흰색,서울,17500,2WD
93126,벤틀리,플라잉스퍼,6.0,가솔린,119276,2010,흰색,경기,5300,2WD
93198,벤틀리,GT,4.0 GT,가솔린,9800,2020,흰색,경기,32000,2WD
93202,벤틀리,플라잉스퍼,6.0,가솔린,47000,2008,흰색,경기,6900,2WD
93293,벤틀리,플라잉스퍼,4.0,가솔린,50878,2018,흰색,서울,17800,2WD
93378,벤틀리,벤테이가,6.0 W12,가솔린,27000,2018,흰색,서울,22900,2WD
93555,벤틀리,플라잉스퍼,4.0,가솔린,66592,2015,흰색,서울,10800,2WD
93793,벤틀리,GT,6.0 GT,가솔린,26000,2019,흰색,경기,29500,2WD
93832,벤틀리,GT,4.0 GT,가솔린,3400,2017,흰색,서울,17300,2WD
94245,벤틀리,GT,GTC,가솔린,85000,2008,흰색,경기,6950,2WD
