,brand,name,info,type,km,year,color,location,price,wd
61855,볼보,V40,D3,디젤,52947,2016,검정색,서울,1720,2WD
61894,볼보,XC90,D5 인스크립션,디젤,127139,2017,검정색,서울,4849,2WD
61959,볼보,XC90,D5 인스크립션,디젤,127139,2017,검정색,서울,4849,2WD
62019,볼보,XC60,D5 모멘텀,디젤,32305,2019,검정색,경기,5410,2WD
62084,볼보,XC60,D4 인스크립션,디젤,84724,2018,검정색,경기,4900,2WD
62105,볼보,XC60,D5 모멘텀,디젤,32305,2019,검정색,경기,5410,2WD
62184,볼보,XC90,D5 인스크립션,디젤,88755,2017,검정색,경기,6250,2WD
62267,볼보,XC90,D5 인스크립션,디젤,88755,2017,검정색,경기,6250,2WD
62410,볼보,S90,T5 인스크립션,가솔린,69657,2019,검정색,서울,4430,2WD
62474,볼보,S90,T5 인스크립션,가솔린,69657,2019,검정색,서울,4430,2WD
62503,볼보,XC90,T8 엑셀런스 하이브리드,가솔린+전기,38220,2017,검정색,대구,8499,2WD
62509,볼보,S8,D3,디젤,176382,2012,검정색,인천,740,2WD
62526,볼보,S90,T5 인스크립션,가솔린,60920,2018,검정색,광주,4340,2WD
62544,볼보,V60,D4 ,디젤,128102,2016,검정색,경기,2330,AWD
62605,볼보,XC60,D5 모멘텀,디젤,42421,2019,검정색,경기,5250,2WD
62640,볼보,C70,D4,디젤,117631,2014,검정색,경기,2180,2WD
62681,볼보,V90,D5 프로 ,디젤,58662,2019,검정색,경기,5650,AWD
62694,볼보,XC90,D5 인스크립션,디젤,39000,2019,검정색,경기,7490,2WD
62697,볼보,C70,D4,디젤,117631,2014,검정색,경기,2180,2WD
62748,볼보,V90,D5 프로 ,디젤,58662,2019,검정색,경기,5650,AWD
62749,볼보,XC60,D5 ,디젤,184290,2011,검정색,경기,1120,AWD
62763,볼보,C70,D5,디젤,152375,2014,검정색,경기,1840,2WD
62768,볼보,S90,D5  모멘텀,디젤,22418,2019,검정색,광주,4480,AWD
62821,볼보,V40,D3,디젤,64826,2016,검정색,경기,1760,2WD
62829,볼보,S90,D5  모멘텀,디젤,22418,2019,검정색,광주,4480,AWD
62880,볼보,V40,D3,디젤,64826,2016,검정색,경기,1760,2WD
62914,볼보,C70,D4,디젤,58927,2016,검정색,경기,2890,2WD
62979,볼보,XC90,D5 모멘텀,디젤,138776,2017,검정색,서울,4490,2WD
63016,볼보,XC90,D5 모멘텀,디젤,138776,2017,검정색,서울,4490,2WD
63053,볼보,S8,D5,디젤,154678,2009,검정색,경기,650,2WD
63090,볼보,XC90,T6 인스크립션,가솔린,39573,2017,검정색,경기,7150,2WD
63105,볼보,S90,B5 인스크립션,가솔린,16000,2021,검정색,충남,6000,2WD
63379,볼보,XC90,T6 인스크립션,가솔린,93266,2018,검정색,서울,5590,2WD
63453,볼보,XC90,T6 인스크립션,가솔린,73754,2018,검정색,광주,6600,2WD
63472,볼보,XC60,D5 인스크립션,디젤,23242,2020,검정색,서울,5630,2WD
63561,볼보,V40,D4 R-디자인,디젤,28319,2016,검정색,경기,2350,2WD
63562,볼보,V40,D3,디젤,7606,2019,검정색,경기,2890,2WD
63591,볼보,C70,D5,디젤,143921,2014,검정색,경기,1899,2WD
63595,볼보,V40,D4 R-디자인,디젤,28319,2016,검정색,경기,2350,2WD
63596,볼보,V40,D3,디젤,7606,2019,검정색,경기,2890,2WD
63621,볼보,XC60,T6 인스크립션,가솔린,21280,2019,검정색,경기,6500,2WD
63668,볼보,XC60,T6 인스크립션,가솔린,21280,2019,검정색,경기,6500,2WD
63793,볼보,S8,D4,디젤,54049,2013,검정색,경기,1560,2WD
63861,볼보,S8,D4,디젤,54049,2013,검정색,경기,1560,2WD
63887,볼보,V40,D4,디젤,86247,2013,검정색,경기,1240,2WD
63909,볼보,XC90,D5 모멘텀,디젤,111362,2017,검정색,인천,4930,2WD
63973,볼보,XC90,D5 모멘텀,디젤,111362,2017,검정색,인천,4930,2WD
64102,볼보,XC60,D5 모멘텀,디젤,65746,2018,검정색,전북,4970,2WD
64218,볼보,S90,D5  모멘텀,디젤,11673,2019,검정색,인천,4550,AWD
64252,볼보,S90,D5  모멘텀,디젤,11673,2019,검정색,인천,4550,AWD
64267,볼보,S90,D5  모멘텀,디젤,49893,2017,검정색,대구,3590,AWD
64302,볼보,S90,D4 모멘텀,디젤,117343,2018,검정색,경기,3250,2WD
64603,볼보,XC60,D5 모멘텀,디젤,56356,2018,검정색,경기,5190,2WD
64777,볼보,XC60,D4 인스크립션,디젤,36504,2018,검정색,경기,5300,2WD
64785,볼보,V40,D2,디젤,163000,2014,검정색,경기,680,2WD
64812,볼보,XC60,D4 인스크립션,디젤,36504,2018,검정색,경기,5300,2WD
64879,볼보,S90,D4 인스크립션,디젤,85300,2018,검정색,인천,3990,2WD
64998,볼보,XC90,D5 인스크립션,디젤,79582,2018,검정색,충남,6250,2WD
65177,볼보,S90,T5 인스크립션,가솔린,85252,2020,검정색,부산,4390,2WD
65299,볼보,XC90,D5 모멘텀,디젤,73028,2017,검정색,경기,5550,2WD
65312,볼보,S8,D5,디젤,136801,2011,검정색,서울,680,2WD
65354,볼보,XC90,D5 모멘텀,디젤,73028,2017,검정색,경기,5550,2WD
65406,볼보,XC60,D4,디젤,92183,2016,검정색,대구,2249,2WD
65429,볼보,XC90,T8 엑셀런스 하이브리드,가솔린+전기,68890,2017,검정색,서울,7850,2WD
65591,볼보,S6,2.0T,가솔린,210000,2003,검정색,대구,350,2WD
65609,볼보,S90,D4 인스크립션,디젤,85359,2018,검정색,인천,3990,2WD
65647,볼보,XC60,D5 ,디젤,139027,2016,검정색,경기,2350,AWD
65732,볼보,S90,D4 모멘텀,디젤,88827,2018,검정색,경기,3390,2WD
65739,볼보,S90,D4 모멘텀,디젤,88827,2018,검정색,경기,3390,2WD
65794,볼보,XC60,D4 인스크립션,디젤,51142,2018,검정색,부산,5090,2WD
65835,볼보,V90,T5 프로 ,가솔린,52675,2019,검정색,경기,5940,AWD
65843,볼보,XC60,D5 인스크립션,디젤,31242,2020,검정색,경기,6180,2WD
65860,볼보,XC60,D5 인스크립션,디젤,35734,2020,검정색,충북,5990,2WD
65865,볼보,XC60,D5 ,디젤,153364,2011,검정색,경기,1250,AWD
65868,볼보,XC60,D5 모멘텀,디젤,33992,2018,검정색,경기,5199,2WD
65892,볼보,XC60,D5 ,디젤,52674,2017,검정색,경기,3500,AWD
65928,볼보,XC90,D5 인스크립션,디젤,49318,2017,검정색,서울,6350,2WD
65941,볼보,XC90,D5,디젤,183595,2008,검정색,경기,799,2WD
65971,볼보,XC90,D5 인스크립션,디젤,49318,2017,검정색,서울,6350,2WD
66018,볼보,S4,2.4i,가솔린,243000,2007,검정색,경기,800,2WD
66060,볼보,XC90,D5 인스크립션,디젤,74571,2018,검정색,경기,6780,2WD
66122,볼보,V60,D4,디젤,89180,2016,검정색,충남,2450,2WD
66177,볼보,XC90,D5 인스크립션,디젤,47916,2018,검정색,경기,7050,2WD
66179,볼보,XC90,T6 인스크립션,가솔린,78928,2019,검정색,전북,6990,2WD
66183,볼보,S90,T5 인스크립션,가솔린,68795,2019,검정색,부산,4290,2WD
66217,볼보,S90,T5 인스크립션,가솔린,68795,2019,검정색,부산,4290,2WD
66232,볼보,V90,T5 프로 ,가솔린,72149,2019,검정색,경기,5290,AWD
66286,볼보,XC60,D4,디젤,91805,2017,검정색,경남,2450,2WD
66292,볼보,S8,D2,디젤,222689,2014,검정색,대구,950,2WD
66294,볼보,XC60,D5 R-디자인 ,디젤,59000,2016,검정색,대전,3680,AWD
66324,볼보,S90,D5  R-디자인,디젤,86956,2018,검정색,경기,3930,AWD
66347,볼보,S90,D5  R-디자인,디젤,86956,2018,검정색,경기,3930,AWD
66366,볼보,C3,2.4i,가솔린,111568,2007,검정색,인천,440,2WD
66389,볼보,S8,D5,디젤,195834,2012,검정색,경기,770,2WD
66478,볼보,S6,D4,디젤,140917,2013,검정색,경기,950,2WD
66637,볼보,XC90,T8 인스크립션 하이브리드,가솔린+전기,90226,2017,검정색,경기,7139,2WD
66654,볼보,XC90,D5 인스크립션,디젤,62856,2018,검정색,부산,6855,2WD
66677,볼보,S6,D5,디젤,157343,2012,검정색,경기,830,2WD
66685,볼보,XC90,T6 모멘텀,가솔린,27012,2018,검정색,경기,6800,2WD
66696,볼보,C70,D5,디젤,193402,2014,검정색,서울,1720,2WD
66701,볼보,S6,T5 인스크립션,가솔린,36000,2020,검정색,경기,3788,2WD
66710,볼보,XC90,D5 인스크립션,디젤,28278,2018,검정색,경기,7200,2WD
66956,볼보,XC90,D5 모멘텀,디젤,50199,2019,검정색,경기,6390,2WD
66992,볼보,S8,D5,디젤,380000,2012,검정색,경기,400,2WD
67069,볼보,C4,T4 R-디자인,가솔린,39221,2019,검정색,경기,4350,2WD
67103,볼보,S8,D4,디젤,115600,2014,검정색,경기,1330,2WD
67165,볼보,S8,T6 ,가솔린,84870,2011,검정색,경기,1190,AWD
67302,볼보,XC60,D4 인스크립션,디젤,125000,2018,검정색,경기,4299,2WD
67318,볼보,XC60,D5 인스크립션,디젤,35313,2018,검정색,경기,5699,2WD
67325,볼보,S90,T8  액설런스,가솔린+전기,23000,2020,검정색,경기,9099,AWD
67429,볼보,V40,D3,디젤,99118,2016,검정색,경기,1299,2WD
67534,볼보,XC90,D5 인스크립션,디젤,160447,2018,검정색,경기,4790,2WD
67548,볼보,S6,D5,디젤,130759,2011,검정색,대구,870,2WD
67603,볼보,XC60,D4 인스크립션,디젤,77000,2018,검정색,경기,4700,2WD
67656,볼보,XC90,D5 인스크립션,디젤,94850,2017,검정색,경기,5850,2WD
67670,볼보,S8,D5,디젤,216453,2008,검정색,경기,395,2WD
67805,볼보,XC90,D5 모멘텀,디젤,138000,2017,검정색,서울,4490,2WD
67834,볼보,XC90,D5 인스크립션,디젤,45000,2019,검정색,서울,7035,2WD
67838,볼보,S6,D3,디젤,107927,2016,검정색,서울,1520,2WD
67881,볼보,XC60,D5 모멘텀,디젤,57768,2018,검정색,부산,5150,2WD
67890,볼보,XC90,D5 인스크립션,디젤,93000,2018,검정색,충북,0,2WD
67974,볼보,C70,D5,디젤,227596,2014,검정색,경기,1490,2WD
68012,볼보,C3,D4,디젤,67267,2012,검정색,서울,1100,2WD
68194,볼보,XC60,D5 인스크립션,디젤,32291,2019,검정색,경기,5590,2WD
68292,볼보,V90,T5 프로 ,가솔린,44400,2018,검정색,경기,5420,AWD
68300,볼보,XC60,D4 인스크립션,디젤,51142,2018,검정색,부산,87,2WD
68409,볼보,C70,D5,디젤,106735,2015,검정색,경기,2380,2WD
68580,볼보,XC60,T6 인스크립션,가솔린,52358,2018,검정색,전북,5300,2WD
68589,볼보,S6,D4,디젤,133863,2015,검정색,울산,1350,2WD
68660,볼보,S8,D4,디젤,112822,2013,검정색,경기,1090,2WD
68706,볼보,V60,D4,디젤,46736,2016,검정색,경기,1850,2WD
68827,볼보,V60,T5 프로 ,가솔린,19517,2020,검정색,경기,5200,AWD
68898,볼보,C3,D4,디젤,96710,2011,검정색,부산,790,2WD
69072,볼보,V40,D3,디젤,74783,2018,검정색,부산,2450,2WD
69130,볼보,S90,D4 모멘텀,디젤,52030,2017,검정색,인천,3450,2WD
69131,볼보,S90,D4 모멘텀,디젤,52030,2017,검정색,인천,3450,2WD
69209,볼보,V90,T5 프로 ,가솔린,87320,2018,검정색,경기,4550,AWD
69265,볼보,S90,D5  모멘텀,디젤,7838,2019,검정색,광주,4499,AWD
69266,볼보,S90,D5  모멘텀,디젤,7838,2019,검정색,광주,4499,AWD
69311,볼보,V90,D5 프로 ,디젤,20478,2019,검정색,서울,5980,AWD
69432,볼보,S6,D3,디젤,162817,2016,검정색,대전,1150,2WD
69475,볼보,S6,R,가솔린,90000,2006,검정색,광주,1390,2WD
69482,볼보,S8,T6 ,가솔린,148650,2011,검정색,경기,1150,AWD
69540,볼보,S8,D5,디젤,227000,2011,검정색,대구,650,2WD
69575,볼보,S6,D4,디젤,181921,2015,검정색,경기,990,2WD
69576,볼보,S6,T5,가솔린,156208,2011,검정색,경기,690,2WD
69608,볼보,C4,T4 인스크립션,가솔린,27000,2019,검정색,경기,2938,2WD
69612,볼보,V40,D4 R-디자인,디젤,130338,2015,검정색,충남,1200,2WD
69656,볼보,V60,D2,디젤,93043,2015,검정색,경기,1999,2WD
69658,볼보,S90,T5 인스크립션,가솔린,18010,2020,검정색,충남,3020,2WD
69686,볼보,V60,D2,디젤,96378,2015,검정색,경기,1290,2WD
69796,볼보,C70,D5,디젤,123000,2014,기타,경기,1899,2WD
69858,볼보,S8,T5,가솔린,92567,2016,기타,서울,1890,2WD
69895,볼보,V40,D4,디젤,130663,2013,기타,경기,890,2WD
69911,볼보,S8,D4,디젤,93713,2014,기타,경기,1430,2WD
69924,볼보,S8,D4,디젤,93713,2014,기타,경기,1430,2WD
69959,볼보,S8,D4,디젤,112895,2015,기타,서울,1590,2WD
69983,볼보,V60,B5 프로 ,가솔린,3003,2021,기타,서울,5430,AWD
70000,볼보,XC90,D5 모멘텀,디젤,98765,2017,기타,경기,4990,2WD
70023,볼보,XC90,D5 모멘텀,디젤,98765,2017,기타,경기,4990,2WD
70057,볼보,XC60,D5 ,디젤,135194,2014,기타,서울,1899,AWD
70071,볼보,C3,T5,가솔린,93105,2008,기타,경기,599,2WD
70145,볼보,S8,D5,디젤,138022,2012,기타,충남,899,2WD
70146,볼보,XC60,D5 ,디젤,120103,2014,기타,충남,2029,AWD
70210,볼보,S6,2.5T,가솔린,219041,2008,기타,서울,270,2WD
70479,볼보,C3,2.4i,가솔린,160702,2007,기타,대구,449,2WD
70499,볼보,V40,D3,디젤,98834,2016,기타,충남,1450,2WD
70571,볼보,C3,2.4i,가솔린,91163,2009,기타,경기,449,2WD
70651,볼보,V40,D4 R-디자인,디젤,112000,2014,기타,충남,1350,2WD
70707,볼보,V60,B5 프로 ,가솔린+전기,5466,2021,기타,경기,5920,AWD
70713,볼보,V60,B5 프로 ,가솔린+전기,5466,2021,기타,경기,5920,AWD
70738,볼보,S6,D3,디젤,146266,2016,기타,충남,1250,2WD
70884,볼보,V40,D4,디젤,102598,2015,기타,경기,1730,2WD
70892,볼보,V40,D4,디젤,102598,2015,기타,경기,1730,2WD
70917,볼보,V40,D2,디젤,50305,2014,기타,경기,1499,2WD
70987,볼보,XC90,T6 인스크립션,가솔린,165435,2016,기타,경기,4950,2WD
70992,볼보,V40,D3,디젤,132555,2016,기타,경기,1110,2WD
71003,볼보,S6,T5 인스크립션,가솔린,55474,2020,기타,경기,4250,2WD
71006,볼보,S6,T5 인스크립션,가솔린,55474,2020,기타,경기,4250,2WD
71021,볼보,C70,D4,디젤,102296,2015,기타,경기,2399,2WD
71220,볼보,C3,D4,디젤,172278,2011,기타,경기,550,2WD
71277,볼보,V40,D2,디젤,128323,2015,기타,경기,899,2WD
71321,볼보,S6,D4,디젤,117130,2013,기타,충남,1099,2WD
71353,볼보,C4,T4 인스크립션,가솔린,23193,2019,기타,경기,4950,2WD
71386,볼보,V40,D2,디젤,44606,2015,기타,경기,1220,2WD
71387,볼보,V40,D2,디젤,44606,2015,기타,경기,1220,2WD
71397,볼보,S8,D4,디젤,194468,2015,기타,전북,1199,2WD
71496,볼보,V40,D2,디젤,55551,2015,기타,경기,1290,2WD
71738,볼보,V50,2.4i,가솔린,156942,2006,기타,경기,590,2WD
71743,볼보,S8,D4,디젤,141509,2014,기타,경기,1150,2WD
71938,볼보,V40,D4,디젤,59000,2017,기타,충남,2199,2WD
71939,볼보,V40,D4,디젤,59000,2017,기타,충남,2199,2WD
72063,볼보,XC60,T6 인스크립션,가솔린,47356,2018,기타,서울,5820,2WD
72069,볼보,XC60,D4,디젤,70819,2015,기타,경기,2320,2WD
72072,볼보,XC60,D4,디젤,70819,2015,기타,경기,2320,2WD
72123,볼보,XC60,D5 ,디젤,41350,2016,기타,서울,2890,AWD
72125,볼보,XC60,D5 ,디젤,95812,2010,기타,서울,1040,AWD
72128,볼보,XC60,D5 ,디젤,41350,2016,기타,서울,2890,AWD
72137,볼보,C70,D5,디젤,68372,2013,기타,경기,2330,2WD
72138,볼보,C70,D5,디젤,68372,2013,기타,경기,2330,2WD
72148,볼보,XC60,D3,디젤,97018,2016,기타,경기,2110,2WD
72149,볼보,XC60,D3,디젤,97018,2016,기타,경기,2110,2WD
72162,볼보,XC60,D5 ,디젤,106689,2014,기타,경기,2050,AWD
72181,볼보,C70,D5,디젤,172143,2016,기타,경기,1730,2WD
72231,볼보,XC60,D4,디젤,145017,2015,기타,경기,1750,2WD
72282,볼보,XC60,D5 ,디젤,189275,2010,기타,경기,990,AWD
72297,볼보,C70,D5,디젤,174016,2014,기타,경기,2490,2WD
72299,볼보,C70,D4,디젤,75390,2016,기타,경기,2750,2WD
72312,볼보,XC60,D5 ,디젤,155777,2009,기타,대구,970,AWD
72561,볼보,XC60,D5 모멘텀,디젤,53586,2019,회색,경기,5050,2WD
72562,볼보,XC60,T6 인스크립션,가솔린,43344,2018,회색,경기,5400,2WD
72563,볼보,V60,B5 프로 ,가솔린,2319,2021,회색,경기,5630,AWD
72564,볼보,V60,B5 프로 ,가솔린,6125,2021,회색,경기,5600,AWD
72565,볼보,S6,B5 인스크립션,가솔린,980,2021,회색,경기,5080,2WD
72566,볼보,XC60,B5 인스크립션,가솔린,8018,2021,회색,경기,6500,2WD
72583,볼보,V90,D5 ,디젤,69500,2019,회색,경기,4530,AWD
72584,볼보,S8,D5,디젤,180454,2011,회색,경기,680,2WD
72684,볼보,S6,D4,디젤,4013,2018,회색,부산,3190,2WD
72693,볼보,XC90,T6 인스크립션,가솔린,59816,2017,회색,광주,6850,2WD
72722,볼보,XC90,D5 인스크립션,디젤,26730,2019,회색,경기,7800,2WD
72730,볼보,S6,D4,디젤,4013,2018,회색,부산,3190,2WD
72797,볼보,V90,D5 프로 ,디젤,116557,2018,회색,경기,4290,AWD
72845,볼보,V40,T5 ,가솔린,46987,2016,회색,서울,2150,AWD
72891,볼보,S6,T5 R-디자인,가솔린,59521,2015,회색,경기,1900,2WD
72917,볼보,XC60,D5 인스크립션,디젤,29900,2018,회색,경기,5690,2WD
72951,볼보,XC90,D5 인스크립션,디젤,105570,2019,회색,광주,6370,2WD
72976,볼보,XC90,D5 인스크립션,디젤,20246,2018,회색,서울,6980,2WD
72979,볼보,XC90,D5 인스크립션,디젤,105570,2019,회색,광주,6370,2WD
72980,볼보,XC60,B6 인스크립션,가솔린,4260,2021,회색,부산,6800,2WD
72989,볼보,XC60,D5 인스크립션,디젤,28268,2019,회색,경기,5750,2WD
72990,볼보,XC60,T6 인스크립션,가솔린,22369,2019,회색,광주,6330,2WD
73010,볼보,XC90,D5 인스크립션,디젤,106487,2018,회색,경기,5830,2WD
73011,볼보,S8,D5,디젤,84605,2007,회색,경기,550,2WD
73025,볼보,S8,D2,디젤,91712,2015,회색,경기,1380,2WD
73032,볼보,XC60,D5 인스크립션,디젤,28268,2019,회색,경기,5750,2WD
73036,볼보,XC60,T6 인스크립션,가솔린,22369,2019,회색,광주,6330,2WD
73059,볼보,S8,D2,디젤,91712,2015,회색,경기,1380,2WD
73151,볼보,V40,D3,디젤,89440,2016,회색,부산,1999,2WD
73156,볼보,XC90,D5 모멘텀,디젤,162931,2017,회색,서울,3730,2WD
73202,볼보,XC60,D5 모멘텀,디젤,17326,2018,회색,경기,5250,2WD
73208,볼보,XC90,D5 인스크립션,디젤,62884,2018,회색,경기,6699,2WD
73211,볼보,V60,B5 프로 ,가솔린+전기,21714,2021,회색,서울,5450,AWD
73229,볼보,V60,B5 프로 ,가솔린+전기,21714,2021,회색,서울,5450,AWD
73341,볼보,V90,T5 프로 ,가솔린,75249,2019,회색,경기,4990,AWD
73357,볼보,XC60,D4,디젤,106174,2013,회색,대구,1529,2WD
73370,볼보,V90,T5 프로 ,가솔린,75249,2019,회색,경기,4990,AWD
73468,볼보,S8,D4,디젤,71791,2013,회색,경기,1169,2WD
73494,볼보,XC60,B5 인스크립션,가솔린+전기,3789,2021,회색,부산,6500,2WD
73537,볼보,XC60,D5 ,디젤,206582,2015,회색,인천,1650,AWD
73560,볼보,XC90,D5 모멘텀,디젤,46528,2018,회색,대구,6330,2WD
73636,볼보,S6,B5 인스크립션,가솔린+전기,1089,2021,회색,부산,5000,2WD
73731,볼보,XC60,T8 인스크립션,가솔린+전기,84284,2019,회색,경기,6300,2WD
73769,볼보,S8,D5,디젤,149000,2014,회색,대구,1299,2WD
73835,볼보,S90,D5  모멘텀,디젤,11623,2019,회색,광주,4480,AWD
73855,볼보,XC60,T6 인스크립션,가솔린,28541,2019,회색,경기,6350,2WD
73982,볼보,S8,2.9,가솔린,58000,2004,회색,대전,650,2WD
74127,볼보,V90,D5 프로 ,디젤,97000,2019,회색,경기,4390,AWD
74224,볼보,V40,D3,디젤,47910,2017,회색,서울,1990,2WD
74281,볼보,S90,T5 인스크립션,가솔린,73085,2020,회색,경기,4390,2WD
74289,볼보,S90,T5 인스크립션,가솔린,73085,2020,회색,경기,4390,2WD
74298,볼보,XC90,D5 인스크립션,디젤,40350,2019,회색,서울,7690,2WD
74323,볼보,V90,D5 프로 ,디젤,90642,2018,회색,경기,4450,AWD
74325,볼보,V90,D5 프로 ,디젤,98837,2019,회색,경기,4450,AWD
74326,볼보,XC90,D5 인스크립션,디젤,67390,2019,회색,경기,6800,2WD
74341,볼보,V90,D5 ,디젤,84518,2018,회색,경기,3990,AWD
74361,볼보,XC90,D5 모멘텀,디젤,38090,2019,회색,충남,5690,2WD
74429,볼보,XC90,D5 모멘텀,디젤,47521,2018,회색,광주,6500,2WD
74475,볼보,V40,T5 ,가솔린,47000,2016,회색,서울,2150,AWD
74506,볼보,S8,D5,디젤,167000,2011,회색,전북,670,2WD
74510,볼보,V90,T5 프로 ,가솔린,108941,2018,회색,경기,4300,AWD
74529,볼보,V90,T5 프로 ,가솔린,108941,2018,회색,경기,4300,AWD
74620,볼보,S8,4.4 ,가솔린,136000,2009,회색,대구,699,AWD
74630,볼보,XC60,D4 인스크립션,디젤,50921,2018,회색,서울,4990,2WD
74878,볼보,V50,2.4i,가솔린,120000,2007,회색,대구,692,2WD
74904,볼보,V60,D3,디젤,37000,2018,회색,서울,3100,2WD
74932,볼보,XC60,D5 인스크립션,디젤,29832,2019,회색,경기,5720,2WD
74942,볼보,XC60,D5 모멘텀,디젤,88638,2018,회색,부산,4650,2WD
74947,볼보,XC60,D5 모멘텀,디젤,88638,2018,회색,부산,4650,2WD
74958,볼보,V90,T5 프로 ,가솔린,25200,2018,회색,경기,5590,AWD
74985,볼보,S90,D5  모멘텀,디젤,17501,2019,회색,경기,4390,AWD
75026,볼보,S90,D4 인스크립션,디젤,71900,2018,회색,경북,4280,2WD
75042,볼보,V90,T5 프로 ,가솔린,13734,2020,회색,서울,5684,AWD
75203,볼보,XC60,D5 인스크립션,디젤,70000,2018,회색,부산,5090,2WD
75232,볼보,C4,T4 R-디자인,가솔린,51191,2020,회색,인천,4049,2WD
75248,볼보,XC60,D5 인스크립션,디젤,39800,2018,회색,부산,5594,2WD
75261,볼보,S6,D5,디젤,175146,2011,회색,경기,690,2WD
75286,볼보,XC60,D5 인스크립션,디젤,67000,2019,회색,대구,5280,2WD
75367,볼보,XC90,D5 모멘텀,디젤,47000,2018,회색,서울,6250,2WD
75489,볼보,S8,D4,디젤,107172,2013,회색,경기,1070,2WD
75514,볼보,V90,D5 프로 ,디젤,89735,2019,회색,경기,4200,AWD
75522,볼보,V40,D3,디젤,36478,2018,회색,경기,2240,2WD
75528,볼보,V60,T5 프로 ,가솔린,17083,2019,회색,경기,5100,AWD
75581,볼보,XC60,D4 인스크립션,디젤,128910,2018,회색,경기,4470,2WD
75618,볼보,S8,T6 ,가솔린,117340,2013,회색,경기,1599,AWD
75679,볼보,V90,T5 프로 ,가솔린,48013,2020,회색,서울,5400,AWD
75709,볼보,V60,T5 ,가솔린,39096,2020,회색,경기,4749,AWD
75714,볼보,S90,D5  모멘텀,디젤,34843,2019,회색,서울,3880,AWD
75796,볼보,C3,2.4i,가솔린,107790,2009,회색,경기,480,2WD
75810,볼보,V40,D3,디젤,93665,2017,회색,경기,1600,2WD
75823,볼보,XC90,T6 인스크립션,가솔린,100664,2018,회색,경기,5700,2WD
75830,볼보,XC60,D5 인스크립션,디젤,32000,2019,회색,경남,5390,2WD
75844,볼보,XC90,D5 인스크립션,디젤,90474,2018,회색,경기,6400,2WD
75891,볼보,XC90,T6 인스크립션,가솔린,89657,2017,회색,대전,5650,2WD
75893,볼보,XC90,T6 인스크립션,가솔린,8195,2019,회색,서울,7990,2WD
75932,볼보,S90,T5 인스크립션,가솔린,16872,2019,회색,광주,4950,2WD
75935,볼보,S90,T5 인스크립션,가솔린,16872,2019,회색,광주,4950,2WD
75948,볼보,S4,2.4i,가솔린,154259,2009,회색,경기,450,2WD
76007,볼보,XC90,D5 인스크립션,디젤,107500,2017,회색,경남,5780,2WD
76059,볼보,V40,D3,디젤,60000,2017,회색,경기,1750,2WD
76106,볼보,S90,T5 인스크립션,가솔린,37551,2020,회색,경기,5350,2WD
76204,볼보,S8,D5,디젤,165000,2008,회색,대구,550,2WD
76205,볼보,S8,D5,디젤,180000,2010,회색,대구,630,2WD
76253,볼보,XC60,D5 인스크립션,디젤,76893,2019,회색,경기,5190,2WD
76266,볼보,S4,2.4i,가솔린,101852,2010,회색,경기,590,2WD
76284,볼보,S6,B5 인스크립션,가솔린,1467,2021,회색,경기,5000,2WD
76285,볼보,XC60,T6 인스크립션,가솔린,15000,2019,회색,경기,6500,2WD
76286,볼보,V60,B5 프로 ,가솔린,1980,2021,회색,경기,5600,AWD
76287,볼보,V60,B5 프로 ,가솔린,1815,2021,회색,경기,5600,AWD
76350,볼보,S8,T6,가솔린,121903,2003,회색,경북,540,2WD
76423,볼보,V40,D2,디젤,67252,2015,회색,광주,1600,2WD
76424,볼보,V40,D2,디젤,67252,2015,회색,광주,1600,2WD
76436,볼보,XC90,D5 인스크립션,디젤,48780,2018,회색,경기,6890,2WD
76451,볼보,960,2.5,가솔린,150000,1997,회색,경북,490,2WD
76498,볼보,S90,D5  모멘텀,디젤,10551,2019,회색,광주,4500,AWD
76500,볼보,S90,D5  모멘텀,디젤,10551,2019,회색,광주,4500,AWD
76542,볼보,S6,D3,디젤,68000,2018,회색,충북,2000,2WD
76571,볼보,S90,D4 모멘텀,디젤,79999,2018,회색,인천,3380,2WD
76659,볼보,S8,D4,디젤,183819,2014,회색,인천,890,2WD
76723,볼보,S8,D3,디젤,92028,2012,기타,경기,950,2WD
76745,볼보,XC60,D5 ,디젤,304800,2010,기타,경북,970,AWD
76785,볼보,C70,2.4T,가솔린,237735,2001,기타,경기,600,2WD
76787,볼보,S6,T5 인스크립션,가솔린,13300,2020,기타,경기,4600,2WD
76799,볼보,XC60,D5 ,디젤,166000,2013,기타,광주,1350,AWD
77136,볼보,C3,2.4i,가솔린,160000,2007,흰색,부산,370,2WD
77264,볼보,S6,D2,디젤,89841,2014,흰색,경기,1140,2WD
77268,볼보,S6,D4,디젤,125000,2015,흰색,광주,1370,2WD
77379,볼보,C70,D4,디젤,163537,2015,기타,경기,1750,2WD
77562,볼보,S6,T5,가솔린,47341,2011,기타,서울,990,2WD
77830,볼보,S6,D5 R-Design,디젤,83213,2016,기타,경기,1790,2WD
78021,볼보,V40,D2,디젤,152518,2015,기타,경기,1190,2WD
78039,볼보,C70,컨버터블,가솔린,139481,2003,기타,경남,1150,2WD
78050,볼보,V60,T5 프로 ,가솔린,13000,2020,기타,경기,5200,AWD
78191,볼보,V40,D3,디젤,41677,2018,회색,경기,2350,2WD
78228,볼보,C3,D4,디젤,76691,2012,회색,서울,1000,2WD
78256,볼보,C3,D4,디젤,76691,2012,회색,서울,1000,2WD
78272,볼보,S6,T5 인스크립션,가솔린,35809,2020,회색,경기,4280,2WD
78273,볼보,XC60,D5 ,디젤,102573,2012,회색,서울,1550,AWD
78312,볼보,C3,2.4i,가솔린,111027,2007,회색,대구,450,2WD
78325,볼보,V60,D4,디젤,93182,2014,회색,경기,1340,2WD
78334,볼보,S8,T5,가솔린,48508,2016,회색,서울,2290,2WD
78353,볼보,V60,D4,디젤,93182,2014,회색,경기,1340,2WD
78358,볼보,S8,D4,디젤,186366,2013,회색,경기,850,2WD
78359,볼보,S8,T6 ,가솔린,140960,2011,회색,서울,970,AWD
78401,볼보,S6,T5,가솔린,98779,2014,회색,경기,1630,2WD
78405,볼보,C3,D4,디젤,216766,2012,회색,경기,499,2WD
78424,볼보,S6,T5,가솔린,98779,2014,회색,경기,1630,2WD
78438,볼보,S90,D4 인스크립션,디젤,91332,2018,회색,인천,4090,2WD
78443,볼보,S8,D5,디젤,137714,2010,회색,경기,680,2WD
78521,볼보,C70,D5,디젤,128101,2009,회색,경기,1070,2WD
78522,볼보,XC90,2.5T,가솔린,153744,2006,회색,경기,660,2WD
78523,볼보,S4,2.4i,가솔린,162689,2009,회색,광주,299,2WD
78543,볼보,S8,D5,디젤,135000,2008,회색,경남,475,2WD
78572,볼보,C3,2.4i,가솔린,85265,2009,회색,경기,490,2WD
78648,볼보,XC60,D5 인스크립션,디젤,49419,2019,회색,경기,5590,2WD
78744,볼보,V60,D4,디젤,104131,2016,회색,경기,1979,2WD
78785,볼보,S6,2.0T,가솔린,236799,2006,회색,경기,190,2WD
78804,볼보,S6,D3,디젤,118540,2016,회색,경기,1299,2WD
78817,볼보,S8,D5,디젤,188741,2011,회색,대구,590,2WD
78832,볼보,S8,D5,디젤,125152,2008,회색,경기,599,2WD
78861,볼보,V40,D2,디젤,28389,2015,회색,경기,1490,2WD
78887,볼보,V40,D2,디젤,28389,2015,회색,경기,1490,2WD
78901,볼보,S8,T5,가솔린,45078,2016,회색,인천,2190,2WD
78917,볼보,XC60,T8 인스크립션,가솔린+전기,5384,2021,회색,부산,7800,2WD
78924,볼보,XC60,D3,디젤,117454,2012,회색,경기,1320,2WD
79032,볼보,S6,2.0T,가솔린,120603,2005,회색,대구,370,2WD
79053,볼보,S4,2.4i,가솔린,95752,2010,회색,경기,630,2WD
79139,볼보,S6,2.5T,가솔린,144000,2007,회색,경기,229,2WD
79153,볼보,C70,D4,디젤,61489,2016,회색,경기,2920,2WD
79167,볼보,S8,T5,가솔린,107776,2014,회색,대구,1650,2WD
79177,볼보,S8,D5,디젤,165763,2008,회색,경기,550,2WD
79179,볼보,XC90,2.5T,가솔린,130879,2006,회색,경기,499,2WD
79215,볼보,S8,D2,디젤,112887,2015,회색,경기,1190,2WD
79297,볼보,S6,D3,디젤,131000,2012,회색,부산,850,2WD
79330,볼보,V60,D2,디젤,92330,2014,회색,서울,1350,2WD
79343,볼보,V60,D2,디젤,92330,2014,회색,서울,1350,2WD
79364,볼보,C70,2.5T,가솔린,284000,2004,회색,충남,550,2WD
79368,볼보,C3,D4,디젤,224455,2012,회색,경기,500,2WD
79403,볼보,V40,D4,디젤,105311,2013,회색,경기,1100,2WD
79505,볼보,S8,D5,디젤,145314,2009,회색,경기,590,2WD
79544,볼보,S8,2.0T,가솔린,47611,2004,회색,경기,880,2WD
79576,볼보,S8,3.2,가솔린,160000,2007,회색,대구,377,2WD
79646,볼보,XC90,D5,디젤,194168,2010,회색,대구,985,2WD
79694,볼보,C3,2.4i,가솔린,169189,2008,회색,경기,470,2WD
79745,볼보,XC90,D5,디젤,170838,2010,회색,서울,899,2WD
79769,볼보,C3,2.4i,가솔린,150629,2007,회색,경기,420,2WD
79773,볼보,XC60,D5 ,디젤,72674,2011,회색,광주,1599,AWD
79775,볼보,S8,3.2,가솔린,143228,2007,회색,경기,350,2WD
79793,볼보,XC60,D5 ,디젤,177349,2011,회색,대전,1180,AWD
79877,볼보,S8,D5,디젤,136330,2009,회색,인천,450,2WD
79935,볼보,XC60,D4,디젤,140588,2013,회색,경기,1700,2WD
79979,볼보,S6,D3,디젤,91861,2016,회색,부산,1550,2WD
79990,볼보,S8,T5,가솔린,74858,2016,회색,인천,2050,2WD
80008,볼보,S6,D3,디젤,91861,2016,회색,부산,1550,2WD
80102,볼보,XC60,D4,디젤,87721,2017,회색,부산,2380,2WD
80126,볼보,XC90,D5,디젤,248250,2011,회색,대구,699,2WD
80371,볼보,C70,D5,디젤,282436,2008,회색,경기,599,2WD
80421,볼보,S6,2.0T,가솔린,259125,2007,회색,경기,230,2WD
80533,볼보,XC90,T6,가솔린,198800,2006,회색,경기,560,2WD
80536,볼보,V40,D2,디젤,80600,2014,회색,대전,1260,2WD
80554,볼보,XC90,D5 인스크립션,디젤,63000,2017,회색,부산,6150,2WD
80569,볼보,S8,3.2,가솔린,111789,2009,회색,서울,480,2WD
80588,볼보,XC60,D5 ,디젤,227403,2011,회색,경기,850,AWD
80611,볼보,S6,D5,디젤,240741,2008,회색,부산,335,2WD
80617,볼보,S8,T6,가솔린,106000,2006,회색,대전,490,2WD
80699,볼보,S8,T6 ,가솔린,186417,2010,회색,경기,1020,AWD
80718,볼보,V50,2.4i,가솔린,170324,2008,회색,경기,400,2WD
80735,볼보,V60,D4,디젤,96053,2016,회색,인천,2090,2WD
80763,볼보,S8,4.4 ,가솔린,213000,2007,회색,경기,500,AWD
80768,볼보,V50,2.4i,가솔린,126572,2007,회색,경기,520,2WD
80840,볼보,S6,2.5T,가솔린,118635,2008,회색,인천,420,2WD
80914,볼보,C3,2.4i,가솔린,125698,2009,회색,경기,480,2WD
80941,볼보,S8,3.2,가솔린,150000,2007,회색,대전,350,2WD
80956,볼보,S6,2.4D,디젤,235083,2006,회색,경기,190,2WD
80959,볼보,C4,T4 인스크립션,가솔린,54125,2019,회색,경기,4450,2WD
80977,볼보,S8,D5,디젤,164942,2012,회색,경기,950,2WD
80982,볼보,S8,D5,디젤,248901,2016,회색,대구,395,2WD
81027,볼보,S8,D4,디젤,151000,2014,회색,대구,1250,2WD
81056,볼보,S4,2.4i,가솔린,50363,2006,회색,서울,500,2WD
81083,볼보,S8,D5,디젤,129720,2011,회색,부산,850,2WD
81119,볼보,S8,D5,디젤,121000,2012,회색,광주,930,2WD
81186,볼보,S8,2.0T,가솔린,171698,2006,회색,대전,499,2WD
81199,볼보,S8,T6 ,가솔린,230000,2004,회색,전남,580,AWD
81224,볼보,V50,2.4i,가솔린,177108,2009,회색,경기,620,2WD
81337,볼보,V50,2.4i,가솔린,137013,2008,회색,경기,499,2WD
81364,볼보,C70,D5,디젤,127658,2014,회색,경기,1950,2WD
81429,볼보,S8,3.2,가솔린,259410,2007,회색,전북,350,2WD
81446,볼보,S8,D5,디젤,190000,2008,회색,대구,500,2WD
81509,볼보,XC60,T6,가솔린,99653,2010,회색,경기,1620,2WD
81560,볼보,S8,2.0T,가솔린,204405,2005,회색,경기,230,2WD
81587,볼보,S4,2.4i,가솔린,128000,2008,회색,부산,330,2WD
81659,볼보,XC60,D5 ,디젤,261000,2010,회색,서울,860,AWD
81697,볼보,C3,2.4i,가솔린,167072,2007,회색,인천,360,2WD
81703,볼보,XC90,T6,가솔린,179583,2005,회색,경기,490,2WD
81765,볼보,S8,D5,디젤,162630,2011,회색,경기,640,2WD
81779,볼보,S8,2.9,가솔린,146751,2005,회색,대구,450,2WD
81780,볼보,S4,2.4i,가솔린,102907,2008,회색,대구,430,2WD
81819,볼보,S6,R,가솔린,264274,2006,회색,경기,780,2WD
81827,볼보,S8,2.0T,가솔린,105500,2006,회색,광주,650,2WD
81837,볼보,XC60,D5 인스크립션,디젤,15000,2020,회색,제주,5827,2WD
81858,볼보,C70,D5,디젤,265969,2006,회색,서울,500,2WD
81898,볼보,C3,2.4i,가솔린,116266,2009,회색,서울,300,2WD
81920,볼보,XC60,D4 인스크립션,디젤,166368,2018,회색,경기,3990,2WD
81950,볼보,S8,D5,디젤,316012,2010,회색,경기,330,2WD
81993,볼보,V60,D3,디젤,64449,2017,회색,서울,99999,2WD
82053,볼보,XC60,D3,디젤,87920,2017,회색,대구,2390,2WD
82077,볼보,V40,D3,디젤,34044,2017,회색,경기,1850,2WD
82080,볼보,V40,D3,디젤,34044,2017,회색,경기,1850,2WD
82098,볼보,S8,D4,디젤,128646,2013,회색,경기,1190,2WD
82099,볼보,S8,D4,디젤,128646,2013,회색,경기,1190,2WD
82132,볼보,V40,D2,디젤,115762,2015,회색,경기,1230,2WD
82173,볼보,XC90,D5 인스크립션,디젤,89526,2017,회색,서울,5250,2WD
82202,볼보,XC90,T6 인스크립션,가솔린,64214,2018,회색,경기,6220,2WD
82218,볼보,S8,3.2,가솔린,167968,2007,회색,대구,395,2WD
82252,볼보,S90,D5  모멘텀,디젤,9994,2019,회색,광주,4550,AWD
82255,볼보,S90,D5  모멘텀,디젤,9994,2019,회색,광주,4550,AWD
82281,볼보,XC90,D5,디젤,164438,2011,회색,충북,1390,2WD
82315,볼보,S8,D5,디젤,120000,2007,회색,부산,580,2WD
82319,볼보,S8,D4,디젤,70774,2014,회색,서울,1300,2WD
82330,볼보,XC60,D4,디젤,119779,2016,회색,경기,1990,2WD
82331,볼보,XC60,D4,디젤,119779,2016,회색,경기,1990,2WD
82341,볼보,S8,D2,디젤,229737,2014,회색,경기,850,2WD
82345,볼보,V40,D3,디젤,137670,2016,회색,대구,1349,2WD
82346,볼보,C70,D4,디젤,93125,2016,회색,경기,2650,2WD
82362,볼보,S6,2.0T,가솔린,144807,2004,회색,경기,199,2WD
82371,볼보,V40,D4,디젤,24391,2018,회색,서울,2890,2WD
82384,볼보,XC90,D5 인스크립션,디젤,124634,2018,회색,대구,5599,2WD
82399,볼보,XC90,T6 인스크립션,가솔린,33225,2017,회색,경기,6950,2WD
82408,볼보,XC60,D5 ,디젤,127574,2016,회색,경기,2299,AWD
82415,볼보,S8,D5,디젤,115192,2010,회색,서울,650,2WD
82434,볼보,S6,D3,디젤,70000,2016,회색,광주,1630,2WD
82439,볼보,C3,2.4i,가솔린,126712,2009,회색,경기,450,2WD
82440,볼보,V90,D5 프로 ,디젤,126344,2018,회색,경기,4390,AWD
82442,볼보,S8,3.2,가솔린,163623,2007,회색,인천,360,2WD
82477,볼보,S90,D5  모멘텀,디젤,15563,2019,회색,경기,4600,AWD
82542,볼보,S6,D3,디젤,105498,2016,회색,경기,1390,2WD
82543,볼보,S6,D3,디젤,105498,2016,회색,경기,1390,2WD
82549,볼보,XC60,D5 인스크립션,디젤,76137,2019,회색,경기,4880,2WD
82570,볼보,C70,D5,디젤,151650,2015,회색,경기,1950,2WD
82629,볼보,S90,T5 인스크립션,가솔린,103588,2019,기타,서울,4100,2WD
82645,볼보,XC60,D5 인스크립션,디젤,93064,2018,기타,경기,4599,2WD
82662,볼보,S90,T5 인스크립션,가솔린,103749,2017,기타,서울,3730,2WD
82671,볼보,V40,D2,디젤,85358,2015,기타,경기,1180,2WD
82673,볼보,V40,D4,디젤,83635,2014,기타,충남,1370,2WD
82674,볼보,V40,D3,디젤,85437,2016,기타,충남,1520,2WD
82708,볼보,V40,D2,디젤,108992,2014,기타,경기,1160,2WD
82735,볼보,V40,D4,디젤,185833,2013,기타,경기,890,2WD
82829,볼보,V40,D3,디젤,29826,2017,흰색,서울,2330,2WD
82841,볼보,XC90,T6 인스크립션,가솔린,13442,2020,흰색,경기,8750,2WD
83004,볼보,V90,T5 프로 ,가솔린,41860,2018,흰색,경기,5449,AWD
83060,볼보,XC60,D5 인스크립션,디젤,107903,2019,흰색,경기,4850,2WD
83084,볼보,C3,D4,디젤,28051,2011,흰색,서울,1320,2WD
83130,볼보,V90,T5 프로 ,가솔린,41860,2018,흰색,경기,5449,AWD
83146,볼보,XC60,D5 인스크립션,디젤,107903,2019,흰색,경기,4850,2WD
83212,볼보,V40,D3,디젤,58616,2017,흰색,서울,1999,2WD
83214,볼보,S6,T5 인스크립션,가솔린,26892,2020,흰색,경기,4550,2WD
83220,볼보,V40,D3,디젤,75721,2019,흰색,서울,2290,2WD
83225,볼보,S90,T5 인스크립션,가솔린,33089,2018,흰색,경기,4750,2WD
83234,볼보,S6,T5,가솔린,108258,2011,흰색,경기,990,2WD
83337,볼보,V40,D3,디젤,75721,2019,흰색,서울,2290,2WD
83358,볼보,S90,T5 인스크립션,가솔린,33089,2018,흰색,경기,4750,2WD
83625,볼보,V90,T5 프로 ,가솔린,49357,2019,흰색,경기,5599,AWD
83635,볼보,C4,T4 인스크립션,가솔린,11806,2020,흰색,경기,5040,2WD
83771,볼보,XC90,T6 인스크립션,가솔린,24788,2020,흰색,서울,8599,2WD
83892,볼보,V40,D3,디젤,90960,2018,흰색,충북,1890,2WD
83940,볼보,XC90,D5 모멘텀,디젤,63687,2019,흰색,경기,6089,2WD
84035,볼보,XC90,D5 모멘텀,디젤,63687,2019,흰색,경기,6089,2WD
84043,볼보,XC60,T6 인스크립션,가솔린,8411,2020,흰색,경기,7200,2WD
84048,볼보,S6,T5 인스크립션,가솔린,9514,2020,흰색,서울,4599,2WD
84078,볼보,V40,D3,디젤,75931,2016,흰색,대구,1499,2WD
84197,볼보,XC60,D5 ,디젤,153927,2014,흰색,충남,1979,AWD
84227,볼보,V40,D3,디젤,93472,2017,흰색,경기,1400,2WD
84365,볼보,S90,B6  인스크립션,가솔린,200,2021,흰색,경기,5940,AWD
84402,볼보,S6,B5 인스크립션,가솔린,1240,2021,흰색,서울,3950,2WD
84427,볼보,S6,D4,디젤,171318,2014,흰색,경기,980,2WD
84463,볼보,C4,T4 인스크립션,가솔린,21996,2019,흰색,인천,4630,2WD
84516,볼보,V40,D3,디젤,19848,2018,흰색,서울,2199,2WD
84537,볼보,C4,T4 인스크립션,가솔린,21996,2019,흰색,인천,4630,2WD
84550,볼보,S6,D3,디젤,96544,2016,흰색,경기,1490,2WD
84637,볼보,V40,D3,디젤,13974,2018,흰색,경기,1800,2WD
84685,볼보,S6,D2,디젤,160298,2015,흰색,경기,880,2WD
84687,볼보,V40,D3,디젤,15797,2017,흰색,경기,2090,2WD
84766,볼보,V40,D3,디젤,53394,2017,흰색,경기,2460,2WD
84775,볼보,V40,D3,디젤,15797,2017,흰색,경기,2090,2WD
84898,볼보,S6,T5 인스크립션,가솔린,10317,2020,흰색,경기,4050,2WD
84975,볼보,XC60,T6 인스크립션,가솔린,67000,2020,흰색,서울,6108,2WD
84998,볼보,V40,D3,디젤,146128,2017,흰색,대구,1499,2WD
85004,볼보,C4,B4 R-디자인,가솔린+전기,9768,2021,흰색,대구,4799,2WD
85034,볼보,XC60,D5 R-디자인 ,디젤,92668,2016,흰색,경기,3320,AWD
85035,볼보,XC60,D4,디젤,86588,2014,흰색,경기,2090,2WD
85044,볼보,XC60,D5 인스크립션,디젤,51205,2019,흰색,경기,5580,2WD
85087,볼보,S90,T5 인스크립션,가솔린,82437,2019,흰색,광주,3990,2WD
85144,볼보,XC60,D5 R-디자인 ,디젤,92668,2016,흰색,경기,3320,AWD
85150,볼보,XC60,D4,디젤,86588,2014,흰색,경기,2090,2WD
85169,볼보,XC60,D5 인스크립션,디젤,51205,2019,흰색,경기,5580,2WD
85172,볼보,C4,T4 R-디자인,가솔린,34123,2019,흰색,경기,4270,2WD
85181,볼보,S8,D5,디젤,101851,2013,흰색,경기,1290,2WD
85198,볼보,XC60,D5 모멘텀,디젤,24000,2019,흰색,서울,5480,2WD
85199,볼보,V40,D2,디젤,112516,2014,흰색,대구,1030,2WD
85217,볼보,S8,T5,가솔린,81496,2016,흰색,서울,2097,2WD
85229,볼보,S90,D4 모멘텀,디젤,50159,2018,흰색,서울,3850,2WD
85247,볼보,XC60,T6 인스크립션,가솔린,39980,2018,흰색,경기,5840,2WD
85274,볼보,C3,2.4i,가솔린,110591,2008,흰색,경기,499,2WD
85323,볼보,XC60,T6 인스크립션,가솔린,15211,2019,흰색,서울,6297,2WD
85331,볼보,XC90,D5 인스크립션,디젤,126646,2017,흰색,경기,5680,2WD
85342,볼보,V40,D3,디젤,84618,2016,흰색,경기,1590,2WD
85345,볼보,V40,D3,디젤,31730,2019,흰색,서울,2699,2WD
85354,볼보,XC60,T6 인스크립션,가솔린,39980,2018,흰색,경기,5840,2WD
85377,볼보,S8,D4,디젤,113145,2013,흰색,대구,1390,2WD
85397,볼보,XC90,D5 모멘텀,디젤,81000,2017,흰색,경남,5480,2WD
85427,볼보,XC60,T6 인스크립션,가솔린,15211,2019,흰색,서울,6297,2WD
85449,볼보,XC90,D5 인스크립션,디젤,126646,2017,흰색,경기,5680,2WD
85456,볼보,XC60,B6 인스크립션,가솔린+전기,3228,2021,흰색,부산,6800,2WD
85494,볼보,S6,D3,디젤,119970,2016,흰색,경기,1450,2WD
85518,볼보,S6,D3,디젤,73944,2017,흰색,경기,1550,2WD
85530,볼보,S90,D4 인스크립션,디젤,123873,2017,흰색,광주,3650,2WD
85546,볼보,XC60,T6 인스크립션,가솔린,15309,2020,흰색,광주,6599,2WD
85570,볼보,S90,T5 모멘텀,가솔린,74145,2017,흰색,경기,3600,2WD
85601,볼보,XC60,D3,디젤,107345,2017,흰색,경기,2520,2WD
85618,볼보,XC90,D5 모멘텀,디젤,102602,2017,흰색,서울,4850,2WD
85676,볼보,S90,D5  모멘텀,디젤,11205,2019,흰색,경기,4499,AWD
85735,볼보,XC60,D3,디젤,107345,2017,흰색,경기,2520,2WD
85776,볼보,S90,D5  모멘텀,디젤,11205,2019,흰색,경기,4499,AWD
85809,볼보,XC60,D5 ,디젤,89446,2014,흰색,인천,2120,AWD
85832,볼보,S6,2.5 ,가솔린,94836,2005,흰색,경기,490,AWD
85910,볼보,XC60,D5 인스크립션,디젤,43000,2019,흰색,경기,5730,2WD
85960,볼보,V40,D3,디젤,68174,2018,흰색,경기,2150,2WD
85968,볼보,S90,D5  모멘텀,디젤,13938,2019,흰색,경기,4549,AWD
85973,볼보,V40,D3,디젤,84548,2016,흰색,경남,1690,2WD
85984,볼보,XC90,D5 인스크립션,디젤,50270,2019,흰색,서울,7150,2WD
86012,볼보,V40,D3,디젤,68174,2018,흰색,경기,2150,2WD
86043,볼보,V60,B5 프로 ,가솔린,2895,2021,흰색,부산,5630,AWD
86110,볼보,S6,B5 인스크립션,가솔린+전기,3404,2021,흰색,부산,5000,2WD
86266,볼보,XC60,D5 ,디젤,75000,2014,흰색,경기,2250,AWD
86334,볼보,V60,B5 프로 ,가솔린,7169,2021,흰색,서울,4950,AWD
86382,볼보,V90,D5 ,디젤,34309,2017,흰색,서울,3890,AWD
86476,볼보,S6,D3,디젤,82880,2016,흰색,경기,1750,2WD
86516,볼보,XC90,D5 모멘텀,디젤,47700,2018,흰색,서울,6370,2WD
86536,볼보,XC60,D4 인스크립션,디젤,48879,2018,흰색,서울,5100,2WD
86581,볼보,S90,T5 모멘텀,가솔린,148447,2017,흰색,경기,2820,2WD
86617,볼보,XC60,D4,디젤,71761,2013,흰색,경기,2190,2WD
86787,볼보,S6,D4,디젤,95865,2017,흰색,경기,1880,2WD
86803,볼보,S90,D5  모멘텀,디젤,17369,2019,흰색,광주,4650,AWD
86828,볼보,S6,2.5T,가솔린,97992,2009,흰색,전북,579,2WD
86931,볼보,S6,D4,디젤,95865,2017,흰색,경기,1880,2WD
86936,볼보,V40,D3,디젤,74283,2017,흰색,대구,1750,2WD
86946,볼보,S6,T4,가솔린,119147,2013,흰색,서울,1350,2WD
86954,볼보,S90,D5  인스크립션,디젤,73137,2017,흰색,서울,4250,AWD
87019,볼보,S90,D5  인스크립션,디젤,73137,2017,흰색,서울,4250,AWD
87055,볼보,S6,T5,가솔린,183060,2011,흰색,인천,640,2WD
87236,볼보,V40,D4,디젤,89630,2013,흰색,경기,1250,2WD
87286,볼보,S6,D4,디젤,199984,2013,흰색,경기,699,2WD
87309,볼보,V40,D4,디젤,89630,2013,흰색,경기,1250,2WD
87390,볼보,S6,T5,가솔린,5110,2018,흰색,경기,2299,2WD
87400,볼보,V90,D5 ,디젤,58471,2017,흰색,서울,4650,AWD
87424,볼보,XC90,D5 인스크립션,디젤,78706,2017,흰색,경남,5750,2WD
87454,볼보,V90,D5 ,디젤,58471,2017,흰색,서울,4650,AWD
87489,볼보,V90,D5 ,디젤,58471,2017,흰색,서울,4650,AWD
87506,볼보,S90,D5  모멘텀,디젤,9922,2019,흰색,경기,4630,AWD
87514,볼보,S90,D5  인스크립션,디젤,33082,2017,흰색,경기,4880,AWD
87537,볼보,S90,D5  인스크립션,디젤,30098,2019,흰색,경기,4890,AWD
87574,볼보,S90,D5  인스크립션,디젤,33082,2017,흰색,경기,4880,AWD
87582,볼보,S90,D5  모멘텀,디젤,9922,2019,흰색,경기,4630,AWD
87624,볼보,V40,D3,디젤,45105,2019,흰색,경기,2700,2WD
87708,볼보,V40,D3,디젤,45105,2019,흰색,경기,2700,2WD
87939,볼보,XC90,D5 인스크립션,디젤,16295,2020,흰색,경기,8680,2WD
87996,볼보,S90,T5 인스크립션,가솔린,37652,2019,흰색,서울,4850,2WD
88014,볼보,XC90,D5 인스크립션,디젤,16295,2020,흰색,경기,8680,2WD
88052,볼보,S6,D4,디젤,174143,2014,흰색,부산,899,2WD
88054,볼보,XC60,D5 인스크립션,디젤,74519,2019,흰색,부산,5380,2WD
88108,볼보,S6,D4,디젤,117498,2013,흰색,경기,1070,2WD
88127,볼보,S6,D4,디젤,157012,2014,흰색,대전,1040,2WD
88142,볼보,S6,D4,디젤,117498,2013,흰색,경기,1070,2WD
88220,볼보,V40,D3,디젤,53654,2018,흰색,경기,1999,2WD
88270,볼보,XC60,D4 인스크립션,디젤,49000,2018,흰색,전북,5100,2WD
88292,볼보,XC90,D5 인스크립션,디젤,45292,2017,흰색,경기,6520,2WD
88305,볼보,XC90,D5 인스크립션,디젤,45292,2017,흰색,경기,6520,2WD
88332,볼보,S8,D5,디젤,101000,2011,흰색,서울,980,2WD
88345,볼보,XC60,D5 ,디젤,106592,2014,흰색,대전,1999,AWD
88393,볼보,V40,D3,디젤,28224,2016,흰색,경기,2030,2WD
88499,볼보,XC90,D5 인스크립션,디젤,102000,2019,흰색,서울,6150,2WD
88512,볼보,V60,D4 R-디자인,디젤,101549,2015,흰색,서울,1995,2WD
88540,볼보,S6,D3,디젤,132496,2016,흰색,서울,1330,2WD
88564,볼보,S6,D3,디젤,132496,2016,흰색,서울,1330,2WD
88579,볼보,V40,D4,디젤,60548,2016,흰색,경기,1870,2WD
88580,볼보,V40,D3,디젤,60539,2016,흰색,경기,1870,2WD
88601,볼보,XC90,T6 인스크립션,가솔린,44505,2017,흰색,경기,7100,2WD
88623,볼보,XC60,D4 인스크립션,디젤,76500,2018,흰색,서울,4850,2WD
88656,볼보,XC90,T6 인스크립션,가솔린,44505,2017,흰색,경기,7100,2WD
88698,볼보,S6,T5,가솔린,107594,2011,흰색,부산,770,2WD
88721,볼보,XC60,D5 인스크립션,디젤,126000,2019,흰색,대구,4799,2WD
88846,볼보,S6,D4,디젤,149574,2013,흰색,경기,990,2WD
88923,볼보,V40,D3,디젤,43574,2017,흰색,경기,2100,2WD
89049,볼보,XC60,D5 ,디젤,254000,2013,흰색,경기,1130,AWD
89050,볼보,V40,D2,디젤,192000,2014,흰색,경기,830,2WD
89072,볼보,C4,T4 인스크립션,가솔린,8393,2019,흰색,경기,3890,2WD
89353,볼보,XC60,D4,디젤,116538,2013,흰색,대전,1590,2WD
89355,볼보,S6,T5 인스크립션,가솔린,9853,2020,흰색,경기,4590,2WD
89406,볼보,S6,D3,디젤,69431,2018,흰색,경기,2200,2WD
89409,볼보,XC60,D5 인스크립션,디젤,43266,2019,흰색,경기,5680,2WD
89436,볼보,S6,T5 인스크립션,가솔린,18145,2020,흰색,서울,4470,2WD
89437,볼보,S6,D3,디젤,55835,2018,흰색,대전,2100,2WD
89447,볼보,V90,T5 프로 ,가솔린,29428,2020,흰색,부산,6190,AWD
89492,볼보,S6,T5,가솔린,144914,2011,흰색,경기,850,2WD
89512,볼보,V90,T5 프로 ,가솔린,29428,2020,흰색,부산,6190,AWD
89539,볼보,XC60,D4,디젤,60663,2013,흰색,서울,2170,2WD
89546,볼보,V90,T5 프로 ,가솔린,41868,2019,흰색,경기,5820,AWD
89575,볼보,S6,2.0T,가솔린,100758,2004,흰색,경기,650,2WD
89733,볼보,C70,D4,디젤,41775,2015,흰색,경기,2850,2WD
89763,볼보,XC90,D5 모멘텀,디젤,109466,2017,흰색,경기,4890,2WD
89846,볼보,C70,D5,디젤,179072,2013,흰색,경기,1600,2WD
89867,볼보,XC60,D5 인스크립션,디젤,45609,2018,흰색,경남,5450,2WD
89932,볼보,V60,D2,디젤,113992,2014,흰색,대구,1370,2WD
90006,볼보,XC90,D5 모멘텀,디젤,30800,2017,흰색,부산,6180,2WD
90063,볼보,C4,B4 인스크립션,가솔린,18000,2021,흰색,경기,5190,2WD
90234,볼보,XC60,T6 인스크립션,가솔린,24746,2018,흰색,경기,5790,2WD
90239,볼보,XC60,T6 인스크립션,가솔린,24746,2018,흰색,경기,5790,2WD
90262,볼보,XC90,D5 R디자인,디젤,119548,2013,흰색,대전,2290,2WD
90266,볼보,XC90,D5 인스크립션,디젤,78000,2017,흰색,부산,5880,2WD
90267,볼보,V40,D2,디젤,115196,2014,흰색,경기,1199,2WD
90278,볼보,XC60,T6 인스크립션,가솔린,9424,2019,흰색,경기,6449,2WD
90314,볼보,XC60,T8 R-디자인,가솔린+전기,2394,2021,흰색,경기,6920,2WD
90407,볼보,C3,D4,디젤,55554,2012,흰색,경기,1190,2WD
90431,볼보,V40,D3,디젤,64558,2016,흰색,경기,1790,2WD
90594,볼보,V60,D4,디젤,171129,2018,흰색,경기,2099,2WD
90611,볼보,XC90,D5 인스크립션,디젤,102846,2019,흰색,서울,6150,2WD
90643,볼보,XC60,D5 모멘텀,디젤,24681,2019,흰색,서울,5480,2WD
90653,볼보,XC60,D5 모멘텀,디젤,24681,2019,흰색,서울,5480,2WD
90695,볼보,S6,D3,디젤,36000,2017,흰색,경기,1800,2WD
90696,볼보,C3,T5,가솔린,111639,2008,흰색,대전,590,2WD
90698,볼보,C4,T4 인스크립션,가솔린,68929,2019,흰색,서울,4199,2WD
90718,볼보,V40,D2,디젤,31673,2015,흰색,경기,1590,2WD
90723,볼보,S6,B5 인스크립션,가솔린,4010,2021,흰색,경기,5190,2WD
90745,볼보,C4,T4 인스크립션,가솔린,33792,2019,흰색,부산,4520,2WD
90821,볼보,C4,T4 인스크립션,가솔린,25000,2019,흰색,대구,4880,2WD
90837,볼보,XC90,T6 모멘텀,가솔린,34039,2018,흰색,광주,6650,2WD
90841,볼보,XC60,D5 인스크립션,디젤,73600,2019,흰색,경남,5350,2WD
91002,볼보,V40,D2,디젤,119517,2015,흰색,인천,1090,2WD
91049,볼보,S8,T5,가솔린,88360,2014,흰색,경기,1850,2WD
91071,볼보,S90,T5 인스크립션,가솔린,29737,2019,흰색,경기,5050,2WD
91099,볼보,V90,D5 프로 ,디젤,71691,2018,흰색,경기,5090,AWD
91117,볼보,V40,D3,디젤,16014,2017,흰색,경기,2190,2WD
91124,볼보,C70,D5,디젤,169176,2010,흰색,인천,1050,2WD
91158,볼보,XC60,D5 인스크립션,디젤,51839,2019,흰색,경기,5350,2WD
91248,볼보,C3,D4,디젤,143409,2012,흰색,경기,650,2WD
91341,볼보,S6,T5 인스크립션,가솔린,7308,2020,흰색,경기,4690,2WD
91371,볼보,XC60,D5 ,디젤,195720,2009,흰색,경기,920,AWD
91417,볼보,C4,T4 인스크립션,가솔린,58674,2019,흰색,경기,4590,2WD
91519,볼보,XC60,T6 인스크립션,가솔린,29738,2019,흰색,서울,6190,2WD
91531,볼보,V40,D3,디젤,61606,2016,흰색,부산,1870,2WD
91540,볼보,S8,D3,디젤,129063,2012,흰색,경기,789,2WD
91568,볼보,S6,D3,디젤,135051,2017,흰색,경기,1429,2WD
91640,볼보,C3,D4,디젤,139816,2012,흰색,대구,690,2WD
91648,볼보,XC60,D5 모멘텀,디젤,23166,2019,흰색,부산,5530,2WD
91703,볼보,V60,B5 프로 ,가솔린,1806,2021,흰색,경기,5650,AWD
91704,볼보,S6,B5 인스크립션,가솔린,1366,2021,흰색,경기,5050,2WD
91705,볼보,XC60,T8 인스크립션,가솔린+전기,31000,2020,흰색,경기,7000,2WD
91706,볼보,S90,T5 인스크립션,가솔린,26978,2019,흰색,경기,4700,2WD
91707,볼보,V60,B5 프로 ,가솔린,5746,2021,흰색,경기,5600,AWD
91708,볼보,V90,T5 프로 ,가솔린,4069,2020,흰색,경기,6500,AWD
91709,볼보,V60,B5 프로 ,가솔린,3221,2021,흰색,경기,5630,AWD
91710,볼보,S6,B5 인스크립션,가솔린,1280,2021,흰색,경기,5050,2WD
91711,볼보,V60,B5 프로 ,가솔린,1715,2021,흰색,경기,5650,AWD
91883,볼보,S6,D4,디젤,41871,2016,흰색,경기,2050,2WD
91922,볼보,V40,D4,디젤,94566,2015,흰색,경기,1690,2WD
92002,볼보,V40,D4,디젤,94700,2017,흰색,경기,1899,2WD
92005,볼보,V40,D3,디젤,140525,2018,흰색,경기,1350,2WD
92051,볼보,S6,D3,디젤,51727,2017,흰색,경기,2090,2WD
92235,볼보,S6,2.0T,가솔린,129183,2007,흰색,경기,380,2WD
92253,볼보,XC90,D5 모멘텀,디젤,161434,2017,흰색,대구,4499,2WD
92272,볼보,XC60,D5 ,디젤,63483,2017,흰색,대구,3550,AWD
92511,볼보,S90,D4 인스크립션,디젤,74323,2017,흰색,경기,3899,2WD
92512,볼보,V40,T5,가솔린,21842,2016,흰색,경기,2549,2WD
92633,볼보,XC60,T6 인스크립션,가솔린,10179,2020,흰색,부산,120,2WD
92660,볼보,S6,T5 인스크립션,가솔린,12000,2020,흰색,경기,4550,2WD
92664,볼보,V60,D4 R-디자인,디젤,127743,2015,흰색,경기,2050,2WD
92783,볼보,XC60,D5 인스크립션,디젤,35500,2019,흰색,서울,5550,2WD
92827,볼보,S6,D4,디젤,83180,2017,흰색,경기,1970,2WD
92828,볼보,S6,T5,가솔린,131135,2014,흰색,경기,1399,2WD
92831,볼보,XC60,T6 인스크립션,가솔린,41540,2019,흰색,경기,5990,2WD
92833,볼보,S6,D4,디젤,83180,2017,흰색,경기,1970,2WD
92835,볼보,S6,T5,가솔린,131135,2014,흰색,경기,1399,2WD
92892,볼보,V90,T5 프로 ,가솔린,53086,2018,흰색,경기,5439,AWD
93033,볼보,C4,T4 R-디자인,가솔린,35511,2019,흰색,경기,4300,2WD
93036,볼보,S8,4.4 ,가솔린,119211,2008,흰색,경기,750,AWD
93081,볼보,V40,D2,디젤,105057,2015,흰색,경기,1020,2WD
93111,볼보,XC60,D4,디젤,128598,2016,흰색,경기,1780,2WD
93176,볼보,XC90,T6 R-디자인,가솔린,61304,2017,흰색,서울,6700,2WD
93207,볼보,XC60,T6 인스크립션,가솔린,29750,2019,흰색,서울,6190,2WD
93294,볼보,V60,D4,디젤,125752,2013,흰색,경기,1540,2WD
93309,볼보,XC60,D5 인스크립션,디젤,60000,2019,흰색,대전,5350,2WD
93326,볼보,S6,B5 인스크립션,가솔린,792,2021,흰색,경기,5000,2WD
93327,볼보,S6,B5 인스크립션,가솔린,909,2021,흰색,경기,5000,2WD
93328,볼보,V60,B5 프로 ,가솔린,5706,2021,흰색,경기,5600,AWD
93329,볼보,V60,B5 프로 ,가솔린,3598,2021,흰색,경기,5600,AWD
93330,볼보,C4,B4 인스크립션,가솔린,18339,2021,흰색,경기,5100,2WD
93387,볼보,S6,T5,가솔린,101976,2011,흰색,경기,859,2WD
93452,볼보,S90,D5  인스크립션,디젤,9899,2019,흰색,서울,5200,AWD
93488,볼보,XC60,T8 인스크립션,가솔린+전기,10444,2021,흰색,경기,8199,2WD
93574,볼보,V40,D3,디젤,28800,2017,흰색,경기,2099,2WD
93589,볼보,S6,T5 인스크립션,가솔린,37139,2020,흰색,경기,1482,2WD
93617,볼보,XC60,D4,디젤,40523,2017,흰색,경기,2950,2WD
93761,볼보,XC60,D4,디젤,11200,2017,흰색,대구,3630,2WD
93911,볼보,XC90,D5 인스크립션,디젤,51809,2017,흰색,서울,7049,2WD
93912,볼보,V40,D3,디젤,40640,2018,흰색,경기,2350,2WD
93913,볼보,V40,D3,디젤,40640,2018,흰색,경기,2350,2WD
94009,볼보,C3,D4,디젤,99636,2011,흰색,경기,770,2WD
94055,볼보,XC60,D5 모멘텀,디젤,11007,2019,흰색,부산,5550,2WD
94056,볼보,S6,T5 모멘텀,가솔린,32398,2020,흰색,경남,3270,2WD
94082,볼보,V40,D3,디젤,33580,2017,흰색,인천,2200,2WD
94194,볼보,XC90,D5 모멘텀,디젤,55166,2017,흰색,광주,5590,2WD
94195,볼보,XC90,D5 모멘텀,디젤,55166,2017,흰색,광주,5590,2WD
94201,볼보,V60,T5 ,가솔린,32000,2018,흰색,부산,3470,AWD
94214,볼보,V40,D3,디젤,45590,2016,흰색,경기,1950,2WD
94236,볼보,S90,B5 인스크립션,가솔린,8000,2021,흰색,인천,6490,2WD
94246,볼보,S6,D3,디젤,106000,2017,흰색,경기,1700,2WD
94451,볼보,V90,T5 프로 ,가솔린,39925,2019,흰색,경기,5890,AWD
94452,볼보,V90,T5 프로 ,가솔린,39925,2019,흰색,경기,5890,AWD
94494,볼보,V40,D3,디젤,65853,2017,흰색,경북,1770,2WD
