,brand,name,info,type,km,year,color,location,price,wd
62244,스마트,포투 카브리오,패션 MHD,가솔린,64689,2015,검정색,경기,1485,2WD
62831,스마트,포투 카브리오,카브리오,가솔린,73865,2015,검정색,인천,1440,2WD
63351,스마트,포투 카브리오,패션 MHD,가솔린,84898,2010,검정색,경기,1080,2WD
63934,스마트,쿠페,패션 터보,가솔린,157000,2008,검정색,경기,619,2WD
64096,스마트,쿠페,패션 터보,가솔린,120836,2013,검정색,경기,950,2WD
64134,스마트,쿠페,패션 터보,가솔린,120836,2013,검정색,경기,950,2WD
65175,스마트,쿠페,1.0 패션,가솔린,36575,2015,검정색,경기,1390,2WD
65209,스마트,쿠페,패션 터보,가솔린,57652,2014,검정색,경기,1350,2WD
65235,스마트,쿠페,패션 터보,가솔린,57652,2014,검정색,경기,1350,2WD
65247,스마트,쿠페,브라부스,가솔린,182000,2008,검정색,경기,1200,2WD
65540,스마트,쿠페,패션 터보,가솔린,116541,2008,검정색,경기,750,2WD
65569,스마트,포투 카브리오,패션 MHD,가솔린,84787,2011,검정색,대구,1090,2WD
68348,스마트,포투 카브리오,패션 터보,가솔린,117653,2009,검정색,대구,1099,2WD
68446,스마트,쿠페,쿠페,가솔린,160000,2004,검정색,서울,590,2WD
69065,스마트,쿠페,쿠페,가솔린,114500,2008,검정색,경기,600,2WD
69366,스마트,쿠페,쿠페,가솔린,85900,2014,검정색,충북,950,2WD
70706,스마트,포투 카브리오,패션 터보,가솔린,106076,2011,기타,경기,990,2WD
70980,스마트,쿠페,쿠페 ,디젤,47585,2013,기타,대전,1350,2WD
70983,스마트,쿠페,쿠페 ,디젤,47585,2013,기타,대전,1350,2WD
71139,스마트,포포,1.3,가솔린,160500,2005,기타,대구,540,2WD
73832,스마트,포투 카브리오,펄스 MHD,가솔린,41313,2014,회색,경기,1640,2WD
73877,스마트,포투 카브리오,펄스 MHD,가솔린,41313,2014,회색,경기,1640,2WD
74283,스마트,포투 카브리오,0.9 프라임 터보,가솔린,49694,2017,회색,서울,2799,2WD
74362,스마트,포투 카브리오,펄스 MHD,가솔린,48870,2015,회색,경기,1490,2WD
74367,스마트,포투 카브리오,펄스 MHD,가솔린,48870,2015,회색,경기,1490,2WD
75731,스마트,쿠페,패션 터보,가솔린,61396,2013,회색,경기,1200,2WD
75732,스마트,쿠페,패션 터보,가솔린,61396,2013,회색,경기,1200,2WD
76701,스마트,쿠페,브라부스,가솔린,96137,2013,기타,경기,1900,2WD
77345,스마트,쿠페,패션 터보,가솔린,59690,2010,기타,경기,680,2WD
77355,스마트,포투 카브리오,패션 MHD,가솔린,66000,2010,기타,경기,950,2WD
77435,스마트,포투 카브리오,카브리오,가솔린,20439,2008,기타,대구,990,2WD
77490,스마트,포투 카브리오,펄스 MHD,가솔린,130078,2009,기타,경기,980,2WD
77826,스마트,쿠페,쿠페,가솔린,92448,2000,기타,경기,499,2WD
77839,스마트,쿠페,쿠페,가솔린,89184,2008,기타,경기,799,2WD
77975,스마트,포투 카브리오,펄스 MHD,가솔린,108000,2008,기타,전북,850,2WD
78730,스마트,로드스터,0.7,가솔린,52600,2006,회색,충남,3100,2WD
80419,스마트,로드스터,0.7,가솔린,124000,2002,회색,경기,3000,2WD
81571,스마트,포투 카브리오,카브리오,가솔린,203150,2001,회색,경기,650,2WD
81953,스마트,포투 카브리오,카브리오,가솔린,79500,2008,회색,전남,850,2WD
81958,스마트,쿠페,패션 터보,가솔린,131000,2008,회색,서울,600,2WD
82687,스마트,쿠페,패션 터보,가솔린,121270,2011,기타,서울,910,2WD
82716,스마트,쿠페,쿠페,가솔린,56505,2013,기타,서울,1070,2WD
84826,스마트,포투 카브리오,카브리오,가솔린,184437,2013,흰색,인천,930,2WD
85522,스마트,쿠페,1.0 패션,가솔린,80899,2015,흰색,서울,1250,2WD
86380,스마트,포투 카브리오,패션 터보,가솔린,119253,2013,흰색,경기,1200,2WD
87266,스마트,포투 카브리오,패션 터보,가솔린,58698,2013,흰색,충남,1590,2WD
88428,스마트,쿠페,패션 터보,가솔린,101548,2012,흰색,경기,980,2WD
88488,스마트,쿠페,패션 터보,가솔린,61686,2013,흰색,경기,1290,2WD
88531,스마트,쿠페,패션 터보,가솔린,61686,2013,흰색,경기,1290,2WD
89041,스마트,쿠페,쿠페,가솔린,39930,2011,흰색,경기,940,2WD
89703,스마트,쿠페,패션 터보,가솔린,70905,2013,흰색,경기,1290,2WD
90853,스마트,포투 카브리오,카브리오,가솔린,172209,2009,흰색,경기,890,2WD
91134,스마트,쿠페,패션 터보,가솔린,117111,2014,흰색,부산,950,2WD
91136,스마트,쿠페,패션 터보,가솔린,117111,2014,흰색,부산,950,2WD
91513,스마트,쿠페,패션 터보,가솔린,36411,2014,흰색,서울,1520,2WD
91516,스마트,쿠페,패션 터보,가솔린,36411,2014,흰색,서울,1520,2WD
92494,스마트,쿠페,패션 터보,가솔린,64375,2014,흰색,대전,1370,2WD
93040,스마트,쿠페,쿠페,가솔린,25388,2015,흰색,경기,1400,2WD
93062,스마트,포포,1.3,가솔린,170000,2005,흰색,서울,1270,2WD
93762,스마트,포투 카브리오,패션 터보,가솔린,172773,2010,흰색,충북,1050,2WD
