,brand,name,info,type,km,year,color,location,price,wd
62025,시트로엥,C4,1.6 BlueHDi 샤인,디젤,101090,2017,검정색,서울,1150,2WD
62677,시트로엥,C5,1.5 BlueHDi 샤인,디젤,38865,2019,검정색,경기,2580,2WD
62864,시트로엥,C4,1.6 BlueHDi 원톤 에디션,디젤,81930,2018,검정색,대구,1190,2WD
63354,시트로엥,C4,2.0 BlueHDi 샤인,디젤,36111,2019,검정색,전북,2660,2WD
63442,시트로엥,C4,2.0 BlueHDi 샤인,디젤,36111,2019,검정색,전북,2660,2WD
63556,시트로엥,S3,1.6 e-HDi 소 시크,디젤,60721,2015,검정색,경기,900,2WD
63576,시트로엥,S3,1.6 e-HDi 소 시크,디젤,60721,2015,검정색,경기,900,2WD
63683,시트로엥,C4,1.6 B-HDI 인텐시브,디젤,123741,2016,검정색,경기,1250,2WD
63928,시트로엥,S3,1.6 VTI 소 시크,가솔린,60678,2013,검정색,서울,790,2WD
63977,시트로엥,S3,1.6 VTI 소 시크,가솔린,60678,2013,검정색,서울,790,2WD
64328,시트로엥,S3,1.6 VTI 소 시크,가솔린,94759,2012,검정색,서울,650,2WD
64369,시트로엥,C4,2.0 B-HDI 인텐시브 플러스,디젤,336000,2014,검정색,대구,850,2WD
64386,시트로엥,C4,1.6 BlueHDi 원톤 에디션,디젤,52720,2018,검정색,경기,1590,2WD
64430,시트로엥,C4,1.6 BlueHDi 원톤 에디션,디젤,52720,2018,검정색,경기,1590,2WD
64988,시트로엥,C4,1.5 BlueHDi 샤인,디젤,13678,2019,검정색,부산,1830,2WD
65001,시트로엥,C4,1.5 BlueHDi 샤인,디젤,13678,2019,검정색,부산,1830,2WD
66109,시트로엥,S3,1.6 e-HDi 소 시크,디젤,93989,2014,검정색,경기,649,2WD
66172,시트로엥,C5,1.5 BlueHDi 샤인,디젤,12000,2021,검정색,서울,3200,2WD
66173,시트로엥,C3,1.5 BlueHDi 필,디젤,15000,2019,검정색,서울,1850,2WD
66174,시트로엥,S3,1.5 BlueHDi 소 시크 테크팩,디젤,10000,2020,검정색,서울,2570,2WD
66175,시트로엥,C4,1.5 BlueHDi 샤인,디젤,15000,2019,검정색,서울,1850,2WD
66176,시트로엥,C4,1.5 BlueHDi 샤인,디젤,10000,2019,검정색,서울,1870,2WD
66364,시트로엥,S5,2.0 익스큐티브,디젤,134764,2013,검정색,대구,1099,2WD
66790,시트로엥,S3,1.6 e-HDi 소 시크,디젤,96000,2014,검정색,전북,750,2WD
66796,시트로엥,C4,1.5 BlueHDi 샤인,디젤,45044,2019,검정색,경기,1690,2WD
67478,시트로엥,S5,2.0 익스큐티브,디젤,141477,2013,검정색,경남,870,2WD
68654,시트로엥,S3,1.6 BlueHDi 비 시크,디젤,39378,2018,검정색,경기,1230,2WD
70783,시트로엥,S4,2.0 HDi 소 시크,디젤,91951,2014,기타,경기,890,2WD
71069,시트로엥,C3,1.5 BlueHDi 필,디젤,10000,2019,기타,서울,1850,2WD
72060,시트로엥,S3,1.6 e-HDi 소 시크,디젤,96073,2014,기타,인천,829,2WD
72205,시트로엥,S7,2.0 BlueHDi 그랜드 시크,디젤,10000,2021,기타,서울,4600,2WD
72237,시트로엥,C4,2.0 B-HDI 인텐시브,디젤,82917,2015,기타,부산,1350,2WD
72238,시트로엥,C4,2.0 B-HDI 인텐시브,디젤,82917,2015,기타,부산,1350,2WD
72531,시트로엥,C5,2.0 BlueHDi 샤인,디젤,12572,2020,기타,부산,3100,2WD
73413,시트로엥,C4,1.6 BlueHDi 필,디젤,18106,2019,회색,경기,2689,2WD
73929,시트로엥,C4,1.6 BlueHDi 원톤 에디션,디젤,157000,2017,회색,인천,899,2WD
74130,시트로엥,C4,1.6 BlueHDi 샤인,디젤,156800,2017,회색,인천,899,2WD
74507,시트로엥,C4,2.0 B-HDI 익스클루시브,디젤,76254,2015,회색,서울,1699,2WD
74508,시트로엥,C4,1.6 BlueHDi 샤인,디젤,23757,2019,회색,서울,1599,2WD
74694,시트로엥,C4,1.6 BlueHDi 필,디젤,78000,2018,회색,전북,1550,2WD
74994,시트로엥,C4,1.5 BlueHDi 샤인,디젤,15000,2019,회색,서울,1870,2WD
74995,시트로엥,C4,1.5 BlueHDi 샤인,디젤,15000,2019,회색,서울,1870,2WD
74996,시트로엥,C3,1.5 BlueHDi 필,디젤,10000,2019,회색,서울,1850,2WD
74997,시트로엥,S7,2.0 BlueHDi 그랜드 시크,디젤,10000,2021,회색,서울,4600,2WD
75078,시트로엥,C4,1.6 BlueHDi 필,디젤,49174,2018,회색,충남,1540,2WD
75116,시트로엥,C5,1.5 BlueHDi 샤인,디젤,608,2020,회색,광주,3150,2WD
75139,시트로엥,S4,1.6 e-HDi 시크,디젤,94416,2013,회색,대구,769,2WD
75487,시트로엥,S5,2.0 시크,디젤,89430,2014,회색,광주,1110,2WD
76465,시트로엥,C3,1.5 BlueHDi 필,디젤,1200,2019,회색,서울,1800,2WD
77050,시트로엥,C3,1.5 BlueHDi 필,디젤,15000,2019,흰색,서울,1850,2WD
77272,시트로엥,C5,2.0 BlueHDi 샤인,디젤,1500,2021,흰색,서울,4100,2WD
77273,시트로엥,C3,1.5 BlueHDi 필,디젤,7500,2020,흰색,서울,2150,2WD
77556,시트로엥,S3,1.6 VTI 소 시크,가솔린,74976,2013,기타,서울,690,2WD
77608,시트로엥,S3,1.6 BlueHDi 소 시크,디젤,36618,2017,기타,부산,1330,2WD
77611,시트로엥,S3,1.6 BlueHDi 소 시크,디젤,36618,2017,기타,부산,1330,2WD
77653,시트로엥,S3,1.6 VTI 소 시크,가솔린,34288,2012,기타,경기,1050,2WD
77674,시트로엥,S3,1.6 e-HDi 소 시크,디젤,89711,2013,기타,대구,630,2WD
77761,시트로엥,C4,1.5 BlueHDi 샤인팩,디젤,17000,2021,기타,서울,3400,2WD
77763,시트로엥,C4,1.5 BlueHDi 샤인,디젤,10000,2021,기타,서울,2810,2WD
77857,시트로엥,C4,1.6 BlueHDi 샤인,디젤,30350,2017,기타,경기,1290,2WD
77873,시트로엥,S3,1.6 e-HDi 소 시크,디젤,81392,2014,기타,경기,720,2WD
80144,시트로엥,C3,1.5 BlueHDi 필,디젤,13000,2019,회색,서울,1800,2WD
80145,시트로엥,C4,1.5 BlueHDi 샤인,디젤,10000,2019,회색,서울,1870,2WD
80825,시트로엥,S3,1.4 e-HDi 시크,디젤,112328,2012,회색,경기,490,2WD
81122,시트로엥,C4,1.6 BlueHDi 샤인,디젤,33990,2017,회색,경기,1480,2WD
81124,시트로엥,C4,1.6 BlueHDi 샤인,디젤,33990,2017,회색,경기,1480,2WD
81373,시트로엥,S3,1.6 e-HDi 소 시크,디젤,119000,2013,회색,경기,560,2WD
81594,시트로엥,C4,1.6 BlueHDi 샤인,디젤,58379,2017,회색,경기,1299,2WD
82061,시트로엥,C4,1.6 B-HDI 인텐시브,디젤,57936,2018,회색,광주,1999,2WD
82066,시트로엥,C4,1.6 B-HDI 인텐시브,디젤,57936,2018,회색,광주,1999,2WD
82293,시트로엥,S3,1.6 VTI 소 시크,가솔린,72523,2013,회색,경기,670,2WD
82296,시트로엥,C3,1.5 BlueHDi 필,디젤,8436,2019,회색,서울,1850,2WD
82297,시트로엥,C4,1.5 BlueHDi 샤인,디젤,21500,2019,회색,서울,1870,2WD
82509,시트로엥,S3,1.4 e-HDi 시크,디젤,126400,2013,회색,인천,520,2WD
82651,시트로엥,C4,2.0 B-HDI 인텐시브 플러스,디젤,111405,2015,기타,경기,1590,2WD
82653,시트로엥,C4,1.6 BlueHDi 샤인,디젤,58043,2017,기타,경기,1340,2WD
82711,시트로엥,S3,1.6 VTI 소 시크,가솔린,68218,2012,기타,대구,570,2WD
83310,시트로엥,C4,1.5 BlueHDi 필,디젤,35849,2019,흰색,서울,2950,2WD
83464,시트로엥,C4,1.5 BlueHDi 필,디젤,23290,2019,흰색,경기,2880,2WD
83543,시트로엥,C4,1.5 BlueHDi 필,디젤,23290,2019,흰색,경기,2880,2WD
84076,시트로엥,S3,1.6 VTI 소 시크,가솔린,66742,2013,흰색,경기,580,2WD
84312,시트로엥,C4,1.6 B-HDI 인텐시브,디젤,89654,2017,흰색,경기,1455,2WD
84479,시트로엥,C4,1.5 BlueHDi 샤인,디젤,20411,2019,흰색,경기,1870,2WD
84480,시트로엥,S7,2.0 BlueHDi 그랜드 시크,디젤,5078,2021,흰색,경기,4770,2WD
84482,시트로엥,S3,1.5 BlueHDi 그랜드 시크,디젤,19491,2019,흰색,경기,2720,2WD
84483,시트로엥,C3,1.5 BlueHDi 필,디젤,9311,2019,흰색,경기,1900,2WD
84669,시트로엥,S7,2.0 BlueHDi 그랜드 시크,디젤,36957,2019,흰색,서울,3970,2WD
84765,시트로엥,S7,2.0 BlueHDi 그랜드 시크,디젤,23200,2019,흰색,경기,4040,2WD
84804,시트로엥,S3,1.6 BlueHDi 비 시크,디젤,61485,2018,흰색,인천,1170,2WD
85840,시트로엥,C5,2.0 BlueHDi 샤인,디젤,16337,2020,흰색,서울,3300,2WD
85889,시트로엥,S3,1.4 e-HDi 시크,디젤,73278,2012,흰색,경기,630,2WD
85931,시트로엥,S3,1.4 e-HDi 시크,디젤,73278,2012,흰색,경기,630,2WD
86084,시트로엥,C4,1.6 BlueHDi 샤인,디젤,49944,2017,흰색,서울,1430,2WD
86304,시트로엥,C4,1.6 B-HDI 필,디젤,44766,2018,흰색,경기,2200,2WD
86387,시트로엥,C4,1.6 B-HDI 필,디젤,44766,2018,흰색,경기,2200,2WD
86891,시트로엥,C4,1.6 B-HDI 인텐시브,디젤,94085,2017,흰색,경기,1450,2WD
86949,시트로엥,S3,1.6 e-HDi 소 시크+,디젤,73290,2014,흰색,대전,970,2WD
87428,시트로엥,S3,1.4 e-HDi 시크,디젤,85076,2012,흰색,경기,799,2WD
88140,시트로엥,C4,1.6 B-HDI 인텐시브,디젤,142304,2016,흰색,경기,1390,2WD
88381,시트로엥,C4,1.6 B-HDI 필,디젤,56001,2018,흰색,경기,2190,2WD
88423,시트로엥,S3,1.6 BlueHDi 소 시크,디젤,16020,2018,흰색,경기,1599,2WD
88435,시트로엥,S3,1.6 BlueHDi 소 시크,디젤,16020,2018,흰색,경기,1599,2WD
88767,시트로엥,S7,2.0 BlueHDi 그랜드 시크,디젤,20612,2019,흰색,경기,3970,2WD
89352,시트로엥,C4,1.6 BlueHDi 샤인,디젤,118072,2017,흰색,경기,990,2WD
89651,시트로엥,C5,2.0 BlueHDi 샤인,디젤,13251,2020,흰색,경기,3420,2WD
89770,시트로엥,C5,1.5 BlueHDi 필,디젤,11000,2019,흰색,서울,2550,2WD
89771,시트로엥,S7,2.0 BlueHDi 그랜드 시크,디젤,5000,2021,흰색,서울,4770,2WD
89772,시트로엥,C4,2.0 BlueHDi 샤인,디젤,26500,2019,흰색,서울,2700,2WD
89784,시트로엥,S7,2.0 BlueHDi 소 시크,디젤,7000,2021,흰색,서울,4150,2WD
89785,시트로엥,S7,2.0 BlueHDi 그랜드 시크,디젤,5500,2021,흰색,서울,4600,2WD
89786,시트로엥,C4,1.5 BlueHDi 샤인,디젤,10750,2021,흰색,서울,3050,2WD
89787,시트로엥,C5,1.5 BlueHDi 필,디젤,15000,2020,흰색,서울,2640,2WD
89788,시트로엥,C3,1.5 BlueHDi 샤인,디젤,29900,2019,흰색,서울,1750,2WD
89789,시트로엥,C5,1.5 BlueHDi 샤인,디젤,11000,2021,흰색,서울,3200,2WD
89790,시트로엥,C4,1.5 BlueHDi 샤인,디젤,10500,2019,흰색,서울,1870,2WD
89791,시트로엥,S3,1.5 BlueHDi 그랜드 시크,디젤,5000,2020,흰색,서울,2850,2WD
89792,시트로엥,C5,1.5 BlueHDi 샤인,디젤,8300,2021,흰색,서울,3200,2WD
89793,시트로엥,C3,1.5 BlueHDi 샤인,디젤,30000,2019,흰색,서울,1750,2WD
89794,시트로엥,S3,1.5 BlueHDi 소 시크 테크팩,디젤,12000,2020,흰색,서울,2570,2WD
90447,시트로엥,C4,1.6 BlueHDi 샤인,디젤,9264,2017,흰색,울산,1690,2WD
90507,시트로엥,S4,1.6 e-HDi 소 시크,디젤,142639,2013,흰색,대구,770,2WD
91208,시트로엥,C4,1.6 BlueHDi 필,디젤,72796,2017,흰색,경기,1399,2WD
91938,시트로엥,C4,1.6 B-HDI 인텐시브,디젤,73851,2017,흰색,경기,1880,2WD
92526,시트로엥,S4,1.6 e-HDi 시크,디젤,123929,2013,흰색,경기,699,2WD
92528,시트로엥,S4,1.6 e-HDi 시크,디젤,123929,2013,흰색,경기,699,2WD
93695,시트로엥,S4,2.0 HDi 소 시크,디젤,90056,2014,흰색,경기,799,2WD
93808,시트로엥,C4,1.5 BlueHDi 샤인,디젤,2500,2021,흰색,서울,2500,2WD
93919,시트로엥,C4,1.6 BlueHDi 샤인,디젤,85230,2017,흰색,대구,1160,2WD
94304,시트로엥,S5,2.0 소 시크,디젤,73000,2013,흰색,경기,1130,2WD
