,brand,name,info,type,km,year,color,location,price,wd
62034,인피니티,G35,쿠페,가솔린,144080,2006,검정색,부산,330,2WD
62094,인피니티,Q5,2.2d 프리미엄,디젤,82219,2016,검정색,경기,1580,2WD
62173,인피니티,Q5,2.2d 프리미엄,디젤,82219,2016,검정색,경기,1580,2WD
62374,인피니티,X6,3.5 ,가솔린,72452,2015,검정색,경기,1990,AWD
62383,인피니티,Q7,3.0d,디젤,152502,2015,검정색,인천,1450,2WD
62388,인피니티,Q3,2.0 프리미엄,가솔린,21084,2018,검정색,경기,2200,2WD
62436,인피니티,X6,3.5 ,가솔린,72452,2015,검정색,경기,1990,AWD
62445,인피니티,Q3,2.0 프리미엄,가솔린,21084,2018,검정색,경기,2200,2WD
62540,인피니티,X3,3.5,가솔린,214655,2006,검정색,경기,399,2WD
62541,인피니티,Q5,3.5 블루 스포츠 센서리,가솔린+전기,63092,2018,검정색,경기,2410,2WD
62542,인피니티,Q3,2.0 프리미엄 시티 블랙,가솔린,27838,2017,검정색,경기,2150,2WD
62614,인피니티,Q5,3.5 하이브리드 하이테크,가솔린+전기,56382,2016,검정색,서울,2390,2WD
62818,인피니티,X3,3.5,가솔린,148323,2007,검정색,경기,550,2WD
62936,인피니티,Q5,3.5 블루 스포츠 센서리,가솔린+전기,46045,2018,검정색,경기,2720,2WD
62984,인피니티,Q5,3.5 블루 스포츠 센서리,가솔린+전기,46045,2018,검정색,경기,2720,2WD
63160,인피니티,Q7,3.7 스타일,가솔린,100000,2018,검정색,경기,1940,2WD
63769,인피니티,M3,스탠다드,가솔린,128207,2011,검정색,광주,888,2WD
63814,인피니티,X6,3.5 ,가솔린,63900,2017,검정색,경기,2290,AWD
63897,인피니티,Q5,3.5 하이브리드 에센스,가솔린+전기,57513,2017,검정색,경기,2290,2WD
63954,인피니티,Q5,3.5 하이브리드 에센스,가솔린+전기,57513,2017,검정색,경기,2290,2WD
64007,인피니티,G35,세단 프리미엄,가솔린,264513,2007,검정색,경기,290,2WD
64301,인피니티,G35,세단 스포츠,가솔린,133312,2008,검정색,경기,390,2WD
64392,인피니티,X6,3.5 ,가솔린,37601,2017,검정색,경기,3110,AWD
64660,인피니티,G37,쿠페 어드밴스드,가솔린,153707,2009,검정색,경기,750,2WD
64805,인피니티,X5,5.6,가솔린,148778,2011,검정색,대구,2290,2WD
64848,인피니티,X3,3.5 ,가솔린,171823,2013,검정색,경기,1250,2WD
64967,인피니티,Q3,2.0 프리미엄 시티 블랙,가솔린,61819,2017,검정색,경기,1899,2WD
65029,인피니티,Q7,3.7 ,가솔린,104824,2014,검정색,경기,1470,AWD
65044,인피니티,Q7,3.7 ,가솔린,104824,2014,검정색,경기,1470,AWD
65076,인피니티,M3,스탠다드,가솔린,155921,2011,검정색,경기,600,2WD
65126,인피니티,X6,3.5 ,가솔린,51002,2016,검정색,경기,2640,AWD
65265,인피니티,Q7,3.7 스타일,가솔린,175073,2016,검정색,서울,1240,2WD
65293,인피니티,Q3,2.0 프리미엄 시티 블랙,가솔린,15000,2017,검정색,경기,2190,2WD
65332,인피니티,G37,세단 스포츠,가솔린,157262,2009,검정색,부산,590,2WD
65350,인피니티,G37,컨버터블,가솔린,84729,2009,검정색,경기,1880,2WD
65449,인피니티,X3,3.0,디젤,205000,2012,검정색,경기,1190,2WD
65522,인피니티,X3,3.5 ,가솔린,69373,2013,검정색,경기,1850,4WD
65590,인피니티,X6,3.5 ,가솔린,77516,2016,검정색,경기,2499,AWD
65812,인피니티,G37,세단 스포츠,가솔린,111452,2010,검정색,서울,790,2WD
65849,인피니티,G37,세단 스포츠,가솔린,110000,2009,검정색,경남,550,2WD
65972,인피니티,Q7,3.7 스타일,가솔린,89000,2015,검정색,서울,1639,2WD
66147,인피니티,G35,쿠페,가솔린,153105,2006,검정색,경기,440,2WD
66298,인피니티,Q5,2.2d 프리미엄,디젤,110171,2014,검정색,경기,1100,2WD
66441,인피니티,G25,세단 프리미엄,가솔린,161438,2011,검정색,인천,550,2WD
66513,인피니티,G25,세단 프리미엄,가솔린,169854,2011,검정색,경기,580,2WD
66601,인피니티,Q7,3.7 스타일,가솔린,126500,2016,검정색,인천,1460,2WD
66896,인피니티,G35,쿠페,가솔린,130000,2006,검정색,대구,550,2WD
66910,인피니티,M3,3.0 ,디젤,140000,2013,검정색,경기,1050,2WD
66944,인피니티,X3,3.5,가솔린,210875,2007,검정색,경기,329,2WD
66950,인피니티,X3,3.5,가솔린,180367,2009,검정색,경기,850,2WD
67231,인피니티,G35,세단 스포츠,가솔린,141602,2007,검정색,경기,390,2WD
67347,인피니티,G37,쿠페,가솔린,120000,2009,검정색,서울,950,2WD
67513,인피니티,Q3,2.0 프리미엄,가솔린,49809,2017,검정색,부산,1899,2WD
67535,인피니티,X5,5.0,가솔린,127009,2009,검정색,경기,1590,2WD
67624,인피니티,Q5,2.2d 익스클루시브,디젤,38601,2015,검정색,경기,1980,2WD
67937,인피니티,G37,컨버터블,가솔린,131223,2009,검정색,울산,1520,2WD
68240,인피니티,X5,5.0,가솔린,120000,2009,검정색,경기,1490,2WD
68356,인피니티,X3,2.0 에센셜 ,가솔린,28000,2019,검정색,부산,2860,AWD
68489,인피니티,Q3,2.0 스포츠 프로어시스트,가솔린,50234,2019,검정색,경기,2549,2WD
68559,인피니티,G37,쿠페,가솔린,154052,2009,검정색,경기,999,2WD
69705,인피니티,X3,3.0,디젤,143546,2012,검정색,경기,1600,2WD
69754,인피니티,G35,세단 스포츠,가솔린,157829,2007,검정색,경기,370,2WD
70758,인피니티,G37,세단 프리미엄,가솔린,174184,2009,기타,경기,490,2WD
70788,인피니티,X6,3.5 ,가솔린,39939,2017,기타,서울,2690,AWD
70862,인피니티,Q3,2.0 프리미엄 시티 블랙,가솔린,25756,2017,기타,경기,2230,2WD
70865,인피니티,Q3,2.0 프리미엄 시티 블랙,가솔린,25756,2017,기타,경기,2230,2WD
71060,인피니티,G37,컨버터블,가솔린,41362,2009,기타,경기,1800,2WD
71291,인피니티,Q7,3.0d,디젤,175190,2015,기타,경기,1340,2WD
71645,인피니티,X6,3.5 ,가솔린,81238,2017,기타,경기,2630,AWD
71646,인피니티,X6,3.5 ,가솔린,81238,2017,기타,경기,2630,AWD
72022,인피니티,M5,스포츠타입,가솔린,153000,2011,기타,인천,1700,2WD
72310,인피니티,Q5,2.2d 프리미엄,디젤,91500,2014,기타,경기,1250,2WD
72522,인피니티,X6,3.5 ,가솔린,78354,2015,기타,경기,1830,AWD
72580,인피니티,Q5,2.2d 프리미엄,디젤,43570,2016,회색,경기,1830,2WD
72581,인피니티,G37,세단 스포츠,가솔린,71146,2010,회색,경기,890,2WD
72625,인피니티,Q5,2.2d 프리미엄,디젤,43570,2016,회색,경기,1830,2WD
72788,인피니티,Q3,2.0 프리미엄,가솔린,25480,2018,회색,경기,2080,2WD
72934,인피니티,Q3,2.0 프리미엄 시티 블랙,가솔린,27830,2017,회색,서울,2050,2WD
72940,인피니티,Q7,3.7 스타일,가솔린,110000,2018,회색,경기,1499,2WD
72949,인피니티,Q7,3.7 ,가솔린,48790,2015,회색,경기,1990,AWD
72988,인피니티,Q5,3.5 하이브리드 에센스,가솔린+전기,34650,2015,회색,경기,2070,2WD
73016,인피니티,Q5,3.5 하이브리드 에센스,가솔린+전기,34650,2015,회색,경기,2070,2WD
73028,인피니티,Q3,2.0 프리미엄,가솔린,18470,2017,회색,경기,2050,2WD
73060,인피니티,Q3,2.0 프리미엄,가솔린,18470,2017,회색,경기,2050,2WD
73063,인피니티,Q3,2.0 프리미엄,가솔린,21061,2018,회색,경기,2190,2WD
73163,인피니티,M3,3.0 ,디젤,173624,2013,회색,대구,990,2WD
73171,인피니티,X3,3.5,가솔린,252017,2008,회색,경기,490,2WD
73253,인피니티,G25,세단 프리미엄,가솔린,158472,2011,회색,경기,580,2WD
73257,인피니티,X5,2.0 에센셜,가솔린,13399,2019,회색,경기,3290,2WD
73274,인피니티,G37,세단 스포츠,가솔린,89779,2009,회색,서울,700,2WD
73430,인피니티,G35,세단 스포츠,가솔린,194767,2008,회색,충남,299,2WD
73453,인피니티,Q3,2.0 익스클루시브 시티 블랙,가솔린,39230,2017,회색,경기,2050,2WD
73496,인피니티,Q3,2.0 익스클루시브 시티 블랙,가솔린,39230,2017,회색,경기,2050,2WD
73578,인피니티,Q5,2.2d 프리미엄,디젤,70519,2014,회색,인천,1440,2WD
73619,인피니티,Q5,2.2d 프리미엄,디젤,109947,2016,회색,경기,1390,2WD
73709,인피니티,Q3,2.0 스포츠 에센셜,가솔린,25793,2019,회색,경기,1830,2WD
73718,인피니티,Q5,3.5 하이브리드 하이테크,가솔린+전기,37904,2016,회색,경기,2520,2WD
73737,인피니티,Q5,3.5 하이브리드 하이테크,가솔린+전기,37904,2016,회색,경기,2520,2WD
73797,인피니티,Q3,2.0 프리미엄,가솔린,25027,2018,회색,부산,2250,2WD
73834,인피니티,G37,세단 스포츠,가솔린,137687,2010,회색,경기,600,2WD
73857,인피니티,Q5,3.5 하이브리드 에센스,가솔린+전기,130000,2016,회색,경기,1799,2WD
73937,인피니티,Q5,2.2d 프리미엄,디젤,93633,2014,회색,경기,1450,2WD
74010,인피니티,X5,3.7 ,가솔린,60051,2016,회색,경기,1870,AWD
74012,인피니티,X7,3.7  스페셜 에디션,가솔린,42357,2017,회색,경남,3450,AWD
74045,인피니티,X5,3.7 ,가솔린,60051,2016,회색,경기,1870,AWD
74080,인피니티,Q5,2.2d 프리미엄,디젤,120865,2015,회색,충남,1198,2WD
74084,인피니티,Q5,3.5 블루 스포츠 센서리,가솔린+전기,51331,2018,회색,부산,2500,2WD
74119,인피니티,G37,쿠페,가솔린,130773,2008,회색,대구,699,2WD
74147,인피니티,Q3,2.0 프리미엄 시티 블랙,가솔린,21148,2018,회색,서울,2150,2WD
74167,인피니티,Q3,2.0 프리미엄 시티 블랙,가솔린,21148,2018,회색,서울,2150,2WD
74302,인피니티,X3,2.0 에센셜 ,가솔린,26835,2019,회색,부산,2799,AWD
74312,인피니티,X7,3.7 ,가솔린,124800,2014,회색,인천,2199,AWD
74445,인피니티,Q5,2.2d 프리미엄,디젤,75037,2015,회색,경기,1480,2WD
74547,인피니티,Q7,3.7 프리미엄,가솔린,117080,2014,회색,부산,1320,2WD
74560,인피니티,Q7,3.7 스타일,가솔린,64456,2018,회색,서울,1999,2WD
74564,인피니티,Q7,3.7 스타일,가솔린,64456,2018,회색,서울,1999,2WD
74627,인피니티,Q5,2.2d 프리미엄,디젤,67147,2016,회색,경기,1590,2WD
74636,인피니티,Q5,2.2d 프리미엄,디젤,72455,2015,회색,서울,1469,2WD
74686,인피니티,X3,3.5,가솔린,116181,2011,회색,경기,850,2WD
74699,인피니티,Q5,2.2d 프리미엄,디젤,177000,2015,회색,경기,1030,2WD
74737,인피니티,Q5,2.2d 프리미엄,디젤,96888,2015,회색,경기,1450,2WD
74745,인피니티,Q5,2.2d 프리미엄,디젤,96888,2015,회색,경기,1450,2WD
74852,인피니티,Q5,2.2d 프리미엄,디젤,70519,2014,회색,인천,1450,2WD
74876,인피니티,Q5,2.2d 프리미엄,디젤,119347,2016,회색,경기,1380,2WD
74919,인피니티,Q7,3.7 스타일,가솔린,61617,2017,회색,경기,9999,2WD
74973,인피니티,M3,M37x ,가솔린,182926,2013,회색,경기,980,AWD
74981,인피니티,Q3,2.0 프리미엄,가솔린,29610,2017,회색,경기,2000,2WD
75016,인피니티,G25,세단 럭셔리,가솔린,94578,2011,회색,부산,899,2WD
75048,인피니티,Q5,2.2d 프리미엄,디젤,97339,2014,회색,부산,1280,2WD
75051,인피니티,Q5,2.2d 프리미엄,디젤,97339,2014,회색,부산,1280,2WD
75055,인피니티,X3,3.5,가솔린,108000,2008,회색,전북,830,2WD
75068,인피니티,G25,세단 프리미엄,가솔린,94000,2012,회색,광주,790,2WD
75100,인피니티,Q5,2.2d 익스클루시브,디젤,106561,2015,회색,경기,1390,2WD
75129,인피니티,X3,3.5,가솔린,98071,2008,회색,광주,890,2WD
75169,인피니티,G25,세단 프리미엄,가솔린,126836,2011,회색,경기,650,2WD
75176,인피니티,G25,세단 프리미엄,가솔린,151900,2011,회색,경남,548,2WD
75180,인피니티,G37,세단 스포츠,가솔린,202049,2009,회색,경기,450,2WD
75226,인피니티,Q5,2.2d 프리미엄,디젤,81575,2015,회색,충남,1370,2WD
75236,인피니티,Q5,3.5 블루 스포츠 센서리,가솔린+전기,94309,2018,회색,경기,2290,2WD
75267,인피니티,M3,프리미엄,가솔린,130000,2008,회색,경기,450,2WD
75350,인피니티,X7,3.0d ,디젤,131691,2015,회색,부산,1990,AWD
75361,인피니티,X6,3.5 ,가솔린,75229,2016,회색,경기,2499,AWD
75410,인피니티,G35,세단 스포츠,가솔린,160165,2007,회색,대전,330,2WD
75447,인피니티,Q7,3.7 스타일,가솔린,34626,2016,회색,인천,1940,2WD
75450,인피니티,Q7,3.7 스타일,가솔린,34626,2016,회색,인천,1940,2WD
75452,인피니티,Q7,3.0d,디젤,100793,2014,회색,경기,1670,2WD
75454,인피니티,X5,5.0,가솔린,155702,2009,회색,경기,1370,2WD
75455,인피니티,Q7,3.0d,디젤,100793,2014,회색,경기,1670,2WD
75622,인피니티,G25,세단 럭셔리,가솔린,74000,2011,회색,부산,1100,2WD
75633,인피니티,Q5,2.2d 프리미엄,디젤,70519,2014,회색,인천,1445,2WD
75773,인피니티,X3,3.5,가솔린,168730,2010,회색,인천,620,2WD
75777,인피니티,Q5,2.2d 프리미엄,디젤,66721,2014,회색,경기,1499,2WD
75778,인피니티,Q5,2.2d 프리미엄,디젤,66721,2014,회색,경기,1499,2WD
75845,인피니티,Q5,2.2d 익스클루시브,디젤,146500,2014,회색,경기,1299,2WD
75867,인피니티,Q5,2.2d 프리미엄,디젤,275000,2014,회색,경기,790,2WD
75990,인피니티,G35,세단 프리미엄,가솔린,220497,2007,회색,대구,340,2WD
76028,인피니티,X6,3.5 ,가솔린,56000,2014,회색,인천,1890,AWD
76089,인피니티,G35,세단 프리미엄,가솔린,174084,2008,회색,경기,480,2WD
76175,인피니티,G37,세단 프리미엄,가솔린,104221,2010,회색,인천,570,2WD
76193,인피니티,Q5,3.5 블루 스포츠 센서리,가솔린+전기,70300,2018,회색,경기,2050,2WD
76230,인피니티,X3,3.0,디젤,127100,2012,회색,인천,1620,2WD
76235,인피니티,Q5,2.2d 프리미엄,디젤,151298,2014,회색,경기,1020,2WD
76243,인피니티,Q5,2.2d 프리미엄,디젤,179116,2014,회색,경기,960,2WD
76288,인피니티,Q5,3.5 블루 스포츠 에센셜,가솔린+전기,79163,2017,회색,경기,2200,2WD
76289,인피니티,Q5,3.5 블루 스포츠 에센셜,가솔린+전기,79163,2017,회색,경기,2200,2WD
76301,인피니티,Q3,2.0 익스클루시브,가솔린,37600,2018,회색,서울,2050,2WD
76318,인피니티,Q5,3.5 하이브리드 에센스,가솔린+전기,59524,2015,회색,경기,2100,2WD
76338,인피니티,Q3,2.0 프리미엄,가솔린,43054,2017,회색,전북,1580,2WD
76342,인피니티,G37,컨버터블,가솔린,89099,2011,회색,강원,1700,2WD
76385,인피니티,Q3,2.0 프리미엄,가솔린,57382,2017,회색,경기,1820,2WD
76420,인피니티,Q5,3.5 블루 스포츠 센서리,가솔린+전기,48267,2018,회색,서울,2750,2WD
76503,인피니티,M3,스탠다드,가솔린,123974,2013,회색,서울,890,2WD
76506,인피니티,Q5,3.5 하이브리드 하이테크,가솔린+전기,57100,2016,회색,경기,2450,2WD
76618,인피니티,X3,3.0,디젤,200000,2012,회색,경기,1250,2WD
76624,인피니티,Q5,3.5 하이브리드 에센스,가솔린+전기,51000,2016,회색,부산,2500,2WD
76631,인피니티,X6,3.5 ,가솔린,43621,2017,회색,경기,2730,AWD
76632,인피니티,M3,스탠다드,가솔린,169200,2011,회색,경기,840,2WD
76744,인피니티,M3,프리미엄,가솔린,191000,2010,기타,부산,380,2WD
76868,인피니티,G25,세단 프리미엄,가솔린,231500,2011,흰색,충북,550,2WD
77034,인피니티,Q5,2.2d 프리미엄,디젤,115000,2015,흰색,서울,1299,2WD
77107,인피니티,M3,프리미엄,가솔린,145000,2011,흰색,전남,690,2WD
77122,인피니티,X5,2.0 센서리 ,가솔린,29936,2019,흰색,경기,3399,AWD
77123,인피니티,X5,2.0 센서리 ,가솔린,29936,2019,흰색,경기,3399,AWD
77168,인피니티,Q7,3.7 스타일,가솔린,41737,2016,흰색,대구,1890,2WD
77962,인피니티,G37,컨버터블,가솔린,173229,2009,기타,서울,1299,2WD
78177,인피니티,M3,프리미엄,가솔린,105008,2011,회색,서울,840,2WD
78271,인피니티,Q45,P그레이드,가솔린,178145,2006,회색,서울,280,2WD
78291,인피니티,G37,세단 프리미엄,가솔린,156641,2010,회색,경북,590,2WD
78371,인피니티,M3,3.5,가솔린,112589,2007,회색,경남,380,2WD
78375,인피니티,M3,3.5,가솔린,164000,2007,회색,경기,330,2WD
78382,인피니티,M3,3.5,가솔린,148923,2009,회색,부산,390,2WD
78481,인피니티,G37,세단 스포츠,가솔린,170963,2009,회색,경기,360,2WD
78494,인피니티,Q7,3.7 스타일,가솔린,53883,2014,회색,인천,1290,2WD
78573,인피니티,G35,세단 스포츠,가솔린,206000,2008,회색,경기,480,2WD
78586,인피니티,X5,5.0,가솔린,121382,2009,회색,서울,1220,2WD
78655,인피니티,G37,세단 프리미엄,가솔린,86000,2009,회색,경남,650,2WD
78780,인피니티,X3,3.5,가솔린,116000,2009,회색,경기,1180,2WD
78890,인피니티,X3,3.5,가솔린,77269,2011,회색,경기,840,2WD
78971,인피니티,X4,4.5,가솔린,221450,2007,회색,대구,690,2WD
79128,인피니티,G37,세단 프리미엄,가솔린,101000,2009,회색,경기,499,2WD
79204,인피니티,X5,5.6,가솔린,147248,2011,회색,경기,2400,2WD
79213,인피니티,X3,3.5,가솔린,143769,2009,회색,경기,920,2WD
79228,인피니티,Q5,2.2d 프리미엄,디젤,238887,2014,회색,경기,839,2WD
79254,인피니티,G37,세단 프리미엄,가솔린,157075,2010,회색,경기,730,2WD
79298,인피니티,M5,스포츠타입,가솔린,152000,2011,회색,대구,1450,2WD
79455,인피니티,Q5,2.2d 프리미엄,디젤,174450,2014,회색,경기,990,2WD
79507,인피니티,G35,세단 프리미엄,가솔린,194510,2008,회색,경기,480,2WD
79539,인피니티,G35,세단 프리미엄,가솔린,137000,2007,회색,인천,390,2WD
79645,인피니티,Q5,2.2d 스타일,디젤,58461,2016,회색,대구,1650,2WD
79677,인피니티,G37,쿠페,가솔린,187020,2008,회색,서울,850,2WD
79696,인피니티,X3,3.5,가솔린,154353,2007,회색,경기,630,2WD
79699,인피니티,G37,컨버터블,가솔린,85392,2009,회색,경기,1650,2WD
79718,인피니티,X3,3.5,가솔린,106907,2009,회색,경기,790,2WD
79768,인피니티,M3,3.5,가솔린,100285,2007,회색,대전,430,2WD
79796,인피니티,M3,3.5,가솔린,116302,2007,회색,경기,280,2WD
79879,인피니티,Q7,3.7 스타일,가솔린,53000,2014,회색,인천,1290,2WD
80049,인피니티,M3,3.5,가솔린,160000,2007,회색,대구,392,2WD
80139,인피니티,M3,3.5,가솔린,98785,2006,회색,대구,350,2WD
80211,인피니티,X3,3.5,가솔린,182204,2008,회색,대구,499,2WD
80323,인피니티,G25,세단 프리미엄,가솔린,98184,2012,회색,경기,750,2WD
80379,인피니티,Q5,2.2d 프리미엄,디젤,59590,2014,회색,인천,1440,2WD
80383,인피니티,G35,세단 스포츠,가솔린,136120,2008,회색,대구,399,2WD
80387,인피니티,G35,세단 스포츠,가솔린,194525,2007,회색,경기,290,2WD
80482,인피니티,M5,스포츠타입,가솔린,146531,2011,회색,경기,1499,2WD
80484,인피니티,M3,3.5,가솔린,115762,2006,회색,경기,370,2WD
80485,인피니티,M3,3.0 ,디젤,195921,2013,회색,경기,899,2WD
80605,인피니티,X3,3.5,가솔린,189000,2009,회색,경기,799,2WD
80620,인피니티,X3,3.5,LPG(일반인 구입),129103,2007,회색,경기,730,2WD
80639,인피니티,X3,3.5,가솔린,81327,2007,회색,경기,950,2WD
80651,인피니티,G35,세단 프리미엄,가솔린,95266,2006,회색,경기,350,2WD
80652,인피니티,X3,3.5,가솔린,124285,2006,회색,경기,610,2WD
80665,인피니티,M3,3.5,가솔린,215420,2009,회색,부산,350,2WD
80766,인피니티,G35,세단 프리미엄,가솔린,175000,2007,회색,부산,320,2WD
80800,인피니티,X3,3.5,가솔린,105723,2007,회색,경기,750,2WD
80869,인피니티,M3,3.5,가솔린,135000,2006,회색,경기,380,2WD
81046,인피니티,G37,쿠페,가솔린,75926,2008,회색,경기,970,2WD
81074,인피니티,M3,M37x ,가솔린,104562,2013,회색,경기,990,AWD
81139,인피니티,X3,3.7,가솔린,68936,2013,회색,인천,1750,2WD
81290,인피니티,M3,3.5,가솔린,127159,2008,회색,경기,320,2WD
81303,인피니티,G35,세단 프리미엄,가솔린,121491,2007,회색,대구,399,2WD
81330,인피니티,Q7,3.7 스타일,가솔린,99663,2014,회색,경기,1390,2WD
81381,인피니티,X3,3.5,가솔린,136342,2008,회색,경기,600,2WD
81420,인피니티,X3,3.5,가솔린,114467,2008,회색,대전,790,2WD
81473,인피니티,M3,3.5,가솔린,124000,2006,회색,대전,290,2WD
81538,인피니티,G35,세단 스포츠,가솔린,123023,2007,회색,경기,290,2WD
81655,인피니티,G35,세단 프리미엄,가솔린,192303,2008,회색,대구,399,2WD
81668,인피니티,G35,세단 스포츠,가솔린,164000,2008,회색,인천,550,2WD
81711,인피니티,M3,3.5,가솔린,127017,2007,회색,경기,250,2WD
81728,인피니티,X3,3.5,가솔린,180000,2006,회색,경기,370,2WD
81799,인피니티,X3,3.5,가솔린,124161,2009,회색,인천,590,2WD
81813,인피니티,G37,세단 스포츠,가솔린,219000,2009,회색,경남,370,2WD
82106,인피니티,X3,3.5,가솔린,116208,2007,회색,서울,670,2WD
82136,인피니티,Q5,2.2d 프리미엄,디젤,68794,2015,회색,경기,1250,2WD
82238,인피니티,Q5,2.2d 프리미엄,디젤,89000,2014,회색,부산,1299,2WD
82253,인피니티,G35,세단 프리미엄,가솔린,130000,2008,회색,경기,330,2WD
82258,인피니티,Q5,2.2d 프리미엄,디젤,88921,2016,회색,경기,1290,2WD
82286,인피니티,X3,3.5,가솔린,175147,2008,회색,경기,499,2WD
82334,인피니티,G35,세단 프리미엄,가솔린,109752,2008,회색,서울,430,2WD
82550,인피니티,M3,3.5,가솔린,165422,2007,회색,서울,290,2WD
82551,인피니티,M3,M37x ,가솔린,104566,2013,회색,경기,1180,AWD
82581,인피니티,G35,쿠페,가솔린,73914,2006,회색,부산,750,2WD
82607,인피니티,G35,세단 프리미엄,가솔린,129000,2007,회색,경기,420,2WD
82691,인피니티,Q5,3.5 하이브리드 에센스,가솔린+전기,102366,2015,기타,경기,1850,2WD
82703,인피니티,Q5,3.5 하이브리드 에센스,가솔린+전기,19167,2016,기타,경기,2290,2WD
82704,인피니티,Q5,3.5 하이브리드 에센스,가솔린+전기,19167,2016,기타,경기,2290,2WD
82714,인피니티,Q5,2.2d 프리미엄,디젤,143799,2016,기타,경기,1050,2WD
82741,인피니티,Q5,2.2d 프리미엄,디젤,94258,2016,기타,서울,1680,2WD
82747,인피니티,Q5,2.2d 스타일,디젤,83200,2015,기타,경남,1400,2WD
82813,인피니티,X5,3.7 ,가솔린,82407,2016,흰색,경기,1750,AWD
82850,인피니티,Q5,2.2d 프리미엄,디젤,124222,2014,흰색,경기,1180,2WD
82856,인피니티,Q3,2.0 프리미엄,가솔린,67955,2017,흰색,대구,1850,2WD
82904,인피니티,Q5,2.2d 프리미엄,디젤,85018,2015,흰색,대구,1450,2WD
82934,인피니티,X5,3.7 ,가솔린,82407,2016,흰색,경기,1750,AWD
82960,인피니티,G37,세단 스포츠,가솔린,107417,2009,흰색,광주,690,2WD
83066,인피니티,X3,2.0 에센셜 ,가솔린,28474,2019,흰색,경기,2850,AWD
83097,인피니티,G35,세단 스포츠,가솔린,237431,2007,흰색,경기,290,2WD
83125,인피니티,Q7,3.7 스타일,가솔린,61584,2016,흰색,경기,1849,2WD
83168,인피니티,X3,2.0 에센셜 ,가솔린,28474,2019,흰색,경기,2850,AWD
83237,인피니티,X5,2.0 센서리 ,가솔린,76299,2019,흰색,경기,2790,AWD
83286,인피니티,Q7,3.7 ,가솔린,90471,2016,흰색,경기,1940,AWD
83308,인피니티,Q5,2.2d 프리미엄,디젤,73324,2016,흰색,서울,1890,2WD
83334,인피니티,Q5,2.2d 익스클루시브,디젤,94955,2014,흰색,경기,1450,2WD
83420,인피니티,X5,3.7 ,가솔린,42996,2017,흰색,경기,2190,AWD
83755,인피니티,Q5,2.2d 프리미엄,디젤,154033,2014,흰색,인천,1050,2WD
83866,인피니티,Q7,3.7 스타일,가솔린,55298,2015,흰색,서울,1857,2WD
83945,인피니티,Q7,3.7 스타일,가솔린,55298,2015,흰색,서울,1857,2WD
84254,인피니티,Q5,3.5 하이브리드 에센스,가솔린+전기,76072,2016,흰색,경기,2050,2WD
84314,인피니티,Q5,3.5 하이브리드 에센스,가솔린+전기,76072,2016,흰색,경기,2050,2WD
84338,인피니티,Q5,2.2d 프리미엄,디젤,53284,2016,흰색,경기,1750,2WD
84378,인피니티,G35,세단 스포츠,가솔린,184000,2008,흰색,경기,320,2WD
84436,인피니티,Q5,2.2d 프리미엄,디젤,53284,2016,흰색,경기,1750,2WD
84502,인피니티,Q3,2.0 프리미엄,가솔린,58253,2017,흰색,경기,1830,2WD
84515,인피니티,X3,3.5,가솔린,112672,2007,흰색,서울,790,2WD
84554,인피니티,Q5,2.2d 익스클루시브,디젤,121708,2015,흰색,경기,1370,2WD
84616,인피니티,Q5,2.2d 익스클루시브,디젤,121708,2015,흰색,경기,1370,2WD
84630,인피니티,Q3,2.0 프리미엄,가솔린,58253,2017,흰색,경기,1830,2WD
84770,인피니티,Q5,2.2d 스타일,디젤,35695,2016,흰색,부산,1830,2WD
84816,인피니티,X7,3.0d ,디젤,89081,2014,흰색,경기,2190,AWD
84854,인피니티,Q5,2.2d 스타일,디젤,35695,2016,흰색,부산,1830,2WD
85065,인피니티,G25,세단 프리미엄,가솔린,93179,2011,흰색,대구,750,2WD
85182,인피니티,Q5,3.5 하이브리드 에센스,가솔린+전기,63250,2016,흰색,서울,1950,2WD
85309,인피니티,G37,세단 스포츠,가솔린,172802,2011,흰색,대구,700,2WD
85310,인피니티,M3,스탠다드,가솔린,271944,2011,흰색,대구,600,2WD
85311,인피니티,QX80,5.6 ,가솔린,145998,2014,흰색,대구,3333,AWD
85432,인피니티,Q5,2.2d 프리미엄,디젤,145509,2014,흰색,경기,1080,2WD
85576,인피니티,X3,3.5,가솔린,114891,2010,흰색,서울,949,2WD
85593,인피니티,X5,3.7 ,가솔린,31371,2017,흰색,경기,2190,AWD
85598,인피니티,Q3,2.0 프리미엄,가솔린,95335,2017,흰색,경기,1610,2WD
85709,인피니티,X5,3.7 ,가솔린,31371,2017,흰색,경기,2190,AWD
85725,인피니티,Q3,2.0 프리미엄,가솔린,95335,2017,흰색,경기,1610,2WD
85906,인피니티,Q5,2.2d 프리미엄,디젤,122563,2014,흰색,인천,900,2WD
85924,인피니티,Q5,2.2d 프리미엄,디젤,156593,2014,흰색,부산,950,2WD
85981,인피니티,X5,3.7 ,가솔린,78985,2016,흰색,경기,1750,AWD
86008,인피니티,M3,M37x ,가솔린,202248,2013,흰색,경기,899,AWD
86053,인피니티,X5,3.7 ,가솔린,78985,2016,흰색,경기,1750,AWD
86331,인피니티,G37,세단 프리미엄,가솔린,155313,2010,흰색,경기,620,2WD
86712,인피니티,X5,3.7 ,가솔린,96073,2017,흰색,경기,1730,AWD
86966,인피니티,Q5,3.5 하이브리드 에센스,가솔린+전기,75098,2015,흰색,경기,1970,2WD
87023,인피니티,Q5,3.5 하이브리드 에센스,가솔린+전기,75098,2015,흰색,경기,1970,2WD
87147,인피니티,Q5,2.2d 프리미엄,디젤,100149,2014,흰색,전북,1270,2WD
87313,인피니티,Q7,3.7 스타일,가솔린,62227,2017,흰색,경기,2190,2WD
87380,인피니티,Q5,2.2d 프리미엄,디젤,89141,2015,흰색,경기,1440,2WD
87389,인피니티,X3,2.0 에센셜 ,가솔린,21995,2019,흰색,서울,2870,AWD
87423,인피니티,Q5,2.2d 스타일,디젤,86326,2016,흰색,부산,1330,2WD
87502,인피니티,Q5,2.2d 프리미엄,디젤,89141,2015,흰색,경기,1440,2WD
87551,인피니티,Q5,3.0,가솔린,7874,2020,흰색,경기,3350,2WD
87639,인피니티,Q3,2.0 스포츠 에센셜,가솔린,40896,2019,흰색,경기,2240,2WD
87693,인피니티,M3,프리미엄,가솔린,81114,2012,흰색,대구,1390,2WD
87695,인피니티,Q5,3.0,가솔린,7874,2020,흰색,경기,3350,2WD
87743,인피니티,Q3,2.0 스포츠 에센셜,가솔린,40896,2019,흰색,경기,2240,2WD
88162,인피니티,Q5,2.2d 프리미엄,디젤,87696,2016,흰색,대구,1599,2WD
88232,인피니티,Q5,2.2d 프리미엄,디젤,128598,2014,흰색,경기,1099,2WD
88338,인피니티,Q5,2.2d 프리미엄,디젤,127825,2014,흰색,경기,980,2WD
88641,인피니티,Q5,2.2d 프리미엄,디젤,45730,2014,흰색,부산,1499,2WD
88799,인피니티,M3,3.5,가솔린,193069,2007,흰색,경기,250,2WD
88939,인피니티,Q5,2.2d 프리미엄,디젤,118000,2015,흰색,부산,999,2WD
89184,인피니티,Q3,2.0 에센셜,가솔린,12214,2019,흰색,경기,2280,2WD
89215,인피니티,X5,5.6,가솔린,32000,2011,흰색,경기,4100,2WD
89221,인피니티,Q3,2.0 에센셜,가솔린,12214,2019,흰색,경기,2280,2WD
89225,인피니티,Q5,2.2d 프리미엄,디젤,117812,2016,흰색,부산,1380,2WD
89265,인피니티,Q5,2.2d 프리미엄,디젤,117812,2016,흰색,부산,1380,2WD
89285,인피니티,X3,3.5,가솔린,173778,2008,흰색,경기,620,2WD
89305,인피니티,G37,컨버터블,가솔린,82000,2010,흰색,서울,1650,2WD
89344,인피니티,M3,스탠다드,가솔린,90328,2013,흰색,부산,1290,2WD
89365,인피니티,M3,스탠다드,가솔린,90328,2013,흰색,부산,1290,2WD
89472,인피니티,Q5,2.2d 프리미엄,디젤,170074,2015,흰색,인천,859,2WD
89600,인피니티,Q7,3.7 스타일,가솔린,56400,2015,흰색,경기,1799,2WD
89617,인피니티,X3,3.5,가솔린,103000,2008,흰색,경기,699,2WD
89620,인피니티,Q5,2.2d 프리미엄,디젤,100000,2016,흰색,경기,1390,2WD
89742,인피니티,G37,쿠페,가솔린,121345,2008,흰색,경기,977,2WD
89882,인피니티,X3,3.5,가솔린,222202,2008,흰색,대전,620,2WD
89935,인피니티,Q7,3.0d,디젤,123000,2014,흰색,전북,1680,2WD
90081,인피니티,Q5,2.2d 프리미엄,디젤,81283,2015,흰색,부산,1499,2WD
90156,인피니티,X5,2.0 센서리 ,가솔린,26670,2019,흰색,경기,3390,AWD
90190,인피니티,X5,2.0 센서리 ,가솔린,26670,2019,흰색,경기,3390,AWD
90192,인피니티,G35,세단 스포츠,가솔린,210458,2008,흰색,경기,300,2WD
90269,인피니티,Q5,3.5 하이브리드 에센스,가솔린+전기,76060,2016,흰색,경기,2050,2WD
90329,인피니티,G37,쿠페,가솔린,167629,2008,흰색,경기,650,2WD
90357,인피니티,G37,세단 프리미엄,가솔린,178398,2009,흰색,경기,400,2WD
90373,인피니티,X3,2.0 에센셜 ,가솔린,40172,2019,흰색,경기,2680,AWD
90375,인피니티,M3,프리미엄,가솔린,183649,2011,흰색,경기,770,2WD
90401,인피니티,Q5,3.5 하이브리드 에센스,가솔린+전기,87548,2016,흰색,경기,1960,2WD
90430,인피니티,M3,3.0 ,디젤,140000,2013,흰색,대구,1180,2WD
90577,인피니티,M3,스탠다드,가솔린,139504,2011,흰색,경기,850,2WD
90616,인피니티,M3,3.0 ,디젤,215920,2013,흰색,경기,730,2WD
90673,인피니티,Q5,2.2d 프리미엄,디젤,98799,2015,흰색,경기,1250,2WD
90704,인피니티,X6,3.5 ,가솔린,63700,2015,흰색,전북,2320,AWD
90792,인피니티,G37,컨버터블,가솔린,140386,2010,흰색,경기,1550,2WD
90804,인피니티,Q5,2.2d 프리미엄,디젤,120000,2015,흰색,부산,1030,2WD
90846,인피니티,M3,스탠다드,가솔린,185595,2012,흰색,경기,720,2WD
90866,인피니티,Q5,3.5 블루 스포츠 센서리,가솔린+전기,21000,2019,흰색,대구,2980,2WD
91061,인피니티,Q3,2.0 에센셜,가솔린,36689,2019,흰색,경기,1890,2WD
91121,인피니티,Q5,2.2d 프리미엄,디젤,150006,2014,흰색,전북,1090,2WD
91123,인피니티,Q5,2.2d 프리미엄,디젤,99198,2016,흰색,인천,1350,2WD
91129,인피니티,X3,3.5,가솔린,112608,2008,흰색,경기,770,2WD
91193,인피니티,Q5,3.5 블루 스포츠 센서리,가솔린+전기,46168,2018,흰색,경기,2450,2WD
91201,인피니티,Q5,3.5 블루 스포츠 센서리,가솔린+전기,46168,2018,흰색,경기,2450,2WD
91389,인피니티,Q7,3.0d,디젤,86285,2014,흰색,인천,1600,2WD
91842,인피니티,X5,5.6,가솔린,116296,2011,흰색,서울,2580,2WD
91862,인피니티,Q5,2.2d 프리미엄,디젤,129966,2015,흰색,경기,1240,2WD
91912,인피니티,Q3,2.0 스포츠 에센셜,가솔린,11967,2019,흰색,경기,2300,2WD
92146,인피니티,G25,세단 스마트,가솔린,48926,2013,흰색,경기,1090,2WD
92153,인피니티,G25,세단 스마트,가솔린,48926,2013,흰색,경기,1090,2WD
92348,인피니티,G25,세단 스마트,가솔린,104000,2013,흰색,경기,950,2WD
92375,인피니티,G37,세단 스포츠,가솔린,146520,2010,흰색,경기,650,2WD
92471,인피니티,X6,3.5 ,가솔린,29215,2015,흰색,경기,2390,AWD
92718,인피니티,Q7,3.7 스타일,가솔린,31000,2019,흰색,경기,2780,2WD
92730,인피니티,Q7,3.0d,디젤,84000,2015,흰색,경기,1850,2WD
92758,인피니티,G37,세단 스포츠,가솔린,124492,2009,흰색,경기,490,2WD
92981,인피니티,G37,세단 프리미엄,가솔린,95050,2010,흰색,인천,660,2WD
93278,인피니티,G37,세단 스포츠,가솔린,239000,2009,흰색,경기,369,2WD
93306,인피니티,Q3,2.0 프리미엄,가솔린,35724,2018,흰색,경기,2070,2WD
93522,인피니티,G37,컨버터블,가솔린,95522,2011,흰색,제주,1750,2WD
93658,인피니티,Q3,2.0 프리미엄,가솔린,53111,2018,흰색,경기,1990,2WD
93659,인피니티,Q3,2.0 프리미엄,가솔린,53111,2018,흰색,경기,1990,2WD
93686,인피니티,Q5,2.2d 프리미엄,디젤,126925,2014,흰색,충북,1300,2WD
94028,인피니티,M3,3.0 ,디젤,111894,2013,흰색,광주,1180,2WD
94090,인피니티,Q5,2.2d 프리미엄,디젤,133039,2014,흰색,울산,1180,2WD
94187,인피니티,Q5,3.5 하이브리드 에센스,가솔린+전기,62992,2016,흰색,서울,2050,2WD
94323,인피니티,Q5,2.2d 프리미엄,디젤,73434,2015,흰색,경기,1850,2WD
94394,인피니티,G35,세단 스포츠,가솔린,165000,2007,흰색,대전,420,2WD
