,brand,name,info,type,km,year,color,location,price,wd
61916,재규어,F-PACE,20d 포트폴리오,디젤,42294,2018,검정색,경기,3550,2WD
62060,재규어,XJ,3.0D 프리미엄 럭셔리 LWB,디젤,100000,2012,검정색,전북,2190,2WD
62122,재규어,XJ,3.0 SC  프리미엄 럭셔리 LWB,가솔린,73698,2016,검정색,서울,4100,AWD
62123,재규어,X2,20d 프레스티지,디젤,57077,2018,검정색,서울,2450,2WD
62137,재규어,XJ,3.0D XJ50 LWB,디젤,35282,2019,검정색,대구,6500,2WD
62389,재규어,F-TYPE,3.0 S 쿠페,가솔린,55555,2016,검정색,경기,5450,2WD
62438,재규어,F-PACE,30d S,디젤,35504,2017,검정색,서울,4320,2WD
62490,재규어,XF,2.2D 럭셔리,디젤,87099,2012,검정색,충남,1080,2WD
62513,재규어,XJ,3.0 SC 프리미엄 럭셔리 LWB,가솔린,83700,2013,검정색,인천,2380,2WD
62555,재규어,XJ,5.0 프리미엄 럭셔리 LWB,가솔린,165937,2010,검정색,서울,1899,2WD
62626,재규어,XE,20d 프레스티지,디젤,103808,2016,검정색,서울,1590,2WD
62632,재규어,XE,3.0 SC S,가솔린,43659,2016,검정색,경기,2590,2WD
62744,재규어,XE,20d 포트폴리오,디젤,98755,2016,검정색,서울,1799,2WD
62797,재규어,XE,20d 포트폴리오,디젤,98755,2016,검정색,서울,1799,2WD
62840,재규어,X2,20d 프레스티지 ,디젤,15143,2018,검정색,경기,3250,AWD
62904,재규어,X2,20d 프레스티지 ,디젤,15143,2018,검정색,경기,3250,AWD
62911,재규어,X-TYPE,2.2D,디젤,94748,2009,검정색,서울,770,2WD
63022,재규어,X2,3.0 S ,가솔린,18121,2019,검정색,서울,5100,AWD
63075,재규어,XE,D180 R-다이나믹 S,디젤,12094,2020,검정색,서울,4300,2WD
63088,재규어,X2,20d 프레스티지,디젤,98972,2017,검정색,광주,2080,2WD
63133,재규어,X2,20d 포트폴리오,디젤,48092,2019,검정색,광주,3190,2WD
63406,재규어,F-PACE,20d R-Sport,디젤,20000,2019,검정색,인천,4370,2WD
63428,재규어,F-PACE,20d R-Sport,디젤,18292,2019,검정색,경기,4420,2WD
63510,재규어,X2,20d 포트폴리오,디젤,10052,2020,검정색,경기,3990,2WD
63516,재규어,F-PACE,20d R-Sport,디젤,18292,2019,검정색,경기,4420,2WD
63578,재규어,X2,25t 프레스티지,가솔린,20638,2018,검정색,경기,2850,2WD
63594,재규어,F-PACE,20d 프레스티지,디젤,16591,2020,검정색,서울,4700,2WD
63772,재규어,F-TYPE,3.0 컨버터블,가솔린,93000,2014,검정색,경기,3980,2WD
63872,재규어,F-TYPE,5.0 S 컨버터블,가솔린,66650,2014,검정색,충북,7890,2WD
63936,재규어,XJ,2.0 럭셔리 SWB,가솔린,140000,2015,검정색,경기,2149,2WD
63955,재규어,XJ,3.5,가솔린,211228,2005,검정색,대구,890,2WD
63981,재규어,F-PACE,20d 프레스티지,디젤,58165,2018,검정색,경기,3570,2WD
64046,재규어,F-PACE,20d R-Sport,디젤,68160,2018,검정색,충남,3539,2WD
64071,재규어,XJ,3.0 SC 프리미엄 럭셔리 LWB,가솔린,104098,2013,검정색,대구,2480,2WD
64088,재규어,XJ,3.0D 프리미엄 럭셔리 SWB,디젤,140849,2012,검정색,경기,2230,2WD
64089,재규어,X2,25t 포트폴리오,가솔린,52265,2018,검정색,서울,2995,2WD
64199,재규어,XF,3.0SC  프리미엄,가솔린,61335,2015,검정색,경기,1649,AWD
64259,재규어,XJ,5.0 프리미엄 럭셔리 LWB,가솔린,131335,2010,검정색,대구,1890,2WD
64354,재규어,X2,20d 포트폴리오,디젤,92323,2017,검정색,서울,2270,2WD
64357,재규어,XJ,3.0D XJ50 LWB,디젤,27121,2019,검정색,경기,6500,2WD
64394,재규어,XE,20t 프레스티지,가솔린,10624,2017,검정색,경기,2590,2WD
64429,재규어,XE,20d 프레스티지,디젤,143607,2016,검정색,경기,1250,2WD
64446,재규어,XE,20t 프레스티지,가솔린,10624,2017,검정색,경기,2590,2WD
64452,재규어,XF,R 5.0 SC,가솔린,144130,2011,검정색,서울,1450,2WD
64532,재규어,XE,20d 프레스티지,디젤,94992,2016,검정색,경기,1599,2WD
64535,재규어,XF,R 5.0 SC,가솔린,102672,2013,검정색,경기,2490,2WD
64594,재규어,X2,3.0 S ,가솔린,14643,2019,검정색,인천,5100,AWD
64595,재규어,X2,3.0 S ,가솔린,17114,2019,검정색,인천,5350,AWD
64612,재규어,F-TYPE,P300 쿠페,가솔린,25518,2019,검정색,전북,5680,2WD
64642,재규어,XE,20d 프레스티지,디젤,124785,2016,검정색,대구,1380,2WD
64661,재규어,F-TYPE,P300 쿠페,가솔린,25518,2019,검정색,전북,5680,2WD
64752,재규어,I-PACE,EV400 HSE,전기,1117,2020,검정색,서울,7900,2WD
64771,재규어,F-PACE,20d R-Sport,디젤,65345,2017,검정색,경기,3190,2WD
64843,재규어,XJ,3.0 SC  포트폴리오 LWB,가솔린,166819,2017,검정색,부산,4250,AWD
64875,재규어,XF,2.2D 럭셔리,디젤,164916,2013,검정색,대전,890,2WD
64927,재규어,XJ,5.0 프리미엄 럭셔리 LWB,가솔린,164400,2011,검정색,인천,1350,2WD
64934,재규어,E-PACE,P250 R-다이나믹 SE,가솔린,15000,2018,검정색,경기,3580,2WD
64957,재규어,XJ,5.0 포트폴리오 LWB,가솔린,91504,2011,검정색,서울,2100,2WD
64965,재규어,XF,2.2D 럭셔리,디젤,151319,2013,검정색,경기,999,2WD
64984,재규어,XE,20d R스포츠,디젤,91455,2016,검정색,경기,1700,2WD
65066,재규어,XF,2.2D 럭셔리,디젤,96431,2015,검정색,경기,1390,2WD
65124,재규어,X2,20d 포트폴리오 ,디젤,22990,2019,검정색,경기,3790,AWD
65168,재규어,XF,2.2D 럭셔리,디젤,183914,2012,검정색,대구,990,2WD
65216,재규어,XE,20d 포트폴리오,디젤,53000,2016,검정색,대구,2088,2WD
65254,재규어,XF,R 5.0 SC,가솔린,64591,2010,검정색,서울,2150,2WD
65256,재규어,X2,20d 포트폴리오 ,디젤,117731,2018,검정색,대구,2699,AWD
65366,재규어,XE,20d 프레스티지,디젤,19452,2018,검정색,서울,2450,2WD
65377,재규어,E-PACE,P250 SE,가솔린,30103,2018,검정색,경남,3380,2WD
65395,재규어,E-PACE,P250 SE,가솔린,30103,2018,검정색,경남,3380,2WD
65444,재규어,XJ,3.0 SC  포트폴리오 LWB,가솔린,154000,2014,검정색,대구,2450,AWD
65494,재규어,XJ,3.0D 프리미엄 럭셔리 LWB,디젤,85751,2015,검정색,부산,3590,2WD
65513,재규어,XJ,3.0D 프리미엄 럭셔리 LWB,디젤,85751,2015,검정색,부산,3590,2WD
65521,재규어,XF,5.0 프리미엄,가솔린,102000,2011,검정색,경기,820,2WD
65666,재규어,X2,20d 프레스티지,디젤,89267,2016,검정색,경기,1790,2WD
65720,재규어,XJ,3.0D 프리미엄 럭셔리 LWB,디젤,145052,2015,검정색,대구,2780,2WD
65731,재규어,XE,20d 프레스티지,디젤,42978,2017,검정색,경기,2190,2WD
65740,재규어,XE,20d 프레스티지,디젤,42978,2017,검정색,경기,2190,2WD
65904,재규어,F-PACE,20d R-Sport,디젤,32000,2019,검정색,경기,4220,2WD
65905,재규어,XJ,5.0SC 슈퍼스포츠 SWB,가솔린,110000,2010,검정색,경기,2050,2WD
65908,재규어,XF,3.0D 럭셔리,디젤,121849,2011,검정색,경기,750,2WD
65963,재규어,XE,20d 프레스티지,디젤,89127,2016,검정색,경기,1570,2WD
65975,재규어,XJ,3.0 SC  포트폴리오 LWB,가솔린,117127,2015,검정색,경기,3390,AWD
66062,재규어,XF,2.2D 럭셔리,디젤,134340,2014,검정색,경기,950,2WD
66153,재규어,XF,2.2D 럭셔리,디젤,91336,2015,검정색,경기,1550,2WD
66214,재규어,XF,2.0 럭셔리,가솔린,80332,2013,검정색,광주,1290,2WD
66323,재규어,XF,2.2D 럭셔리,디젤,82711,2015,검정색,경기,1530,2WD
66346,재규어,XF,2.2D 럭셔리,디젤,82711,2015,검정색,경기,1530,2WD
66495,재규어,X2,20d 포트폴리오 ,디젤,165114,2016,검정색,경기,1730,AWD
66526,재규어,X2,20d 포트폴리오,디젤,59774,2017,검정색,경기,2549,2WD
66529,재규어,XE,20d 프레스티지,디젤,157485,2016,검정색,경기,1350,2WD
66534,재규어,X2,20d 포트폴리오,디젤,59774,2017,검정색,경기,2549,2WD
66594,재규어,XE,20d 프레스티지,디젤,52852,2016,검정색,경기,1830,2WD
66800,재규어,X-TYPE,2.2D,디젤,240900,2009,검정색,경기,439,2WD
66801,재규어,XJ,2.7D SWB,디젤,218347,2007,검정색,경기,970,2WD
66817,재규어,XF,3.0SC  프리미엄,가솔린,95000,2014,검정색,경기,1490,AWD
66860,재규어,XE,20d 프레스티지,디젤,107688,2016,검정색,경기,1859,2WD
66926,재규어,X2,30d 포트폴리오,디젤,41568,2016,검정색,경기,2530,2WD
66976,재규어,XJ,3.0 SC  포트폴리오 LWB,가솔린,64905,2013,검정색,경기,3360,AWD
67020,재규어,X2,20d 프레스티지 ,디젤,93458,2018,검정색,경기,2490,AWD
67024,재규어,X2,20d 프레스티지 ,디젤,93458,2018,검정색,경기,2490,AWD
67025,재규어,XE,20d 프레스티지,디젤,134497,2016,검정색,인천,1430,2WD
67060,재규어,XE,20d 포트폴리오,디젤,105982,2016,검정색,경기,1749,2WD
67083,재규어,XJ,5.0 프리미엄 럭셔리 LWB,가솔린,164468,2011,검정색,인천,1350,2WD
67092,재규어,F-TYPE,5.0 S 컨버터블,가솔린,31938,2014,검정색,경기,7850,2WD
67125,재규어,F-PACE,D200 SE,디젤,919,2021,검정색,광주,7300,2WD
67149,재규어,XJ,3.0 SC 프리미엄 럭셔리 LWB,가솔린,271968,2013,검정색,인천,1390,2WD
67215,재규어,F-PACE,20d 프레스티지,디젤,42322,2018,검정색,경기,3399,2WD
67261,재규어,F-PACE,35t R-Sport,가솔린,28000,2018,검정색,경기,4630,2WD
67377,재규어,XJ,3.0D 프리미엄 럭셔리 LWB,디젤,44482,2015,검정색,경기,3550,2WD
67388,재규어,XJ,3.0D 프리미엄 럭셔리 LWB,디젤,158100,2015,검정색,경기,2390,2WD
67396,재규어,X2,20d 포트폴리오 ,디젤,47942,2017,검정색,경기,2780,AWD
67399,재규어,X2,20d 포트폴리오 ,디젤,47942,2017,검정색,경기,2780,AWD
67428,재규어,XF,3.0D 럭셔리,디젤,156219,2010,검정색,인천,650,2WD
67433,재규어,XF,2.2D R-Sport,디젤,94877,2015,검정색,경기,1659,2WD
67435,재규어,X2,20d 프레스티지,디젤,109921,2017,검정색,경기,2200,2WD
67440,재규어,XF,2.2D R-Sport,디젤,94877,2015,검정색,경기,1659,2WD
67466,재규어,XJ,5.0 프리미엄 럭셔리 LWB,가솔린,85680,2012,검정색,서울,2190,2WD
67483,재규어,F-PACE,35t R-Sport,가솔린,34955,2017,검정색,경기,4390,2WD
67645,재규어,XF,2.2D 럭셔리,디젤,116716,2012,검정색,경기,990,2WD
67672,재규어,XJ,2.0 럭셔리 LWB,가솔린,154063,2013,검정색,경기,1990,2WD
67674,재규어,XE,20t 프레스티지,가솔린,28520,2017,검정색,인천,2450,2WD
67680,재규어,XJ,3.0D XJ50 LWB,디젤,14300,2019,검정색,경기,6977,2WD
67717,재규어,XJ,4.0,가솔린,241666,1997,검정색,경기,1699,2WD
67787,재규어,XK,4.2 쿠페,가솔린,95405,2008,검정색,경기,2380,2WD
67818,재규어,F-PACE,20d 포트폴리오,디젤,47232,2018,검정색,경기,3899,2WD
67822,재규어,F-PACE,20d 포트폴리오,디젤,47232,2018,검정색,경기,3899,2WD
67876,재규어,XF,2.2D 럭셔리,디젤,145655,2015,검정색,전북,980,2WD
67899,재규어,XE,20d R스포츠,디젤,77384,2016,검정색,경기,1690,2WD
67972,재규어,F-PACE,20d 프레스티지,디젤,42000,2018,검정색,경기,3360,2WD
68039,재규어,F-TYPE,3.0 쿠페,가솔린,3571,2017,검정색,경기,5900,2WD
68246,재규어,X2,25t 포트폴리오,가솔린,32797,2018,검정색,부산,3350,2WD
68276,재규어,XF,3.0D 럭셔리,디젤,90000,2010,검정색,경기,840,2WD
68325,재규어,XE,20d R스포츠,디젤,41512,2018,검정색,경기,2630,2WD
68386,재규어,E-PACE,P250 R-다이나믹 SE,가솔린,30247,2018,검정색,경기,3400,2WD
68414,재규어,F-PACE,20d R-Sport,디젤,23501,2018,검정색,경기,3690,2WD
68436,재규어,XF,3.0SC 럭셔리,가솔린,88501,2013,검정색,울산,1350,2WD
68438,재규어,XJ,3.0D 프리미엄 럭셔리 LWB,디젤,174535,2016,검정색,경기,3050,2WD
68453,재규어,XE,3.0 SC S,가솔린,68000,2017,검정색,충북,2800,2WD
68483,재규어,F-PACE,20d 프레스티지,디젤,15082,2019,검정색,경기,3900,2WD
68508,재규어,XJ,3.0D 프리미엄 럭셔리 SWB,디젤,124848,2017,검정색,경기,3390,2WD
68518,재규어,XJ,3.0D 프리미엄 럭셔리 SWB,디젤,124848,2017,검정색,경기,3390,2WD
68596,재규어,XF,2.2D 럭셔리,디젤,98766,2015,검정색,경기,1590,2WD
68598,재규어,XF,2.2D 럭셔리,디젤,98766,2015,검정색,경기,1590,2WD
68617,재규어,XJ,3.0D 프리미엄 럭셔리 SWB,디젤,179100,2015,검정색,대전,2420,2WD
68622,재규어,XJ,5.0 포트폴리오 LWB,가솔린,116314,2011,검정색,서울,2900,2WD
68640,재규어,XF,3.0D 프리미엄,디젤,124510,2012,검정색,인천,1220,2WD
68677,재규어,F-PACE,35t R-Sport,가솔린,34962,2017,검정색,경기,4390,2WD
68681,재규어,XE,20d 프레스티지,디젤,110000,2016,검정색,대전,1590,2WD
68696,재규어,XF,3.0D 럭셔리,디젤,135588,2012,검정색,경기,1060,2WD
68709,재규어,XE,20d 포트폴리오,디젤,83141,2016,검정색,대구,1850,2WD
68794,재규어,XJ,2.7D LWB,디젤,209000,2008,검정색,충북,1333,2WD
68836,재규어,XJ,3.0D 프리미엄 럭셔리 LWB,디젤,125775,2015,검정색,전북,2990,2WD
68866,재규어,XJ,3.0D 프리미엄 럭셔리 LWB,디젤,77783,2017,검정색,경기,4430,2WD
68882,재규어,XJ,3.0 SC 프리미엄 럭셔리 LWB,가솔린,52197,2014,검정색,경기,3700,2WD
68964,재규어,XE,20d R스포츠,디젤,111626,2016,검정색,경기,1750,2WD
68968,재규어,XE,20d R스포츠,디젤,111626,2016,검정색,경기,1750,2WD
68999,재규어,XF,2.2D 럭셔리,디젤,156332,2014,검정색,서울,820,2WD
69033,재규어,XF,3.0SC 럭셔리,가솔린,92000,2013,검정색,경기,1300,2WD
69037,재규어,X2,3.0 S ,가솔린,47000,2017,검정색,서울,3800,AWD
69079,재규어,XK,4.2 쿠페,가솔린,72089,2008,검정색,경기,2780,2WD
69283,재규어,XE,20d 프레스티지,디젤,121450,2016,검정색,대전,1530,2WD
69284,재규어,XE,20d 프레스티지,디젤,121450,2016,검정색,대전,1530,2WD
69302,재규어,XJ,3.2,가솔린,150187,1994,검정색,대구,2880,2WD
69400,재규어,XF,3.0D 럭셔리,디젤,147000,2011,검정색,광주,790,2WD
69442,재규어,XJ,5.0SC 슈퍼스포츠 SWB,가솔린,121600,2010,검정색,경기,3150,2WD
69456,재규어,X2,20d 프레스티지 ,디젤,123900,2017,검정색,경기,2300,AWD
69460,재규어,XJ,3.0D 프리미엄 럭셔리 SWB,디젤,127281,2015,검정색,경기,2490,2WD
69476,재규어,XF,2.2D 럭셔리,디젤,120000,2013,검정색,광주,1190,2WD
69532,재규어,XF,2.0 럭셔리,가솔린,93000,2014,검정색,경기,1130,2WD
69567,재규어,XE,3.0 SC S,가솔린,54900,2018,검정색,경남,3200,2WD
69578,재규어,XF,2.2D 럭셔리,디젤,149948,2013,검정색,경기,810,2WD
69624,재규어,XF,2.2D 프리미엄,디젤,119000,2015,검정색,강원,1290,2WD
69660,재규어,X2,20d 포트폴리오,디젤,58985,2018,검정색,서울,2860,2WD
69698,재규어,F-PACE,20d 프레스티지,디젤,103492,2018,검정색,경기,2990,2WD
69740,재규어,X2,20d 포트폴리오,디젤,1020,2020,검정색,대전,4190,2WD
69799,재규어,F-PACE,5.0 SVR,가솔린,11451,2020,기타,경기,8300,2WD
69801,재규어,F-TYPE,3.0 S 쿠페 ,가솔린,42900,2016,기타,경기,5500,AWD
69811,재규어,F-PACE,5.0 SVR,가솔린,11451,2020,기타,경기,8300,2WD
69830,재규어,XE,20d 프레스티지,디젤,81012,2017,기타,서울,1770,2WD
69887,재규어,F-TYPE,P300 컨버터블,가솔린,35000,2019,기타,서울,5600,2WD
70048,재규어,XJ,3.0D 다이아몬드 리미티드 에디션,디젤,70798,2016,기타,경기,4350,2WD
70066,재규어,XE,20d R스포츠,디젤,9094,2018,기타,부산,2880,2WD
70226,재규어,XE,20d 포트폴리오 ,디젤,90026,2017,기타,경기,1890,AWD
70233,재규어,X2,20d 포트폴리오,디젤,66956,2019,기타,서울,3090,2WD
70247,재규어,E-PACE,D180 S,디젤,10209,2019,기타,울산,9999,2WD
70259,재규어,X2,20d 포트폴리오,디젤,66956,2019,기타,서울,3090,2WD
70371,재규어,F-PACE,30d 퍼스트 에디션,디젤,38420,2017,기타,충북,4450,2WD
70527,재규어,F-TYPE,3.0 S 컨버터블,가솔린,59653,2014,기타,대구,4290,2WD
70606,재규어,XE,20t 프레스티지,가솔린,21305,2018,기타,서울,2650,2WD
70610,재규어,XE,20t 프레스티지,가솔린,21305,2018,기타,서울,2650,2WD
70646,재규어,F-PACE,20d 프레스티지,디젤,24828,2018,기타,전북,3760,2WD
70680,재규어,X2,35t  R-Sport,가솔린,76000,2016,기타,경기,2790,AWD
70721,재규어,X2,20d 포트폴리오,디젤,90217,2018,기타,경기,2650,2WD
70724,재규어,F-PACE,20d 프레스티지,디젤,137682,2017,기타,경기,2380,2WD
70729,재규어,F-PACE,20d 프레스티지,디젤,137682,2017,기타,경기,2380,2WD
70734,재규어,F-TYPE,3.0 컨버터블,가솔린,18777,2017,기타,부산,6150,2WD
70744,재규어,XJ,3.0D 프리미엄 럭셔리 LWB,디젤,39000,2014,기타,전남,9999,2WD
70791,재규어,XE,20d R스포츠,디젤,28926,2019,기타,경기,2730,2WD
70800,재규어,XE,20d 포트폴리오,디젤,27864,2017,기타,경기,2590,2WD
70805,재규어,XE,20d 포트폴리오,디젤,27864,2017,기타,경기,2590,2WD
70854,재규어,F-PACE,20d 포트폴리오,디젤,84603,2017,기타,대구,2990,2WD
71084,재규어,X2,25t 프레스티지,가솔린,37388,2017,기타,인천,2180,2WD
71166,재규어,XE,20d 프레스티지 ,디젤,56396,2017,기타,부산,2080,AWD
71168,재규어,X2,20d 포트폴리오,디젤,107870,2017,기타,부산,2180,2WD
71171,재규어,XJ,2.0 럭셔리 LWB,가솔린,92143,2013,기타,부산,1999,2WD
71173,재규어,XE,20d 프레스티지 ,디젤,56396,2017,기타,부산,2080,AWD
71176,재규어,X2,20d 포트폴리오,디젤,107870,2017,기타,부산,2180,2WD
71266,재규어,F-PACE,20d R-Sport,디젤,130140,2017,기타,경기,2779,2WD
71331,재규어,XE,20d 프레스티지,디젤,16000,2016,기타,서울,2490,2WD
71334,재규어,X2,20d 포트폴리오,디젤,57000,2016,기타,인천,2490,2WD
71335,재규어,E-PACE,D180 S,디젤,46756,2019,기타,경기,3060,2WD
71336,재규어,E-PACE,D180 S,디젤,46756,2019,기타,경기,3060,2WD
71398,재규어,F-PACE,20d 프레스티지,디젤,39617,2017,기타,경기,3280,2WD
71586,재규어,X2,20d 포트폴리오 ,디젤,41000,2017,기타,제주,3050,AWD
71610,재규어,F-TYPE,P380 R-다이나믹 컨버터블,가솔린,10614,2019,기타,경기,8150,2WD
71710,재규어,F-PACE,20d R-Sport,디젤,80223,2018,기타,경기,3290,2WD
71711,재규어,F-PACE,20d R-Sport,디젤,80223,2018,기타,경기,3290,2WD
71722,재규어,XF,2.2D 럭셔리,디젤,94133,2015,기타,경기,1470,2WD
71747,재규어,S-TYPE,2.5,가솔린,170258,2004,기타,대구,590,2WD
71757,재규어,F-PACE,20d 프레스티지,디젤,34268,2019,기타,경기,3800,2WD
71782,재규어,X2,3.0 S ,가솔린,69500,2017,기타,경북,3300,AWD
71790,재규어,XJ,3.0 SC  포트폴리오 LWB,가솔린,49813,2016,기타,경기,4580,AWD
71806,재규어,F-PACE,20d R-Sport,디젤,93089,2017,기타,경기,2999,2WD
71807,재규어,F-PACE,20d R-Sport,디젤,93089,2017,기타,경기,2999,2WD
71809,재규어,F-TYPE,5.0 SVR 컨버터블 ,가솔린,36400,2018,기타,경기,12300,AWD
71846,재규어,X2,20d 프레스티지,디젤,41700,2017,기타,부산,2650,2WD
71853,재규어,XJ,3.0D 프리미엄 럭셔리 LWB,디젤,150000,2014,기타,서울,2490,2WD
71909,재규어,F-PACE,20d 프레스티지,디젤,39690,2018,기타,경기,3499,2WD
72054,재규어,X2,20d 포트폴리오,디젤,79344,2017,기타,전북,2900,2WD
72270,재규어,XJ,3.0D 프리미엄 럭셔리 LWB,디젤,71950,2012,기타,경기,2700,2WD
72273,재규어,XJ,3.5,가솔린,106865,2006,기타,경기,1450,2WD
72523,재규어,F-TYPE,P300 컨버터블,가솔린,43000,2020,기타,서울,7672,2WD
72528,재규어,F-PACE,30d S,디젤,96000,2017,기타,부산,3850,2WD
72540,재규어,XJ,2.7D SWB,디젤,55700,2008,기타,경기,4200,2WD
72569,재규어,XF,3.0SC 럭셔리,가솔린,100678,2013,회색,경기,1150,2WD
72585,재규어,X-TYPE,2.2D,디젤,140843,2009,회색,경기,490,2WD
72612,재규어,X2,20d 프레스티지,디젤,47261,2018,회색,경기,2680,2WD
72682,재규어,X2,25t 프레스티지,가솔린,41510,2017,회색,경기,2490,2WD
72689,재규어,XF,3.0D 럭셔리,디젤,109834,2014,회색,경기,1660,2WD
72732,재규어,XF,2.2D 프리미엄,디젤,275446,2015,회색,경기,990,2WD
72736,재규어,X2,25t 프레스티지,가솔린,41510,2017,회색,경기,2490,2WD
72792,재규어,XE,20d 포트폴리오,디젤,26855,2019,회색,서울,3199,2WD
72811,재규어,XE,20d 포트폴리오,디젤,26855,2019,회색,서울,3199,2WD
72897,재규어,XJ,5.0 프리미엄 럭셔리 LWB,가솔린,107299,2011,회색,경기,1750,2WD
72902,재규어,X2,20d 포트폴리오,디젤,100978,2016,회색,경기,2190,2WD
72992,재규어,X2,20d 포트폴리오,디젤,9943,2020,회색,경기,4000,2WD
73000,재규어,X2,20d 프레스티지,디젤,47608,2018,회색,부산,2780,2WD
73018,재규어,F-PACE,20d 체커 플래그 에디션,디젤,17330,2020,회색,서울,5500,2WD
73086,재규어,XE,20d 포트폴리오,디젤,15722,2018,회색,경기,2955,2WD
73116,재규어,XE,20d 포트폴리오,디젤,15722,2018,회색,경기,2955,2WD
73154,재규어,XF,3.0D 럭셔리,디젤,151442,2011,회색,경기,660,2WD
73319,재규어,X-TYPE,2.5,가솔린,103633,2008,회색,경기,780,2WD
73324,재규어,XJ,3.0D 프리미엄 럭셔리 SWB,디젤,40546,2018,회색,서울,4990,2WD
73327,재규어,XE,20d R스포츠,디젤,94897,2016,회색,경기,1590,2WD
73339,재규어,XJ,3.0D 프리미엄 럭셔리 SWB,디젤,40546,2018,회색,서울,4990,2WD
73343,재규어,XE,20d R스포츠,디젤,58731,2016,회색,경기,1950,2WD
73376,재규어,XJ,3.0D 프리미엄 럭셔리 LWB,디젤,129656,2013,회색,경기,2120,2WD
73385,재규어,X2,20d 포트폴리오 ,디젤,234990,2017,회색,대구,1790,AWD
73395,재규어,X2,20d 체커드 플래그 에디션,디젤,13440,2020,회색,서울,4070,2WD
73412,재규어,F-PACE,20d R-Sport,디젤,75397,2018,회색,경기,3390,2WD
73442,재규어,F-PACE,20d R-Sport,디젤,75397,2018,회색,경기,3390,2WD
73571,재규어,X2,25t 프레스티지,가솔린,54000,2016,회색,인천,2290,2WD
73613,재규어,XE,20d 프레스티지,디젤,155244,2016,회색,경기,1300,2WD
73643,재규어,S-TYPE,3.0,가솔린,109870,2007,회색,경기,950,2WD
73673,재규어,F-TYPE,3.0 컨버터블,가솔린,44056,2017,회색,경기,5950,2WD
73695,재규어,F-TYPE,3.0 컨버터블,가솔린,44056,2017,회색,경기,5950,2WD
73760,재규어,X2,20d 포트폴리오,디젤,86775,2017,회색,부산,2390,2WD
73783,재규어,S-TYPE,3.0,가솔린,248500,2004,회색,대구,780,2WD
73901,재규어,XJ,3.0 SC 프리미엄 럭셔리 SWB,가솔린,134750,2015,회색,광주,2690,2WD
73916,재규어,XF,3.0D 럭셔리,디젤,102402,2010,회색,경기,890,2WD
73963,재규어,XJ,3.0D 프리미엄 럭셔리 LWB,디젤,121545,2010,회색,경기,1750,2WD
73973,재규어,XF,2.2D 럭셔리,디젤,86516,2015,회색,경기,1390,2WD
74110,재규어,F-PACE,20d 체커 플래그 에디션,디젤,14807,2020,회색,서울,5500,2WD
74216,재규어,X2,20d 프레스티지 ,디젤,129378,2017,회색,경기,1900,AWD
74234,재규어,F-PACE,20d R-Sport,디젤,5059,2019,회색,인천,4990,2WD
74240,재규어,X2,20d 프레스티지 ,디젤,129378,2017,회색,경기,1900,AWD
74242,재규어,XE,20d 포트폴리오,디젤,22999,2019,회색,경기,2850,2WD
74261,재규어,XE,20d 포트폴리오,디젤,22999,2019,회색,경기,2850,2WD
74311,재규어,XF,5.0 프리미엄,가솔린,134481,2011,회색,경기,990,2WD
74321,재규어,XF,2.2D 프리미엄,디젤,67885,2015,회색,경기,1650,2WD
74425,재규어,XE,20d 프레스티지,디젤,87000,2016,회색,경기,1730,2WD
74472,재규어,F-PACE,35t R-Sport,가솔린,39545,2017,회색,경기,4490,2WD
74477,재규어,F-PACE,35t R-Sport,가솔린,39545,2017,회색,경기,4490,2WD
74575,재규어,XE,20d 포트폴리오,디젤,80209,2016,회색,경기,1760,2WD
74594,재규어,F-TYPE,P380 R-다이나믹 쿠페,가솔린,35580,2019,회색,서울,7700,2WD
74698,재규어,XE,20d R스포츠,디젤,48000,2016,회색,경기,1930,2WD
74700,재규어,X2,20d 프레스티지,디젤,115301,2017,회색,경기,1880,2WD
74753,재규어,XJ,5.0 프리미엄 럭셔리 LWB,가솔린,73788,2011,회색,경기,2150,2WD
74802,재규어,I-PACE,EV400 HSE,전기,30913,2019,회색,경기,6230,2WD
74857,재규어,XK,5.0 쿠페,가솔린,67673,2011,회색,부산,2550,2WD
74873,재규어,F-PACE,30d S,디젤,105419,2017,회색,경기,3590,2WD
74875,재규어,X2,20d 포트폴리오,디젤,112476,2017,회색,경기,2050,2WD
74891,재규어,F-PACE,30d S,디젤,105419,2017,회색,경기,3590,2WD
75005,재규어,XJ,3.0 SC 프리미엄 럭셔리 LWB,가솔린,90351,2015,회색,경기,9999,2WD
75013,재규어,XJ,3.0 SC 프리미엄 럭셔리 LWB,가솔린,90351,2015,회색,경기,9999,2WD
75099,재규어,XF,2.0 럭셔리,가솔린,123114,2013,회색,경기,1050,2WD
75123,재규어,XE,20d 포트폴리오,디젤,19000,2019,회색,경기,2950,2WD
75152,재규어,X2,20d 프레스티지,디젤,100957,2016,회색,경기,2295,2WD
75187,재규어,X2,25t 포트폴리오,가솔린,104165,2017,회색,대구,2499,2WD
75337,재규어,X2,20d 프레스티지,디젤,66082,2018,회색,경기,2630,2WD
75339,재규어,X2,20d 프레스티지,디젤,66082,2018,회색,경기,2630,2WD
75583,재규어,X2,20d 프레스티지,디젤,29010,2019,회색,경기,3430,2WD
75632,재규어,XJ,3.5,가솔린,360054,2005,회색,대전,890,2WD
75634,재규어,XF,2.7D 프리미엄,디젤,181100,2009,회색,경기,550,2WD
75664,재규어,XJ,5.0 포트폴리오 LWB,가솔린,100723,2012,회색,대구,1990,2WD
75783,재규어,X2,25t 포트폴리오,가솔린,144547,2017,회색,경기,1999,2WD
75834,재규어,XJ,3.0D 프리미엄 럭셔리 SWB,디젤,53823,2018,회색,경기,4850,2WD
75896,재규어,X-TYPE,2.5,가솔린,176000,2008,회색,경기,575,2WD
76087,재규어,X2,20d 포트폴리오,디젤,78511,2017,회색,대구,2490,2WD
76116,재규어,X2,30d 포트폴리오,디젤,47118,2016,회색,경기,2900,2WD
76240,재규어,XJ,3.5,가솔린,87385,2005,회색,서울,2500,2WD
76358,재규어,XJ,3.0D 프리미엄 럭셔리 LWB,디젤,160000,2014,회색,경남,2600,2WD
76479,재규어,XJ,3.0D 프리미엄 럭셔리 LWB,디젤,130065,2011,회색,경기,2120,2WD
76531,재규어,다임러,4.0,가솔린,230000,1990,회색,부산,2100,2WD
76537,재규어,F-TYPE,3.0 S 컨버터블 ,가솔린,75000,2017,회색,강원,5790,AWD
76741,재규어,S-TYPE,3.0,가솔린,114000,2008,기타,경기,890,2WD
76842,재규어,XJ,5.0 포트폴리오 LWB,가솔린,131179,2010,흰색,경기,1830,2WD
76870,재규어,XF,2.2D 럭셔리,디젤,102761,2015,흰색,경기,1399,2WD
76959,재규어,XJ,3.0D 다이아몬드 리미티드 에디션,디젤,99805,2016,흰색,경기,4399,2WD
76972,재규어,XE,20d 포트폴리오 ,디젤,63000,2017,흰색,대구,2277,AWD
77007,재규어,S-TYPE,2.7D,디젤,129800,2007,흰색,서울,990,2WD
77189,재규어,XF,3.0D S 프리미엄,디젤,228288,2010,흰색,인천,590,2WD
77244,재규어,XF,3.0D 프리미엄,디젤,150000,2010,흰색,전북,950,2WD
77308,재규어,F-TYPE,3.0 S 쿠페,가솔린,82999,2017,기타,경기,5079,2WD
77351,재규어,F-PACE,20d 프레스티지,디젤,65256,2018,기타,경기,3440,2WD
77489,재규어,F-TYPE,3.0 S 컨버터블,가솔린,67600,2016,기타,경기,5790,2WD
77558,재규어,XE,20t 프레스티지,가솔린,8225,2018,기타,경기,2450,2WD
77619,재규어,E-PACE,P250 R-다이나믹 SE,가솔린,16185,2018,기타,인천,3400,2WD
77630,재규어,XE,20d R스포츠,디젤,64324,2017,기타,경기,2190,2WD
77631,재규어,XJ,3.5,가솔린,252179,2006,기타,부산,1420,2WD
77640,재규어,F-TYPE,P300 컨버터블,가솔린,71913,2019,기타,경기,4990,2WD
77656,재규어,E-PACE,P250 퍼스트 에디션,가솔린,34897,2018,기타,경기,3380,2WD
77667,재규어,X2,20d 프레스티지,디젤,59162,2016,기타,경기,2199,2WD
77720,재규어,X2,20d 프레스티지,디젤,54615,2017,기타,대구,2450,2WD
77723,재규어,F-TYPE,P300 쿠페,가솔린,10000,2021,기타,서울,8260,2WD
77729,재규어,F-PACE,20d 포트폴리오,디젤,67653,2017,기타,대구,3580,2WD
77812,재규어,XJ,3.0D 프리미엄 럭셔리 SWB,디젤,36401,2018,기타,부산,4800,2WD
77814,재규어,XJ,3.0D 프리미엄 럭셔리 SWB,디젤,36401,2018,기타,부산,4800,2WD
77854,재규어,X-TYPE,2.1,가솔린,154000,2007,기타,경남,670,2WD
77855,재규어,E-PACE,P250 R-다이나믹 SE,가솔린,17906,2018,기타,경기,3430,2WD
77871,재규어,XF,R 5.0 SC,가솔린,89847,2013,기타,경기,2090,2WD
77904,재규어,X2,20d 프레스티지,디젤,125041,2017,기타,경기,1950,2WD
77938,재규어,XF,3.0SC  프리미엄,가솔린,64599,2015,기타,경기,2230,AWD
77941,재규어,XF,3.0SC  프리미엄,가솔린,64599,2015,기타,경기,2230,AWD
77942,재규어,X2,25t 포트폴리오,가솔린,73000,2017,기타,서울,2390,2WD
77976,재규어,F-TYPE,5.0 SVR 컨버터블 ,가솔린,18000,2017,기타,전북,9000,AWD
77980,재규어,E-PACE,D180 S,디젤,31570,2019,기타,부산,3250,2WD
77981,재규어,E-PACE,D180 S,디젤,31570,2019,기타,부산,3250,2WD
78005,재규어,F-PACE,20d R-Sport,디젤,111041,2017,기타,울산,2980,2WD
78013,재규어,F-TYPE,3.0 쿠페,가솔린,36058,2015,기타,인천,4550,2WD
78014,재규어,F-TYPE,3.0 쿠페,가솔린,36058,2015,기타,인천,4550,2WD
78052,재규어,S-TYPE,2.7D,디젤,118000,2006,기타,충북,800,2WD
78076,재규어,XE,20d R스포츠,디젤,34733,2019,기타,경기,2620,2WD
78116,재규어,I-PACE,EV400 HSE,전기,6781,2019,기타,부산,7900,2WD
78134,재규어,XE,20d R스포츠,디젤,44256,2016,기타,경기,1799,2WD
78423,재규어,XJ,3.0D 프리미엄 럭셔리 SWB,디젤,135648,2012,회색,광주,1650,2WD
78449,재규어,XF,2.2D 럭셔리,디젤,122122,2013,회색,광주,1150,2WD
78476,재규어,XF,2.2D 럭셔리,디젤,122122,2013,회색,광주,1150,2WD
78503,재규어,XJ,2.7D LWB,디젤,155597,2009,회색,경기,1399,2WD
78675,재규어,XF,2.2D 럭셔리,디젤,108190,2014,회색,대전,1230,2WD
78802,재규어,XF,3.0D 럭셔리,디젤,168000,2010,회색,경기,670,2WD
78934,재규어,XF,2.0 럭셔리,가솔린,59899,2015,회색,경기,1890,2WD
79014,재규어,X-TYPE,2.5,가솔린,54139,2006,회색,경기,899,2WD
79065,재규어,XJ,5.0 프리미엄 럭셔리 LWB,가솔린,159000,2010,회색,경기,1199,2WD
79141,재규어,X2,20d 포트폴리오 ,디젤,96562,2017,회색,경기,2220,AWD
79172,재규어,X2,20d 포트폴리오 ,디젤,96562,2017,회색,경기,2220,AWD
79207,재규어,S-TYPE,2.5,가솔린,270427,2004,회색,대전,580,2WD
79208,재규어,XF,3.0D 프리미엄,디젤,142954,2010,회색,서울,600,2WD
79209,재규어,XJ,3.0 SC 프리미엄 럭셔리 LWB,가솔린,46296,2015,회색,광주,3490,2WD
79372,재규어,X2,25t 프레스티지,가솔린,56661,2017,회색,경기,2330,2WD
79401,재규어,X2,25t 프레스티지,가솔린,56661,2017,회색,경기,2330,2WD
79429,재규어,XJ,2.7D SWB,디젤,133000,2008,회색,서울,1699,2WD
79466,재규어,XJ,3.0,가솔린,92751,2006,회색,서울,1500,2WD
79558,재규어,XF,3.0D 럭셔리,디젤,116851,2012,회색,경남,1490,2WD
79586,재규어,X-TYPE,2.1,가솔린,140000,2006,회색,서울,650,2WD
79624,재규어,X-TYPE,2.5,가솔린,114000,2008,회색,제주,680,2WD
79681,재규어,F-PACE,35t R-Sport,가솔린,48457,2017,회색,경기,4550,2WD
79703,재규어,F-PACE,35t R-Sport,가솔린,48457,2017,회색,경기,4550,2WD
79781,재규어,X-TYPE,2.2D,디젤,85548,2009,회색,부산,670,2WD
79837,재규어,XJ,3.5,가솔린,181798,2006,회색,경기,1350,2WD
79843,재규어,XF,3.0D 럭셔리,디젤,109000,2013,회색,경기,1130,2WD
80030,재규어,X-TYPE,2.5,가솔린,180000,2008,회색,대구,592,2WD
80043,재규어,X-TYPE,2.5,가솔린,179000,2006,회색,대구,592,2WD
80057,재규어,X-TYPE,2.5,가솔린,220210,2005,회색,대구,552,2WD
80279,재규어,XJ,3.0 SC 프리미엄 럭셔리 LWB,가솔린,77849,2015,회색,광주,3250,2WD
80306,재규어,XJ,3.0,가솔린,146073,2004,회색,경기,980,2WD
80473,재규어,XF,3.0D 럭셔리,디젤,168740,2011,회색,경남,750,2WD
80516,재규어,XJ,2.7D SWB,디젤,165000,2008,회색,경기,1199,2WD
80544,재규어,XJ,3.0D 프리미엄 럭셔리 SWB,디젤,76000,2012,회색,서울,2199,2WD
80637,재규어,XF,3.0D 럭셔리,디젤,110000,2012,회색,대구,930,2WD
80689,재규어,XF,2.2D 럭셔리,디젤,152974,2013,회색,경기,950,2WD
80709,재규어,XF,3.0D 럭셔리,디젤,158171,2011,회색,경기,750,2WD
80714,재규어,S-TYPE,2.7D,디젤,162846,2008,회색,경기,690,2WD
80717,재규어,XF,2.2D 럭셔리,디젤,37000,2015,회색,서울,2000,2WD
80719,재규어,X2,20d 프레스티지,디젤,214000,2017,회색,인천,1490,2WD
80755,재규어,X2,20d 프레스티지,디젤,34500,2018,회색,대구,2880,2WD
80802,재규어,XJ,2.0 럭셔리 LWB,가솔린,134300,2013,회색,광주,2190,2WD
80858,재규어,XJ,5.0 프리미엄 럭셔리 LWB,가솔린,125016,2010,회색,서울,1590,2WD
80859,재규어,XJ,3.0,가솔린,94000,2006,회색,경북,1000,2WD
80935,재규어,XJ,3.0D 프리미엄 럭셔리 LWB,디젤,230000,2012,회색,대구,1450,2WD
80984,재규어,XJ,3.5,가솔린,137430,2006,회색,경기,1299,2WD
81065,재규어,XF,2.2D 럭셔리,디젤,135956,2012,회색,광주,1180,2WD
81215,재규어,XJ,5.0 프리미엄 럭셔리 LWB,가솔린,166971,2010,회색,경기,1300,2WD
81345,재규어,XJ,4.2 V8,가솔린,183594,2008,회색,경남,2950,2WD
81427,재규어,XJ,3.0 V6,가솔린,234539,2007,회색,광주,990,2WD
81490,재규어,XJ,5.0 프리미엄 럭셔리 LWB,가솔린,125000,2010,회색,서울,1590,2WD
81636,재규어,X2,25t 프레스티지,가솔린,110160,2016,회색,경기,1950,2WD
81745,재규어,XF,2.2D 럭셔리,디젤,81000,2013,회색,대구,1330,2WD
81757,재규어,XF,2.2D 럭셔리,디젤,138920,2012,회색,대전,990,2WD
81775,재규어,XF,5.0 프리미엄,가솔린,82422,2011,회색,대구,1180,2WD
81941,재규어,XF,3.0D 럭셔리,디젤,148137,2012,회색,부산,1150,2WD
81971,재규어,F-PACE,20d R-Sport,디젤,17982,2018,회색,부산,3900,2WD
82055,재규어,XJ,3.0D 프리미엄 럭셔리 LWB,디젤,161212,2010,회색,울산,2000,2WD
82172,재규어,XF,2.7D 프리미엄,디젤,261545,2009,회색,경기,490,2WD
82209,재규어,XF,2.2D 프리미엄,디젤,108135,2014,회색,경기,1390,2WD
82265,재규어,S-TYPE,2.5,가솔린,136012,2005,회색,경기,700,2WD
82305,재규어,E-PACE,P250 R-다이나믹 SE,가솔린,41405,2018,회색,경기,3490,2WD
82309,재규어,E-PACE,P250 R-다이나믹 SE,가솔린,41405,2018,회색,경기,3490,2WD
82433,재규어,XJ,5.0 프리미엄 럭셔리 LWB,가솔린,101134,2012,회색,경기,1830,2WD
82476,재규어,X2,30d 포트폴리오,디젤,92788,2016,회색,인천,2550,2WD
82552,재규어,XJ,3.0D 프리미엄 럭셔리 LWB,디젤,200000,2012,회색,충북,1650,2WD
82560,재규어,XF,2.2D 럭셔리,디젤,181385,2012,회색,전북,849,2WD
82630,재규어,XF,R 5.0 SC,가솔린,101027,2011,기타,부산,1450,2WD
82694,재규어,XF,2.7D 프리미엄,디젤,145291,2009,기타,경북,620,2WD
82695,재규어,XK,5.0 쿠페,가솔린,57846,2012,기타,인천,4190,2WD
82700,재규어,XJ,3.0,가솔린,152000,2006,기타,경기,2300,2WD
82730,재규어,F-TYPE,P300 컨버터블,가솔린,45000,2019,기타,경기,6100,2WD
82731,재규어,XF,2.0 럭셔리,가솔린,113451,2013,기타,광주,9999,2WD
82732,재규어,XF,2.0 럭셔리,가솔린,113451,2013,기타,광주,9999,2WD
82739,재규어,F-TYPE,P380 R-다이나믹 컨버터블,가솔린,32772,2019,기타,서울,7850,2WD
82740,재규어,F-TYPE,P380 R-다이나믹 컨버터블,가솔린,32772,2019,기타,서울,7850,2WD
82754,재규어,E-PACE,P250 R-다이나믹 SE,가솔린,34622,2018,흰색,경기,3590,2WD
82826,재규어,F-PACE,20d 프레스티지,디젤,12193,2019,흰색,서울,4250,2WD
82878,재규어,XJ,3.0D 프리미엄 럭셔리 LWB,디젤,66000,2016,흰색,서울,3790,2WD
82936,재규어,XF,2.2D 럭셔리,디젤,195901,2012,흰색,경기,799,2WD
82958,재규어,X2,25t 프레스티지,가솔린,49405,2018,흰색,경기,2720,2WD
82965,재규어,XJ,3.0D 프리미엄 럭셔리 SWB,디젤,46399,2017,흰색,경기,4310,2WD
83106,재규어,XJ,3.0D 프리미엄 럭셔리 LWB,디젤,88197,2016,흰색,경기,3770,2WD
83114,재규어,XE,20d 프레스티지,디젤,79624,2017,흰색,경기,1530,2WD
83177,재규어,X2,20d 프레스티지,디젤,61127,2017,흰색,경기,2290,2WD
83229,재규어,X2,20d 프레스티지,디젤,61127,2017,흰색,경기,2290,2WD
83287,재규어,XF,3.0D 프리미엄,디젤,114673,2011,흰색,경기,950,2WD
83292,재규어,XF,3.0D 럭셔리,디젤,108604,2013,흰색,경기,1250,2WD
83384,재규어,F-TYPE,3.0 S 쿠페,가솔린,68723,2015,흰색,서울,4290,2WD
83386,재규어,XE,3.0 SC S,가솔린,32725,2019,흰색,서울,3899,2WD
83417,재규어,XF,3.0D 프리미엄,디젤,141166,2011,흰색,서울,749,2WD
83470,재규어,E-PACE,D180 S,디젤,8899,2019,흰색,경기,3550,2WD
83475,재규어,XE,20d 프레스티지,디젤,33240,2016,흰색,경기,2350,2WD
83532,재규어,XF,2.2D 럭셔리,디젤,120000,2013,흰색,서울,1050,2WD
83534,재규어,XJ,3.0D 프리미엄 럭셔리 LWB,디젤,88200,2012,흰색,경기,2690,2WD
83549,재규어,XE,20d 프레스티지,디젤,33240,2016,흰색,경기,2350,2WD
83551,재규어,X2,20d 포트폴리오,디젤,101902,2017,흰색,경기,2398,2WD
83570,재규어,F-PACE,20d 프레스티지,디젤,126285,2017,흰색,경기,2820,2WD
83577,재규어,XJ,3.0D 프리미엄 럭셔리 SWB,디젤,147309,2012,흰색,경기,1900,2WD
83578,재규어,X2,25t 포트폴리오,가솔린,32310,2017,흰색,경기,2939,2WD
83581,재규어,E-PACE,D180 S,디젤,8899,2019,흰색,경기,3550,2WD
83583,재규어,XE,20d 프레스티지,디젤,114816,2016,흰색,경기,1500,2WD
83590,재규어,X2,20d 포트폴리오,디젤,92646,2018,흰색,경기,2660,2WD
83609,재규어,X2,25t 프레스티지,가솔린,63089,2017,흰색,경기,2099,2WD
83662,재규어,F-PACE,20d 프레스티지,디젤,126285,2017,흰색,경기,2820,2WD
83668,재규어,X2,25t 포트폴리오,가솔린,32310,2017,흰색,경기,2939,2WD
83673,재규어,XE,20d 프레스티지,디젤,114816,2016,흰색,경기,1500,2WD
83699,재규어,XJ,3.0D 프리미엄 럭셔리 LWB,디젤,154543,2013,흰색,경기,2230,2WD
83733,재규어,XE,20t 프레스티지,가솔린,35820,2017,흰색,경기,2299,2WD
83805,재규어,XF,3.0D 럭셔리,디젤,128696,2015,흰색,경기,1550,2WD
83808,재규어,X2,3.0 S ,가솔린,27060,2019,흰색,부산,4780,AWD
83811,재규어,XE,20d 포트폴리오,디젤,93169,2016,흰색,부산,1630,2WD
83832,재규어,XE,20t 프레스티지,가솔린,35820,2017,흰색,경기,2299,2WD
83894,재규어,XF,3.0D 럭셔리,디젤,128696,2015,흰색,경기,1550,2WD
83901,재규어,XF,2.2D 럭셔리,디젤,152321,2012,흰색,인천,930,2WD
83952,재규어,XE,20d 프레스티지,디젤,35303,2017,흰색,경기,2399,2WD
83984,재규어,X2,25t 포트폴리오,가솔린,57264,2017,흰색,광주,2590,2WD
83997,재규어,XJ,3.0D 프리미엄 럭셔리 LWB,디젤,142000,2012,흰색,전북,2150,2WD
84007,재규어,XE,20d 프레스티지,디젤,76520,2016,흰색,경기,1750,2WD
84037,재규어,XE,20d 프레스티지,디젤,35303,2017,흰색,경기,2399,2WD
84058,재규어,X2,25t 포트폴리오,가솔린,57264,2017,흰색,광주,2590,2WD
84113,재규어,X-TYPE,2.1,가솔린,142732,2007,흰색,인천,540,2WD
84126,재규어,F-PACE,20d 프레스티지,디젤,57000,2018,흰색,서울,3450,2WD
84195,재규어,XJ,3.0D 프리미엄 럭셔리 LWB,디젤,72000,2015,흰색,서울,3200,2WD
84232,재규어,XF,2.2D 럭셔리,디젤,130273,2015,흰색,서울,1350,2WD
84282,재규어,XF,2.2D 럭셔리,디젤,165948,2012,흰색,서울,790,2WD
84292,재규어,XF,5.0 프리미엄,가솔린,219000,2011,흰색,경기,580,2WD
84320,재규어,XJ,2.0 럭셔리 SWB,가솔린,89548,2014,흰색,경기,2190,2WD
84343,재규어,F-PACE,20d 포트폴리오,디젤,61495,2019,흰색,경기,4049,2WD
84416,재규어,XF,3.0SC 럭셔리,가솔린,107855,2013,흰색,경기,1200,2WD
84422,재규어,XE,20d 프레스티지,디젤,68950,2017,흰색,경기,1890,2WD
84450,재규어,X2,20d 프레스티지,디젤,100878,2018,흰색,경기,2300,2WD
84467,재규어,XJ,3.0D 프리미엄 럭셔리 SWB,디젤,131909,2013,흰색,부산,2120,2WD
84541,재규어,XF,3.0D 럭셔리,디젤,78484,2015,흰색,서울,1990,2WD
84545,재규어,X2,20d 프레스티지,디젤,100878,2018,흰색,경기,2300,2WD
84555,재규어,XF,3.0SC 럭셔리,가솔린,107855,2013,흰색,경기,1200,2WD
84556,재규어,XE,20d 프레스티지,디젤,68950,2017,흰색,경기,1890,2WD
84590,재규어,XE,20t 프레스티지,가솔린,31800,2016,흰색,서울,2199,2WD
84595,재규어,XF,3.0D 럭셔리,디젤,116792,2011,흰색,경기,940,2WD
84624,재규어,XJ,3.0D 프리미엄 럭셔리 LWB,디젤,34074,2019,흰색,경기,5790,2WD
84654,재규어,XF,3.0D 럭셔리,디젤,78484,2015,흰색,서울,1990,2WD
84675,재규어,XJ,5.0 포트폴리오 LWB,가솔린,102051,2012,흰색,경기,2130,2WD
84693,재규어,F-PACE,20d 프레스티지,디젤,49872,2018,흰색,서울,3190,2WD
84767,재규어,XE,20d R스포츠,디젤,49109,2017,흰색,경기,2350,2WD
84787,재규어,XE,20d 포트폴리오 ,디젤,42399,2017,흰색,경기,2499,AWD
84790,재규어,XE,20d R스포츠,디젤,56955,2016,흰색,경기,1890,2WD
84808,재규어,XJ,3.0 SC 프리미엄 럭셔리 LWB,가솔린,172549,2013,흰색,광주,2090,2WD
84832,재규어,XF,2.2D 럭셔리,디젤,94007,2012,흰색,경기,1199,2WD
84859,재규어,XF,2.2D 럭셔리,디젤,147000,2014,흰색,인천,1049,2WD
84877,재규어,XE,20d R스포츠,디젤,56955,2016,흰색,경기,1890,2WD
84907,재규어,XE,20d 포트폴리오 ,디젤,42399,2017,흰색,경기,2499,AWD
84920,재규어,XE,20d 프레스티지,디젤,73827,2018,흰색,경기,2150,2WD
84958,재규어,XK,5.0 컨버터블,가솔린,63000,2013,흰색,경기,4290,2WD
84983,재규어,F-PACE,20d 프레스티지,디젤,68623,2018,흰색,경기,3370,2WD
85051,재규어,XE,20d 포트폴리오,디젤,54953,2017,흰색,서울,2150,2WD
85060,재규어,F-PACE,20d 프레스티지,디젤,68623,2018,흰색,경기,3370,2WD
85070,재규어,XE,20d R스포츠,디젤,80818,2016,흰색,경기,1610,2WD
85111,재규어,XE,20d 프레스티지,디젤,139310,2016,흰색,경기,1400,2WD
85145,재규어,F-PACE,20d 포트폴리오,디젤,30474,2018,흰색,경기,3850,2WD
85233,재규어,XJ,3.0D 프리미엄 럭셔리 LWB,디젤,87187,2015,흰색,대구,3300,2WD
85245,재규어,XE,20d 포트폴리오,디젤,41476,2018,흰색,인천,2650,2WD
85273,재규어,XF,2.2D 럭셔리,디젤,62343,2015,흰색,경기,1399,2WD
85313,재규어,X2,25t 포트폴리오,가솔린,11062,2017,흰색,서울,2490,2WD
85346,재규어,XE,20d 포트폴리오,디젤,41476,2018,흰색,인천,2650,2WD
85349,재규어,X2,35t  R-Sport,가솔린,76905,2016,흰색,서울,2750,AWD
85446,재규어,XE,20d 포트폴리오 ,디젤,49605,2017,흰색,서울,2500,AWD
85474,재규어,XE,20d 프레스티지,디젤,93565,2017,흰색,경기,1700,2WD
85495,재규어,X2,20d 프레스티지 ,디젤,86800,2017,흰색,경기,2370,AWD
85519,재규어,XF,5.0 프리미엄,가솔린,136891,2012,흰색,전북,1000,2WD
85665,재규어,XF,3.0SC 럭셔리,가솔린,37000,2013,흰색,인천,1390,2WD
85696,재규어,XJ,3.0 SC 프리미엄 럭셔리 LWB,가솔린,27177,2015,흰색,부산,3490,2WD
85701,재규어,F-TYPE,3.0 S 쿠페 ,가솔린,77352,2016,흰색,경기,5050,AWD
85783,재규어,XE,20d 프레스티지,디젤,61806,2017,흰색,전북,2150,2WD
85791,재규어,F-PACE,20d 프레스티지,디젤,107313,2018,흰색,경기,2970,2WD
85806,재규어,XE,20d 프레스티지,디젤,92000,2016,흰색,경기,1590,2WD
85843,재규어,E-PACE,P250 S,가솔린,45531,2018,흰색,경기,9999,2WD
85852,재규어,XE,20d 프레스티지,디젤,36798,2016,흰색,경기,1950,2WD
85858,재규어,F-TYPE,3.0 S 쿠페 ,가솔린,77352,2016,흰색,경기,5050,AWD
85878,재규어,X2,20d 포트폴리오,디젤,31489,2018,흰색,대구,3130,2WD
85909,재규어,XE,20d R스포츠,디젤,49000,2017,흰색,경기,2350,2WD
85939,재규어,XF,2.0 럭셔리,가솔린,140000,2013,흰색,전북,1150,2WD
86032,재규어,XF,2.2D 럭셔리,디젤,59208,2015,흰색,경기,1540,2WD
86054,재규어,XF,2.2D 럭셔리,디젤,144667,2012,흰색,전북,1000,2WD
86132,재규어,XJ,5.0SC 슈퍼스포츠 LWB,가솔린,110543,2012,흰색,경기,2480,2WD
86166,재규어,XE,20d 포트폴리오,디젤,86191,2017,흰색,경기,1900,2WD
86183,재규어,XE,20d 포트폴리오,디젤,36840,2016,흰색,경기,1980,2WD
86213,재규어,XJ,3.0D 프리미엄 럭셔리 LWB,디젤,49952,2015,흰색,서울,3780,2WD
86258,재규어,XJ,5.0SC 슈퍼스포츠 LWB,가솔린,110543,2012,흰색,경기,2480,2WD
86309,재규어,XJ,3.0D 프리미엄 럭셔리 LWB,디젤,49952,2015,흰색,서울,3780,2WD
86336,재규어,F-TYPE,P300 쿠페,가솔린,32877,2019,흰색,광주,5650,2WD
86342,재규어,F-TYPE,5.0 R 쿠페 ,가솔린,64800,2016,흰색,경남,7090,AWD
86364,재규어,XK,5.0 쿠페,가솔린,55000,2011,흰색,서울,3700,2WD
86442,재규어,XE,20d 포트폴리오,디젤,52719,2019,흰색,경기,2850,2WD
86470,재규어,XE,20d 프레스티지,디젤,164693,2016,흰색,대구,1299,2WD
86477,재규어,XE,20d 포트폴리오,디젤,52719,2019,흰색,경기,2850,2WD
86569,재규어,E-PACE,P250 SE,가솔린,16575,2019,흰색,경기,3890,2WD
86594,재규어,XE,20d 프레스티지,디젤,110030,2016,흰색,서울,1420,2WD
86679,재규어,XJ,2.0 럭셔리 SWB,가솔린,107613,2016,흰색,경기,3090,2WD
86684,재규어,E-PACE,P250 SE,가솔린,16575,2019,흰색,경기,3890,2WD
86790,재규어,XE,20t 프레스티지,가솔린,70313,2016,흰색,경기,1950,2WD
86847,재규어,XF,3.0D 럭셔리,디젤,205724,2012,흰색,경기,749,2WD
86849,재규어,XK,5.0 컨버터블,가솔린,4258,2012,흰색,서울,6900,2WD
86906,재규어,XE,20t 프레스티지,가솔린,70313,2016,흰색,경기,1950,2WD
86918,재규어,XF,3.0D 럭셔리,디젤,237877,2010,흰색,경기,650,2WD
86975,재규어,XE,20t 프레스티지,가솔린,127506,2016,흰색,인천,1400,2WD
87025,재규어,X2,20d 포트폴리오,디젤,98157,2016,흰색,경기,1990,2WD
87031,재규어,XE,20d 프레스티지 ,디젤,80362,2017,흰색,경기,1950,AWD
87036,재규어,XJ,3.0D 프리미엄 럭셔리 LWB,디젤,141329,2014,흰색,경기,2680,2WD
87045,재규어,F-PACE,20d 프레스티지,디젤,18000,2019,흰색,서울,4199,2WD
87050,재규어,XF,3.0D 럭셔리,디젤,139166,2012,흰색,경기,1050,2WD
87128,재규어,XE,20d 프레스티지,디젤,76150,2017,흰색,충남,1799,2WD
87227,재규어,F-PACE,20d 포트폴리오,디젤,40921,2019,흰색,서울,4690,2WD
87267,재규어,XJ,3.0D 프리미엄 럭셔리 LWB,디젤,12335,2018,흰색,경기,0,2WD
87276,재규어,E-PACE,P250 S,가솔린,91245,2018,흰색,경기,2666,2WD
87303,재규어,F-PACE,20d 포트폴리오,디젤,40921,2019,흰색,서울,4690,2WD
87315,재규어,XE,20d 프레스티지,디젤,62354,2017,흰색,경기,2100,2WD
87344,재규어,X2,20d 프레스티지,디젤,65767,2017,흰색,경기,2370,2WD
87376,재규어,F-PACE,20d 프레스티지,디젤,11668,2019,흰색,경기,4150,2WD
87408,재규어,X2,3.0 S ,가솔린,10156,2017,흰색,경기,3999,AWD
87415,재규어,XE,20d 프레스티지,디젤,62354,2017,흰색,경기,2100,2WD
87467,재규어,X2,3.0 S ,가솔린,10156,2017,흰색,경기,3999,AWD
87493,재규어,X2,3.0 S ,가솔린,10156,2017,흰색,경기,3999,AWD
87511,재규어,XF,2.0 럭셔리,가솔린,78515,2014,흰색,경기,1330,2WD
87581,재규어,XF,2.0 럭셔리,가솔린,78515,2014,흰색,경기,1330,2WD
87586,재규어,XJ,3.0D 프리미엄 럭셔리 LWB,디젤,152470,2013,흰색,경기,2380,2WD
87621,재규어,F-TYPE,3.0 S 쿠페,가솔린,70491,2015,흰색,경기,4280,2WD
87650,재규어,XE,20d 프레스티지,디젤,106484,2016,흰색,경기,1630,2WD
87687,재규어,XF,3.0D 럭셔리,디젤,125206,2012,흰색,서울,1100,2WD
87702,재규어,E-PACE,D180 SE,디젤,7011,2020,흰색,인천,4100,2WD
87707,재규어,F-TYPE,3.0 S 쿠페,가솔린,70491,2015,흰색,경기,4280,2WD
87729,재규어,XE,20d 프레스티지,디젤,92541,2016,흰색,서울,1470,2WD
87750,재규어,E-PACE,D180 S,디젤,18752,2019,흰색,대구,2790,2WD
87775,재규어,F-PACE,30d S,디젤,96046,2017,흰색,광주,3450,2WD
87810,재규어,X2,20d 포트폴리오,디젤,76304,2017,흰색,경기,2490,2WD
87844,재규어,XE,20d 프레스티지,디젤,92541,2016,흰색,서울,1470,2WD
87872,재규어,E-PACE,D180 SE,디젤,17731,2020,흰색,서울,3950,2WD
87881,재규어,E-PACE,P250 S,가솔린,17299,2018,흰색,경기,3280,2WD
87900,재규어,X2,20d 포트폴리오,디젤,76304,2017,흰색,경기,2490,2WD
87916,재규어,XJ,3.0 SC 프리미엄 럭셔리 LWB,가솔린,181765,2015,흰색,경기,2500,2WD
87977,재규어,E-PACE,P250 S,가솔린,17299,2018,흰색,경기,3280,2WD
88053,재규어,F-PACE,20d 포트폴리오,디젤,65000,2018,흰색,부산,3880,2WD
88089,재규어,X2,20d 포트폴리오,디젤,97634,2017,흰색,서울,2190,2WD
88093,재규어,F-PACE,20d 포트폴리오,디젤,125800,2017,흰색,인천,2880,2WD
88112,재규어,XF,2.2D 럭셔리,디젤,117186,2015,흰색,부산,1410,2WD
88117,재규어,E-PACE,P250 SE,가솔린,40928,2018,흰색,경기,3250,2WD
88135,재규어,XE,20d 프레스티지,디젤,55815,2017,흰색,경기,1780,2WD
88159,재규어,XJ,3.0D 프리미엄 럭셔리 LWB,디젤,64041,2016,흰색,경기,4190,2WD
88199,재규어,XF,2.2D 럭셔리,디젤,81168,2014,흰색,대구,1630,2WD
88225,재규어,F-TYPE,P380 R-다이나믹 컨버터블,가솔린,17000,2019,흰색,경기,7500,2WD
88243,재규어,XE,20t 프레스티지,가솔린,47265,2017,흰색,경기,2270,2WD
88271,재규어,XF,3.0D 럭셔리,디젤,84060,2013,흰색,대구,1730,2WD
88286,재규어,F-PACE,20d R-Sport,디젤,20397,2017,흰색,인천,3650,2WD
88304,재규어,XE,20d R스포츠,디젤,75759,2016,흰색,대구,1799,2WD
88351,재규어,XJ,3.0D 프리미엄 럭셔리 LWB,디젤,100297,2011,흰색,경기,2050,2WD
88377,재규어,XF,3.0D 럭셔리,디젤,152000,2011,흰색,대구,759,2WD
88491,재규어,X2,25t 포트폴리오,가솔린,52145,2017,흰색,경기,2690,2WD
88530,재규어,X2,25t 포트폴리오,가솔린,52145,2017,흰색,경기,2690,2WD
88552,재규어,XF,3.0D 럭셔리,디젤,179285,2011,흰색,대구,790,2WD
88572,재규어,E-PACE,P250 S,가솔린,56000,2018,흰색,부산,2700,2WD
88581,재규어,XF,2.2D 럭셔리,디젤,188069,2014,흰색,경기,950,2WD
88675,재규어,X2,20d 포트폴리오,디젤,107893,2017,흰색,경기,2100,2WD
88676,재규어,F-TYPE,P300 쿠페,가솔린,36207,2019,흰색,경기,5380,2WD
88688,재규어,F-PACE,20d R-Sport,디젤,41767,2017,흰색,경기,3440,2WD
88717,재규어,XF,3.0D 럭셔리,디젤,34166,2013,흰색,경기,2190,2WD
88734,재규어,XJ,3.0D 프리미엄 럭셔리 LWB,디젤,139532,2011,흰색,대구,1790,2WD
88742,재규어,XF,3.0D 럭셔리,디젤,34166,2013,흰색,경기,2190,2WD
88751,재규어,X2,20d 프레스티지 ,디젤,42585,2017,흰색,인천,2590,AWD
88768,재규어,XJ,3.0D 프리미엄 럭셔리 LWB,디젤,28337,2019,흰색,경기,6070,2WD
88779,재규어,XJ,5.0SC 슈퍼스포츠 LWB,가솔린,103660,2010,흰색,서울,2140,2WD
88874,재규어,XF,3.0D 프리미엄,디젤,134583,2011,흰색,경기,1120,2WD
88909,재규어,F-PACE,20d R-Sport,디젤,59521,2017,흰색,경기,3389,2WD
88945,재규어,XJ,3.0D 프리미엄 럭셔리 SWB,디젤,140116,2013,흰색,부산,2250,2WD
88978,재규어,XE,20d 프레스티지,디젤,54596,2016,흰색,부산,2200,2WD
88992,재규어,E-PACE,D180 SE,디젤,18200,2019,흰색,대전,9999,2WD
89032,재규어,XE,20d 포트폴리오 ,디젤,31245,2017,흰색,경기,2630,AWD
89033,재규어,XF,2.2D 럭셔리,디젤,150884,2013,흰색,경기,960,2WD
89118,재규어,XF,2.2D 럭셔리,디젤,92607,2015,흰색,부산,1460,2WD
89123,재규어,F-TYPE,3.0 컨버터블,가솔린,102272,2014,흰색,경기,4299,2WD
89150,재규어,XF,2.2D 럭셔리,디젤,92607,2015,흰색,부산,1460,2WD
89197,재규어,XF,3.0D 프리미엄,디젤,70197,2015,흰색,경기,2290,2WD
89222,재규어,XF,2.2D 럭셔리,디젤,95469,2015,흰색,부산,1490,2WD
89261,재규어,XF,2.2D 럭셔리,디젤,95469,2015,흰색,부산,1490,2WD
89324,재규어,F-PACE,20d 프레스티지,디젤,60278,2019,흰색,경기,4030,2WD
89490,재규어,XJ,3.0D 프리미엄 럭셔리 SWB,디젤,79769,2015,흰색,경기,3150,2WD
89537,재규어,XF,3.0D 프리미엄,디젤,121569,2014,흰색,서울,1450,2WD
89579,재규어,XK,5.0 컨버터블,가솔린,105431,2011,흰색,광주,3450,2WD
89611,재규어,XE,20d R스포츠,디젤,69958,2016,흰색,경기,1600,2WD
89688,재규어,F-PACE,20d R-Sport,디젤,102994,2017,흰색,경기,2940,2WD
89705,재규어,XF,3.0D 럭셔리,디젤,126821,2012,흰색,경기,1140,2WD
89731,재규어,XF,2.0 럭셔리,가솔린,93477,2015,흰색,경기,1199,2WD
89732,재규어,XJ,5.0 프리미엄 럭셔리 LWB,가솔린,126161,2011,흰색,경기,1760,2WD
89744,재규어,X2,20d 프레스티지,디젤,70930,2017,흰색,경기,2420,2WD
89759,재규어,XE,20d 프레스티지,디젤,67455,2017,흰색,경기,1990,2WD
89808,재규어,XE,20d 프레스티지,디젤,67455,2017,흰색,경기,1990,2WD
89832,재규어,XF,5.0 프리미엄,가솔린,75674,2011,흰색,부산,990,2WD
89924,재규어,XF,2.2D 럭셔리,디젤,107116,2013,흰색,대구,1250,2WD
89940,재규어,X2,20d 포트폴리오 ,디젤,146600,2017,흰색,경기,2200,AWD
89953,재규어,XJ,2.0 럭셔리 LWB,가솔린,132886,2013,흰색,경기,1799,2WD
89982,재규어,XF,3.0D 프리미엄,디젤,124937,2011,흰색,충남,880,2WD
90019,재규어,F-PACE,20d 프레스티지,디젤,50000,2017,흰색,전남,3690,2WD
90106,재규어,XE,20d 프레스티지,디젤,93759,2016,흰색,경기,1570,2WD
90143,재규어,XJ,3.0D 프리미엄 럭셔리 LWB,디젤,60757,2016,흰색,경기,4478,2WD
90145,재규어,XE,20d 프레스티지,디젤,77900,2016,흰색,경기,1664,2WD
90153,재규어,X2,20d 프레스티지,디젤,68000,2017,흰색,경기,2477,2WD
90164,재규어,XE,20d 프레스티지,디젤,115646,2016,흰색,인천,1500,2WD
90195,재규어,XF,2.2D 프리미엄,디젤,119000,2016,흰색,경기,1990,2WD
90202,재규어,XJ,3.0 SC 프리미엄 럭셔리 SWB,가솔린,151045,2013,흰색,경기,1870,2WD
90229,재규어,F-PACE,20d 프레스티지,디젤,43216,2018,흰색,경기,3430,2WD
90233,재규어,XE,20d R스포츠,디젤,72193,2016,흰색,부산,1920,2WD
90252,재규어,XJ,3.0D 프리미엄 럭셔리 LWB,디젤,139532,2011,흰색,대구,1790,2WD
90292,재규어,E-PACE,P250 SE,가솔린,16245,2018,흰색,경기,3480,2WD
90370,재규어,XE,20d 프레스티지,디젤,113195,2016,흰색,경기,1650,2WD
90376,재규어,X2,25t 포트폴리오,가솔린,87000,2017,흰색,경기,2249,2WD
90380,재규어,XF,3.0D 프리미엄,디젤,176478,2011,흰색,경기,730,2WD
90548,재규어,F-TYPE,3.0 쿠페,가솔린,22747,2016,흰색,부산,5289,2WD
90556,재규어,F-TYPE,3.0 쿠페,가솔린,22747,2016,흰색,부산,5289,2WD
90605,재규어,XF,2.2D 럭셔리,디젤,163873,2015,흰색,경기,9999,2WD
90607,재규어,XE,20d 프레스티지,디젤,98872,2018,흰색,경기,9999,2WD
90632,재규어,F-PACE,20d 프레스티지,디젤,84765,2017,흰색,경남,2995,2WD
90690,재규어,XF,2.2D 럭셔리,디젤,107290,2012,흰색,부산,1080,2WD
90700,재규어,XF,2.2D 럭셔리,디젤,101537,2014,흰색,대구,1299,2WD
90822,재규어,X2,20d 포트폴리오,디젤,46356,2018,흰색,경기,2690,2WD
90860,재규어,XF,2.2D 럭셔리,디젤,153486,2012,흰색,경기,750,2WD
90882,재규어,XF,2.2D 럭셔리,디젤,150000,2014,흰색,인천,899,2WD
90921,재규어,X2,20d 프레스티지,디젤,171603,2017,흰색,인천,1670,2WD
91078,재규어,X2,30d 포트폴리오,디젤,124271,2017,흰색,경기,2390,2WD
91081,재규어,X2,30d 포트폴리오,디젤,124271,2017,흰색,경기,2390,2WD
91115,재규어,XF,3.0D 럭셔리,디젤,175043,2010,흰색,경북,670,2WD
91119,재규어,XE,20t 프레스티지,가솔린,50037,2016,흰색,경기,2030,2WD
91149,재규어,X2,3.0 S ,가솔린,45884,2019,흰색,경기,4599,AWD
91163,재규어,XE,20d 프레스티지,디젤,34630,2016,흰색,경기,1840,2WD
91164,재규어,XE,20d 프레스티지,디젤,34630,2016,흰색,경기,1840,2WD
91218,재규어,XF,3.0SC  프리미엄,가솔린,135000,2013,흰색,경기,1800,AWD
91258,재규어,XE,20d 포트폴리오,디젤,89966,2016,흰색,경기,1870,2WD
91319,재규어,XJ,3.0D 프리미엄 럭셔리 SWB,디젤,132000,2011,흰색,경남,2320,2WD
91365,재규어,XE,D180 R-다이나믹 S,디젤,13,2020,흰색,부산,4970,2WD
91406,재규어,XJ,3.0D 프리미엄 럭셔리 LWB,디젤,91299,2015,흰색,경기,3090,2WD
91442,재규어,XJ,3.0D XJ50 LWB,디젤,44859,2019,흰색,경기,6350,2WD
91479,재규어,XF,2.2D 럭셔리,디젤,111629,2013,흰색,전북,1279,2WD
91481,재규어,XF,2.2D 럭셔리,디젤,69588,2014,흰색,경기,1650,2WD
91484,재규어,XF,2.2D 럭셔리,디젤,69588,2014,흰색,경기,1650,2WD
91488,재규어,XE,20d 프레스티지,디젤,73779,2018,흰색,경기,2150,2WD
91490,재규어,XE,3.0 SC S,가솔린,71000,2017,흰색,대구,2800,2WD
91528,재규어,XE,20d 프레스티지,디젤,64864,2016,흰색,경기,1890,2WD
91529,재규어,XE,20d R스포츠,디젤,73077,2016,흰색,부산,1899,2WD
91577,재규어,XF,3.0SC 럭셔리,가솔린,84335,2013,흰색,경기,1190,2WD
91626,재규어,XF,3.0D 럭셔리,디젤,100850,2012,흰색,인천,990,2WD
91651,재규어,XF,3.0D 럭셔리,디젤,200753,2010,흰색,경기,680,2WD
91668,재규어,XJ,3.0D 프리미엄 럭셔리 SWB,디젤,131116,2014,흰색,경기,2370,2WD
91738,재규어,XJ,3.0D 프리미엄 럭셔리 LWB,디젤,63490,2018,흰색,경기,5380,2WD
91741,재규어,XF,3.0D 럭셔리,디젤,133477,2014,흰색,경기,2000,2WD
91759,재규어,XF,3.0D 럭셔리,디젤,107522,2014,흰색,광주,1400,2WD
91800,재규어,XJ,2.0 럭셔리 SWB,가솔린,128895,2015,흰색,경기,2180,2WD
91806,재규어,XF,3.0D 럭셔리,디젤,85567,2015,흰색,경기,1990,2WD
91846,재규어,XF,2.2D 프리미엄,디젤,60792,2015,흰색,서울,1949,2WD
91861,재규어,XJ,3.0D 프리미엄 럭셔리 LWB,디젤,63593,2015,흰색,부산,3650,2WD
91877,재규어,XE,20d 포트폴리오,디젤,60865,2017,흰색,경기,2149,2WD
91878,재규어,XE,20d R스포츠,디젤,20671,2019,흰색,서울,2880,2WD
91884,재규어,XF,3.0SC 럭셔리,가솔린,43020,2015,흰색,경기,1450,2WD
91923,재규어,XJ,3.0 SC  포트폴리오 LWB,가솔린,97870,2016,흰색,경기,4490,AWD
91992,재규어,XF,4.2 SC,가솔린,121711,2009,흰색,경기,899,2WD
92000,재규어,X-TYPE,2.2D,디젤,203857,2009,흰색,경기,450,2WD
92021,재규어,XF,3.0SC 럭셔리,가솔린,104182,2013,흰색,부산,1250,2WD
92022,재규어,XF,2.2D 프리미엄,디젤,94132,2015,흰색,경기,1470,2WD
92023,재규어,XF,3.0SC 럭셔리,가솔린,104182,2013,흰색,부산,1250,2WD
92050,재규어,XJ,2.0 럭셔리 SWB,가솔린,86000,2014,흰색,경기,2350,2WD
92066,재규어,X2,25t 포트폴리오,가솔린,18652,2019,흰색,경기,3599,2WD
92074,재규어,XE,D180 R-다이나믹 S,디젤,909,2020,흰색,경기,4200,2WD
92105,재규어,XE,20d 포트폴리오,디젤,35589,2018,흰색,경기,2699,2WD
92219,재규어,F-PACE,20d R-Sport,디젤,24289,2019,흰색,경기,4450,2WD
92238,재규어,XF,3.0D 프리미엄,디젤,145000,2013,흰색,대구,1699,2WD
92306,재규어,XJ,2.0 럭셔리 LWB,가솔린,99264,2013,흰색,경남,2250,2WD
92362,재규어,XF,2.2D 럭셔리,디젤,86543,2015,흰색,경남,1770,2WD
92392,재규어,F-PACE,20d 프레스티지,디젤,112148,2017,흰색,울산,2750,2WD
92404,재규어,XE,20d R스포츠,디젤,51683,2018,흰색,경기,2620,2WD
92418,재규어,E-PACE,D180 SE,디젤,45516,2019,흰색,경기,3299,2WD
92450,재규어,X2,30d 포트폴리오,디젤,41200,2017,흰색,경기,3200,2WD
92477,재규어,XJ,3.0 SC  포트폴리오 LWB,가솔린,78754,2013,흰색,서울,3299,AWD
92492,재규어,F-TYPE,3.0 S 쿠페,가솔린,56172,2015,흰색,경기,4649,2WD
92495,재규어,F-TYPE,3.0 S 쿠페,가솔린,56172,2015,흰색,경기,4649,2WD
92530,재규어,XJ,3.0D XJ50 LWB,디젤,30081,2019,흰색,경기,6600,2WD
92593,재규어,XF,2.2D 프리미엄,디젤,190000,2015,흰색,전북,990,2WD
92661,재규어,X2,20d 포트폴리오 ,디젤,57600,2017,흰색,경기,2470,AWD
92705,재규어,X2,20d 프레스티지,디젤,62621,2017,흰색,경기,2510,2WD
92740,재규어,XF,5.0 프리미엄,가솔린,87100,2012,흰색,대전,1490,2WD
92748,재규어,XF,2.2D 럭셔리,디젤,111447,2012,흰색,울산,1440,2WD
92778,재규어,XF,2.2D 럭셔리,디젤,153098,2012,흰색,경기,1059,2WD
92785,재규어,XF,3.0D 럭셔리,디젤,109763,2015,흰색,경기,1750,2WD
92792,재규어,XF,3.0D 럭셔리,디젤,109763,2015,흰색,경기,1750,2WD
92801,재규어,XF,3.0D 프리미엄,디젤,73854,2012,흰색,부산,1499,2WD
92808,재규어,F-PACE,20d 프레스티지,디젤,82509,2017,흰색,경기,2990,2WD
92829,재규어,X2,20d 프레스티지,디젤,37249,2019,흰색,경기,3370,2WD
92834,재규어,X2,20d 프레스티지,디젤,37249,2019,흰색,경기,3370,2WD
92838,재규어,XF,2.0 럭셔리,가솔린,41558,2015,흰색,서울,1999,2WD
92872,재규어,XF,2.2D 럭셔리,디젤,152001,2012,흰색,서울,770,2WD
92916,재규어,XJ,3.0D 프리미엄 럭셔리 LWB,디젤,13839,2019,흰색,경기,8500,2WD
92925,재규어,XF,2.2D 럭셔리,디젤,53300,2015,흰색,대구,1750,2WD
92934,재규어,XE,20d 프레스티지,디젤,54084,2017,흰색,경기,1899,2WD
92950,재규어,X2,20d 프레스티지 ,디젤,44830,2017,흰색,경기,2650,AWD
92951,재규어,XJ,3.0 SC  프리미엄 럭셔리 LWB,가솔린,68217,2015,흰색,경남,3790,AWD
92993,재규어,F-PACE,20d 포트폴리오,디젤,70621,2019,흰색,경기,3890,2WD
92994,재규어,F-PACE,20d 포트폴리오,디젤,70621,2019,흰색,경기,3890,2WD
92996,재규어,XF,2.0 럭셔리,가솔린,50563,2013,흰색,경기,1420,2WD
93002,재규어,F-PACE,20d 프레스티지,디젤,67096,2017,흰색,대전,3170,2WD
93009,재규어,XF,2.2D R-Sport,디젤,60393,2015,흰색,경기,1990,2WD
93023,재규어,XJ,3.0D 프리미엄 럭셔리 LWB,디젤,130639,2013,흰색,광주,2570,2WD
93026,재규어,XJ,3.0D 프리미엄 럭셔리 LWB,디젤,130639,2013,흰색,광주,2570,2WD
93048,재규어,XK,4.2 쿠페,가솔린,44000,2009,흰색,광주,2950,2WD
93124,재규어,F-TYPE,3.0 S 컨버터블,가솔린,138183,2014,흰색,경기,3999,2WD
93143,재규어,XF,3.0SC 럭셔리,가솔린,107000,2013,흰색,대전,1250,2WD
93194,재규어,F-PACE,30d S,디젤,46869,2019,흰색,경남,5180,2WD
93265,재규어,XE,20t 프레스티지,가솔린,134047,2016,흰색,경기,1550,2WD
93283,재규어,XF,2.2D 럭셔리,디젤,110000,2012,흰색,대구,990,2WD
93304,재규어,XE,20d 포트폴리오,디젤,99851,2016,흰색,경기,1870,2WD
93305,재규어,X2,20d 포트폴리오,디젤,76160,2016,흰색,경기,2370,2WD
93319,재규어,X-TYPE,2.2D,디젤,137955,2009,흰색,경기,640,2WD
93334,재규어,XF,3.0D 럭셔리,디젤,249679,2013,흰색,경기,850,2WD
93358,재규어,XF,2.2D 프리미엄,디젤,50328,2015,흰색,경기,1830,2WD
93505,재규어,X2,20d 프레스티지,디젤,77322,2017,흰색,경기,2499,2WD
93530,재규어,XF,2.0 럭셔리,가솔린,48363,2013,흰색,경기,1650,2WD
93538,재규어,XE,20d 프레스티지,디젤,52790,2017,흰색,경기,2280,2WD
93543,재규어,XE,3.0 SC S,가솔린,64910,2016,흰색,충남,2490,2WD
93606,재규어,XE,20d 프레스티지,디젤,77900,2016,흰색,경기,1670,2WD
93642,재규어,F-TYPE,5.0 SVR 쿠페 ,가솔린,10000,2019,흰색,광주,11500,AWD
93716,재규어,E-PACE,P250 S,가솔린,6981,2018,흰색,경기,3390,2WD
93717,재규어,E-PACE,P250 S,가솔린,6981,2018,흰색,경기,3390,2WD
93744,재규어,F-TYPE,P300 쿠페,가솔린,9300,2020,흰색,경기,6600,2WD
93803,재규어,XF,5.0 프리미엄,가솔린,92140,2011,흰색,경기,890,2WD
93804,재규어,XJ,3.0D XJ50 LWB,디젤,52753,2019,흰색,전북,6390,2WD
93815,재규어,X2,20d 프레스티지 ,디젤,63856,2017,흰색,경기,2500,AWD
93857,재규어,XJ,5.0 프리미엄 럭셔리 LWB,가솔린,89990,2010,흰색,경기,1680,2WD
93885,재규어,XE,20d 포트폴리오,디젤,66144,2016,흰색,대전,2090,2WD
93886,재규어,XE,20d 포트폴리오,디젤,66144,2016,흰색,대전,2090,2WD
93943,재규어,F-PACE,20d R-Sport,디젤,110000,2017,흰색,전남,2950,2WD
94002,재규어,F-PACE,20d R-Sport,디젤,97000,2017,흰색,서울,3300,2WD
94099,재규어,XF,3.0D 럭셔리,디젤,144285,2012,흰색,경기,990,2WD
94101,재규어,XJ,3.0 SC  포트폴리오 LWB,가솔린,136640,2013,흰색,경기,2990,AWD
94149,재규어,XF,2.2D 럭셔리,디젤,92571,2015,흰색,제주,1660,2WD
94199,재규어,XJ,3.0D 프리미엄 럭셔리 SWB,디젤,17992,2017,흰색,경기,4950,2WD
94221,재규어,S-TYPE,2.5,가솔린,131000,2005,흰색,경기,450,2WD
94426,재규어,XF,3.0SC 럭셔리,가솔린,97047,2013,흰색,서울,1270,2WD
94461,재규어,XE,20d 프레스티지,디젤,61000,2017,흰색,서울,2430,2WD
94479,재규어,XJ,3.0D 프리미엄 럭셔리 LWB,디젤,42910,2019,흰색,서울,5690,2WD
94510,재규어,F-PACE,20d 프레스티지,디젤,1420,2020,흰색,대전,4990,2WD
