,brand,name,info,type,km,year,color,location,price,wd
61896,지프,체로키,3.6 리미티드-X,가솔린,56288,2020,검정색,경기,3890,2WD
61939,지프,체로키,3.6 리미티드,가솔린,32546,2018,검정색,경기,3350,2WD
61984,지프,체로키,3.6 리미티드,가솔린,32546,2018,검정색,경기,3350,2WD
61988,지프,체로키,2.2  리미티드 ,디젤,45890,2016,검정색,서울,2479,4WD
62134,지프,체로키,3.6 라레도,가솔린,210000,2011,검정색,경기,1150,2WD
62148,지프,레니게이드,2.4 리미티드,가솔린,10084,2021,검정색,인천,3240,2WD
62203,지프,레니게이드,2.4 리미티드,가솔린,10084,2021,검정색,인천,3240,2WD
62206,지프,랭글러,2.8  사하라 4도어,디젤,105094,2013,검정색,경기,2880,2WD
62212,지프,레니게이드,2.0  트레일호크 ,디젤,32915,2018,검정색,경기,1770,AWD
62223,지프,레니게이드,2.0  트레일호크 ,디젤,44200,2018,검정색,인천,2400,AWD
62249,지프,체로키,2.4 론지튜드 ,가솔린,51496,2017,검정색,서울,1930,AWD
62277,지프,레니게이드,2.0  트레일호크 ,디젤,44200,2018,검정색,인천,2400,AWD
62285,지프,체로키,3.6 오버랜드,가솔린,37949,2019,검정색,인천,0,2WD
62328,지프,체로키,2.4 론지튜드 하이 ,가솔린,80759,2017,검정색,경기,2260,AWD
62330,지프,체로키,2.0  론지튜드 ,디젤,123712,2015,검정색,인천,1550,AWD
62361,지프,컴패스,2.4 리미티드,가솔린,50487,2014,검정색,경기,1390,2WD
62363,지프,체로키,2.4 론지튜드 하이 ,가솔린,80759,2017,검정색,경기,2260,AWD
62393,지프,체로키,2.0  론지튜드 ,디젤,123712,2015,검정색,인천,1550,AWD
62460,지프,체로키,3.0  라레도,디젤,220000,2008,검정색,대전,849,2WD
62608,지프,체로키,3.6 오버랜드,가솔린,25269,2019,검정색,경기,3860,2WD
62609,지프,랭글러,3.6 루비콘 4도어,가솔린,71987,2016,검정색,경기,4800,2WD
62641,지프,랭글러,3.6 루비콘 4도어,가솔린,71987,2016,검정색,경기,4800,2WD
62755,지프,랭글러,2.0 오버랜드 파워 탑 4도어,가솔린,8317,2021,검정색,대구,6430,2WD
62765,지프,체로키,2.2  리미티드 ,디젤,82959,2016,검정색,경기,1890,4WD
62786,지프,랭글러,3.6 루비콘 2도어,가솔린,27035,2017,검정색,경기,3320,2WD
62801,지프,체로키,3.0  리미티드,디젤,52910,2015,검정색,경기,2650,2WD
62832,지프,체로키,2.4 론지튜드 ,가솔린,57989,2016,검정색,충북,1990,AWD
62835,지프,체로키,3.6 오버랜드,가솔린,6267,2020,검정색,경기,4890,2WD
62837,지프,체로키,3.0  리미티드,디젤,52910,2015,검정색,경기,2650,2WD
62866,지프,랭글러,3.6 루비콘 2도어,가솔린,27035,2017,검정색,경기,3320,2WD
62896,지프,체로키,2.4 론지튜드 하이 ,가솔린,30765,2019,검정색,광주,2890,AWD
62897,지프,체로키,3.6 오버랜드,가솔린,97822,2016,검정색,경기,3040,2WD
62970,지프,체로키,3.0  오버랜드,디젤,197100,2014,검정색,경기,1890,2WD
63070,지프,레니게이드,2.4 리미티드,가솔린,19259,2019,검정색,경기,2799,2WD
63121,지프,랭글러,2.8  사하라 2도어,디젤,121244,2012,검정색,서울,2350,2WD
63127,지프,레니게이드,2.0  리미티드 ,디젤,18801,2017,검정색,경기,2450,AWD
63161,지프,레니게이드,2.4 리미티드,가솔린,19259,2019,검정색,경기,2799,2WD
63189,지프,체로키,2.2  리미티드 ,디젤,48262,2016,검정색,경기,2450,4WD
63192,지프,체로키,3.0  오버랜드,디젤,52248,2018,검정색,인천,3990,2WD
63196,지프,체로키,3.0  오버랜드,디젤,159922,2014,검정색,경기,2130,2WD
63206,지프,레니게이드,2.0  리미티드 ,디젤,18801,2017,검정색,경기,2450,AWD
63253,지프,랭글러,2.0 오버랜드 4도어,가솔린,15646,2020,검정색,광주,5700,2WD
63255,지프,체로키,2.2  리미티드 ,디젤,48262,2016,검정색,경기,2450,4WD
63272,지프,체로키,3.0  오버랜드,디젤,52248,2018,검정색,인천,3990,2WD
63361,지프,체로키,3.6 리미티드,가솔린,25450,2019,검정색,경기,3650,2WD
63365,지프,체로키,3.0  라레도,디젤,171400,2012,검정색,서울,1180,2WD
63397,지프,체로키,3.6 오버랜드,가솔린,19420,2019,검정색,인천,4530,2WD
63461,지프,랭글러,2.0 오버랜드 4도어,가솔린,21711,2020,검정색,광주,6200,2WD
63474,지프,체로키,3.6 리미티드,가솔린,25450,2019,검정색,경기,3650,2WD
63487,지프,컴패스,2.4 리미티드,가솔린,140000,2014,검정색,전북,799,2WD
63540,지프,체로키,3.0  오버랜드,디젤,11800,2019,검정색,서울,4570,2WD
63558,지프,체로키,3.0  오버랜드서밋,디젤,46981,2016,검정색,경기,3680,2WD
63572,지프,체로키,3.6 오버랜드,가솔린,48378,2019,검정색,서울,3850,2WD
63582,지프,체로키,3.0  오버랜드서밋,디젤,46981,2016,검정색,경기,3680,2WD
63652,지프,랭글러,2.8  루비콘 2도어,디젤,158351,2007,검정색,경기,1600,2WD
63680,지프,컴패스,2.4 리미티드,가솔린,161200,2010,검정색,경기,490,2WD
63742,지프,체로키,3.0  오버랜드서밋,디젤,147119,2015,검정색,경기,2350,2WD
63744,지프,체로키,3.6 리미티드,가솔린,31398,2019,검정색,경기,3599,2WD
63801,지프,체로키,3.6 리미티드,가솔린,31398,2019,검정색,경기,3599,2WD
63916,지프,랭글러,2.0 루비콘 2도어,가솔린,17564,2020,검정색,서울,4990,2WD
64008,지프,랭글러,2.8  루비콘 2도어,디젤,145805,2012,검정색,경기,1620,2WD
64041,지프,컴패스,2.4 리미티드,가솔린,66431,2012,검정색,경기,960,2WD
64045,지프,체로키,3.0  라레도,디젤,178408,2012,검정색,인천,1160,2WD
64065,지프,체로키,3.0  라레도,디젤,168912,2011,검정색,경기,1340,2WD
64076,지프,랭글러,2.0 스포츠 4도어,가솔린,7500,2018,검정색,인천,4550,2WD
64080,지프,컴패스,2.4 리미티드,가솔린,151236,2014,검정색,서울,870,2WD
64099,지프,레니게이드,2.0  리미티드 ,디젤,132609,2015,검정색,경기,1590,AWD
64113,지프,랭글러,2.0 루비콘 하이 4도어,가솔린,35534,2018,검정색,충남,4936,2WD
64119,지프,체로키,3.0  오버랜드서밋,디젤,115097,2014,검정색,경기,2450,2WD
64121,지프,체로키,3.6 라레도,가솔린,107476,2012,검정색,경기,1360,2WD
64143,지프,체로키,3.6 오버랜드,가솔린,12898,2020,검정색,서울,4550,2WD
64149,지프,레니게이드,2.0  리미티드 ,디젤,132609,2015,검정색,경기,1590,AWD
64167,지프,체로키,2.0  론지튜드 ,디젤,68644,2015,검정색,경기,1980,AWD
64169,지프,레니게이드,2.4 리미티드 ,가솔린,12961,2019,검정색,광주,2950,AWD
64182,지프,체로키,3.0  라레도,디젤,292860,2005,검정색,대전,360,2WD
64196,지프,체로키,2.0  론지튜드 ,디젤,68644,2015,검정색,경기,1980,AWD
64203,지프,레니게이드,2.4 리미티드 ,가솔린,12961,2019,검정색,광주,2950,AWD
64212,지프,체로키,3.0  오버랜드,디젤,98652,2016,검정색,경기,3099,2WD
64237,지프,체로키,2.4 론지튜드 하이 ,가솔린,19432,2019,검정색,울산,2870,AWD
64247,지프,체로키,3.0  오버랜드,디젤,98652,2016,검정색,경기,3099,2WD
64250,지프,체로키,3.0  오버랜드서밋,디젤,78227,2015,검정색,경기,3130,2WD
64275,지프,체로키,2.4 론지튜드 하이 ,가솔린,34915,2018,검정색,경기,2590,AWD
64292,지프,체로키,2.4 론지튜드 하이 ,가솔린,34915,2018,검정색,경기,2590,AWD
64311,지프,체로키,2.0  리미티드 ,디젤,119281,2015,검정색,부산,1730,4WD
64346,지프,랭글러,3.6 루비콘 4도어,가솔린,122457,2017,검정색,충남,2930,2WD
64353,지프,체로키,2.4 론지튜드 하이 ,가솔린,34915,2018,검정색,경기,2590,AWD
64398,지프,랭글러,3.6 루비콘 4도어,가솔린,122457,2017,검정색,충남,2930,2WD
64400,지프,체로키,3.6 리미티드,가솔린,16081,2018,검정색,경기,3470,2WD
64410,지프,체로키,3.0  리미티드,디젤,182949,2014,검정색,경기,1660,2WD
64424,지프,랭글러,3.6 루비콘 2도어,가솔린,68121,2016,검정색,경기,3350,2WD
64453,지프,컴패스,2.4 리미티드,가솔린,110189,2010,검정색,경기,550,2WD
64516,지프,체로키,3.0  라레도,디젤,105387,2012,검정색,경기,1540,2WD
64534,지프,랭글러,2.0 오버랜드 파워 탑 4도어,가솔린,15320,2020,검정색,경기,5899,2WD
64539,지프,글래디에이터,3.6 루비콘,가솔린,6732,2020,검정색,서울,6299,2WD
64564,지프,랭글러,2.0 루비콘 4도어 레콘 에디션,가솔린,28602,2020,검정색,경기,5550,2WD
64567,지프,컴패스,2.4 론지튜드,가솔린,21001,2019,검정색,경기,2490,2WD
64569,지프,랭글러,2.0 오버랜드 파워 탑 4도어,가솔린,15320,2020,검정색,경기,5899,2WD
64589,지프,랭글러,2.0 오버랜드 파워 탑 4도어,가솔린,15320,2020,검정색,경기,5899,2WD
64609,지프,랭글러,2.0 루비콘 4도어 레콘 에디션,가솔린,28602,2020,검정색,경기,5550,2WD
64627,지프,컴패스,2.4 론지튜드,가솔린,21001,2019,검정색,경기,2490,2WD
64641,지프,체로키,3.6 오버랜드,가솔린,10305,2021,검정색,부산,4990,2WD
64653,지프,랭글러,2.0 루비콘 2도어,가솔린,2536,2021,검정색,부산,5190,2WD
64656,지프,체로키,3.6 80주년 에디션,가솔린,1344,2021,검정색,경기,4950,2WD
64674,지프,레니게이드,2.4 리미티드,가솔린,6892,2021,검정색,서울,3250,2WD
64695,지프,체로키,3.6 오버랜드,가솔린,10305,2021,검정색,부산,4990,2WD
64707,지프,랭글러,2.0 루비콘 2도어,가솔린,2536,2021,검정색,부산,5190,2WD
64728,지프,체로키,3.6 오버랜드,가솔린,27620,2019,검정색,서울,4149,2WD
64739,지프,체로키,3.6 오버랜드,가솔린,9350,2020,검정색,경기,4790,2WD
64753,지프,컴패스,2.4 리미티드,가솔린,38193,2016,검정색,경기,1480,2WD
64795,지프,체로키,3.6 오버랜드,가솔린,9350,2020,검정색,경기,4790,2WD
64836,지프,체로키,3.0  오버랜드서밋,디젤,128505,2015,검정색,대구,2850,2WD
64852,지프,체로키,3.0  오버랜드서밋,디젤,79130,2016,검정색,인천,3350,2WD
64870,지프,체로키,3.0  오버랜드서밋,디젤,79130,2016,검정색,인천,3350,2WD
64877,지프,체로키,3.0  오버랜드서밋,디젤,23108,2018,검정색,부산,4999,2WD
64895,지프,체로키,3.0  오버랜드서밋,디젤,142799,2014,검정색,경기,2180,2WD
64923,지프,컴패스,2.4 리미티드,가솔린,186500,2008,검정색,인천,399,2WD
64936,지프,컴패스,2.4 리미티드,가솔린,84424,2013,검정색,경기,1050,2WD
64987,지프,레니게이드,2.4 론지튜드,가솔린,37343,2017,검정색,부산,2030,2WD
65000,지프,레니게이드,2.4 론지튜드,가솔린,37343,2017,검정색,부산,2030,2WD
65016,지프,체로키,3.6 오버랜드,가솔린,91000,2019,검정색,전남,3650,2WD
65025,지프,체로키,3.6 서밋,가솔린,12880,2020,검정색,대구,5099,2WD
65063,지프,체로키,3.0  오버랜드서밋,디젤,57000,2018,검정색,대구,4050,2WD
65172,지프,랭글러,4.0,가솔린,145948,2000,검정색,서울,2500,2WD
65201,지프,체로키,3.6 리미티드,가솔린,163660,2015,검정색,경기,2150,2WD
65249,지프,레니게이드,2.4 리미티드,가솔린,4205,2021,검정색,경기,3250,2WD
65270,지프,레니게이드,2.4 리미티드,가솔린,5485,2020,검정색,경기,3000,2WD
65314,지프,체로키,3.0  오버랜드서밋,디젤,59270,2015,검정색,경기,3200,2WD
65361,지프,체로키,3.0  오버랜드서밋,디젤,59270,2015,검정색,경기,3200,2WD
65438,지프,체로키,3.6 라레도,가솔린,124890,2011,검정색,서울,1099,2WD
65492,지프,체로키,3.0  오버랜드서밋,디젤,70709,2015,검정색,서울,2950,2WD
65495,지프,레니게이드,2.4 리미티드,가솔린,17213,2020,검정색,경기,2890,2WD
65544,지프,체로키,2.4 론지튜드 ,가솔린,45225,2019,검정색,경기,2500,AWD
65587,지프,체로키,3.6 오버랜드,가솔린,91000,2016,검정색,대전,2800,2WD
65602,지프,랭글러,2.0 사하라 4도어,가솔린,52957,2018,검정색,경기,4480,2WD
65618,지프,컴패스,2.4 리미티드,가솔린,33096,2016,검정색,경기,1550,2WD
65664,지프,레니게이드,2.4 론지튜드,가솔린,38788,2016,검정색,경기,1790,2WD
65684,지프,랭글러,3.6 루비콘 4도어,가솔린,37000,2016,검정색,경기,3530,2WD
65730,지프,랭글러,3.6 스포츠 2도어,가솔린,33274,2017,검정색,경기,2990,2WD
65738,지프,랭글러,3.6 스포츠 2도어,가솔린,33274,2017,검정색,경기,2990,2WD
65771,지프,컴패스,2.4 리미티드,가솔린,56240,2015,검정색,경기,1299,2WD
65813,지프,체로키,3.6 리미티드,가솔린,83348,2017,검정색,대구,2990,2WD
65861,지프,체로키,3.6 오버랜드,가솔린,18380,2019,검정색,충북,4290,2WD
65890,지프,체로키,3.0  오버랜드서밋,디젤,29917,2018,검정색,경기,4690,2WD
66049,지프,체로키,3.0  오버랜드,디젤,139130,2014,검정색,강원,2390,2WD
66057,지프,체로키,3.0  오버랜드서밋,디젤,101880,2015,검정색,부산,2980,2WD
66112,지프,체로키,3.0  리미티드,디젤,117409,2014,검정색,경기,2199,2WD
66237,지프,레니게이드,2.4 리미티드,가솔린,20701,2019,검정색,서울,2730,2WD
66246,지프,체로키,3.2 오버랜드 ,가솔린,12237,2020,검정색,부산,3740,AWD
66248,지프,체로키,3.6 리미티드-X,가솔린,29176,2019,검정색,대전,4250,2WD
66249,지프,레니게이드,2.4 리미티드,가솔린,20701,2019,검정색,서울,2730,2WD
66251,지프,체로키,3.2 오버랜드 ,가솔린,12237,2020,검정색,부산,3740,AWD
66263,지프,체로키,3.0  오버랜드서밋,디젤,94503,2015,검정색,충북,3180,2WD
66300,지프,체로키,3.0  리미티드,디젤,102033,2014,검정색,충북,2380,2WD
66362,지프,레니게이드,2.4 론지튜드,가솔린,55541,2016,검정색,대전,1690,2WD
66388,지프,체로키,3.0  리미티드,디젤,52335,2017,검정색,경기,2980,2WD
66410,지프,체로키,3.0  오버랜드,디젤,196707,2014,검정색,경기,1830,2WD
66476,지프,컴패스,2.4 리미티드,가솔린,92070,2014,검정색,경기,1060,2WD
66492,지프,글래디에이터,3.6 루비콘,가솔린,41874,2021,검정색,대전,5950,2WD
66593,지프,체로키,2.2  리미티드 ,디젤,80132,2016,검정색,경기,2280,4WD
66616,지프,랭글러,3.6 사하라 4도어,가솔린,61369,2016,검정색,경기,3039,2WD
66649,지프,체로키,2.2  리미티드 ,디젤,55284,2016,검정색,경기,2390,4WD
66698,지프,랭글러,2.8  사하라 4도어,디젤,147574,2014,검정색,서울,2530,2WD
66703,지프,체로키,3.0  오버랜드서밋,디젤,70708,2015,검정색,서울,2950,2WD
66721,지프,체로키,2.4 론지튜드 ,가솔린,19422,2019,검정색,울산,2890,AWD
66819,지프,체로키,3.6 리미티드,가솔린,26000,2019,검정색,울산,3850,2WD
66830,지프,체로키,3.0  오버랜드서밋,디젤,67117,2018,검정색,경기,3750,2WD
66872,지프,체로키,2.4 론지튜드 하이 ,가솔린,19367,2018,검정색,경기,2590,AWD
66873,지프,체로키,2.4 론지튜드 하이 ,가솔린,19367,2018,검정색,경기,2590,AWD
66916,지프,레니게이드,2.4 론지튜드,가솔린,51993,2016,검정색,부산,1850,2WD
67017,지프,랭글러,2.8  사하라 2도어,디젤,116090,2012,검정색,경기,2470,2WD
67033,지프,체로키,3.6 리미티드,가솔린,87589,2017,검정색,경기,2870,2WD
67034,지프,체로키,3.0  오버랜드서밋,디젤,91598,2014,검정색,경기,2800,2WD
67035,지프,체로키,2.4 론지튜드 하이 ,가솔린,114224,2018,검정색,경기,2100,AWD
67164,지프,체로키,2.4 론지튜드 하이 ,가솔린,21713,2019,검정색,경기,3040,AWD
67166,지프,체로키,2.0  론지튜드 ,디젤,76556,2015,검정색,인천,1750,AWD
67176,지프,랭글러,3.6 사하라 4도어,가솔린,77441,2017,검정색,울산,3590,2WD
67222,지프,체로키,2.0  리미티드 ,디젤,70931,2014,검정색,서울,1790,4WD
67223,지프,랭글러,2.8  루비콘 4도어,디젤,228000,2013,검정색,경기,2400,2WD
67290,지프,랭글러,2.8  루비콘 2도어,디젤,54412,2014,검정색,경기,2790,2WD
67323,지프,체로키,3.0  오버랜드서밋,디젤,132276,2014,검정색,경기,2330,2WD
67395,지프,체로키,3.6 리미티드-X,가솔린,26696,2020,검정색,경기,4350,2WD
67398,지프,체로키,3.6 리미티드-X,가솔린,26696,2020,검정색,경기,4350,2WD
67434,지프,체로키,3.0  오버랜드,디젤,14484,2019,검정색,인천,4499,2WD
67442,지프,랭글러,2.8  루비콘 2도어,디젤,171054,2010,검정색,인천,1470,2WD
67458,지프,체로키,3.6 오버랜드,가솔린,19510,2018,검정색,서울,3999,2WD
67565,지프,랭글러,2.0 사하라 4도어,가솔린,30953,2018,검정색,전북,4250,2WD
67600,지프,컴패스,2.4 리미티드,가솔린,51878,2017,검정색,경기,1780,2WD
67696,지프,체로키,2.4 론지튜드 하이 ,가솔린,40111,2019,검정색,경기,2580,AWD
67699,지프,체로키,2.4 론지튜드 하이 ,가솔린,40111,2019,검정색,경기,2580,AWD
67758,지프,체로키,3.6 오버랜드,가솔린,130239,2014,검정색,인천,1990,2WD
67782,지프,컴패스,2.4 리미티드,가솔린,219067,2008,검정색,경기,390,2WD
68104,지프,체로키,2.4 론지튜드 하이 ,가솔린,26209,2019,검정색,경기,2750,AWD
68109,지프,컴패스,2.4 론지튜드,가솔린,58528,2018,검정색,경기,2170,2WD
68264,지프,체로키,3.6 리미티드,가솔린,57583,2019,검정색,부산,3150,2WD
68305,지프,컴패스,2.4 론지튜드,가솔린,35903,2018,검정색,인천,2320,2WD
68421,지프,글래디에이터,3.6 루비콘,가솔린,17124,2021,검정색,경기,6370,2WD
68532,지프,체로키,3.0  오버랜드,디젤,75853,2014,검정색,경기,2580,2WD
68567,지프,체로키,3.6 서밋,가솔린,54686,2019,검정색,경기,4490,2WD
68569,지프,랭글러,2.0 사하라 4도어,가솔린,25900,2019,검정색,경기,4850,2WD
68609,지프,체로키,3.6 리미티드,가솔린,22299,2020,검정색,경기,3930,2WD
68612,지프,체로키,3.6 리미티드,가솔린,22299,2020,검정색,경기,3930,2WD
68652,지프,레니게이드,2.0  리미티드 ,디젤,114153,2016,검정색,인천,1660,AWD
68667,지프,체로키,2.2  리미티드 ,디젤,149949,2016,검정색,경기,1630,4WD
68686,지프,체로키,3.0  오버랜드서밋,디젤,88000,2015,검정색,전북,3070,2WD
68725,지프,체로키,3.6 리미티드,가솔린,70196,2017,검정색,경기,2890,2WD
68776,지프,글래디에이터,3.6 루비콘,가솔린,5105,2021,검정색,경기,6200,2WD
68818,지프,랭글러,2.0 루비콘 하이 4도어,가솔린,5366,2020,검정색,대구,7300,2WD
68847,지프,컴패스,2.4 리미티드,가솔린,123000,2009,검정색,부산,530,2WD
68885,지프,체로키,3.0  오버랜드서밋,디젤,39347,2018,검정색,서울,4530,2WD
68979,지프,체로키,3.0  오버랜드,디젤,92485,2015,검정색,경기,2990,2WD
69199,지프,랭글러,3.6 루비콘 2도어,가솔린,59000,2016,검정색,전남,2850,2WD
69291,지프,체로키,2.2  리미티드 ,디젤,91065,2017,검정색,경기,2250,4WD
69317,지프,랭글러,3.6 스포츠 2도어,가솔린,121000,2015,검정색,인천,2080,2WD
69347,지프,체로키,3.6 서밋,가솔린,11461,2020,검정색,경기,4990,2WD
69362,지프,체로키,4.7 리미티드,가솔린,84690,2007,검정색,서울,970,2WD
69375,지프,랭글러,3.8 70th 애니버셔리,가솔린,136000,2011,검정색,경기,2950,2WD
69397,지프,체로키,3.0  라레도,디젤,178500,2007,검정색,대구,990,2WD
69676,지프,랭글러,2.8  루비콘 4도어,디젤,176155,2013,검정색,대구,2100,2WD
69706,지프,컴패스,2.4 리미티드,가솔린,28564,2016,검정색,경기,9999,2WD
69707,지프,컴패스,2.4 리미티드,가솔린,28564,2016,검정색,경기,9999,2WD
69715,지프,체로키,3.0  오버랜드서밋,디젤,12000,2020,검정색,광주,5300,2WD
69719,지프,랭글러,3.6 사하라 4도어,가솔린,88443,2016,검정색,대구,3150,2WD
69737,지프,체로키,3.6 오버랜드,가솔린,38234,2017,검정색,경기,3700,2WD
69738,지프,체로키,3.6 오버랜드,가솔린,38234,2017,검정색,경기,3700,2WD
69903,지프,랭글러,2.8  루비콘 4도어,디젤,104450,2013,기타,울산,2520,2WD
70004,지프,컴패스,2.4 리미티드,가솔린,34470,2018,기타,경기,2420,2WD
70443,지프,랭글러,2.0 루비콘 하이 4도어,가솔린,33744,2019,기타,충남,5190,2WD
70450,지프,랭글러,2.0 루비콘 하이 4도어,가솔린,33744,2019,기타,충남,5190,2WD
70540,지프,글래디에이터,3.6 루비콘,가솔린,6000,2020,기타,서울,6370,2WD
70732,지프,레니게이드,2.4 리미티드,가솔린,9366,2019,기타,경기,2799,2WD
70736,지프,레니게이드,2.4 리미티드,가솔린,9366,2019,기타,경기,2799,2WD
70764,지프,체로키,2.2  리미티드 ,디젤,59166,2016,기타,대구,2380,4WD
70863,지프,랭글러,3.6 사하라 4도어,가솔린,48178,2017,기타,대구,4300,2WD
70986,지프,랭글러,2.8  폴라 에디션,디젤,140000,2014,기타,경기,3050,2WD
71102,지프,랭글러,사하라 2도어,가솔린,118446,2005,기타,서울,1890,2WD
71128,지프,랭글러,2.8  폴라 에디션,디젤,83000,2014,기타,제주,4300,2WD
71181,지프,랭글러,3.6 루비콘 4도어,가솔린,48178,2017,기타,대구,4300,2WD
71346,지프,랭글러,4.0,가솔린,111000,2005,기타,경기,1950,2WD
71347,지프,랭글러,4.0,가솔린,111158,2005,기타,경기,1950,2WD
71355,지프,랭글러,2.8  루비콘 4도어,디젤,100291,2011,기타,경기,2300,2WD
71424,지프,글래디에이터,3.6 루비콘,가솔린,7290,2021,기타,경기,6040,2WD
71455,지프,체로키,3.0  라레도,디젤,131422,2013,기타,경기,2250,2WD
71456,지프,체로키,3.0  라레도,디젤,131422,2013,기타,경기,2250,2WD
71930,지프,랭글러,루비콘 2도어,가솔린,104872,2005,기타,경기,1800,2WD
72249,지프,체로키,3.0  오버랜드서밋,디젤,125515,2015,기타,경남,2350,2WD
72268,지프,랭글러,3.6 스포츠 2도어,가솔린,46500,2015,기타,경북,3050,2WD
72288,지프,컴패스,2.4 리미티드,가솔린,46410,2014,기타,경기,1270,2WD
72290,지프,컴패스,2.4 리미티드,가솔린,46410,2014,기타,경기,1270,2WD
72326,지프,랭글러,2.0 루비콘 하이 4도어,가솔린,31395,2019,기타,경기,5890,2WD
72351,지프,레니게이드,2.4 론지튜드 하이,가솔린,80000,2018,기타,대전,1870,2WD
72352,지프,레니게이드,2.0  리미티드 ,디젤,106000,2015,기타,대전,1580,AWD
72358,지프,레니게이드,2.0  리미티드 ,디젤,82000,2015,기타,인천,1450,AWD
72362,지프,레니게이드,2.0  리미티드 ,디젤,107877,2015,기타,경기,1480,AWD
72416,지프,랭글러,2.8  사하라 4도어,디젤,132001,2014,기타,경기,2450,2WD
72419,지프,랭글러,4.0,가솔린,343507,1997,기타,경기,1700,2WD
72420,지프,레니게이드,2.4 리미티드,가솔린,9500,2019,기타,인천,2750,2WD
72465,지프,랭글러,3.6 루비콘 4도어,가솔린,80880,2016,기타,경기,3399,2WD
72466,지프,랭글러,2.0 루비콘 하이 4도어,가솔린,19000,2020,기타,대전,5450,2WD
72467,지프,랭글러,3.6 스포츠 2도어,가솔린,56509,2016,기타,경북,2990,2WD
72503,지프,체로키,4.0,가솔린,254317,1996,기타,대전,450,2WD
72504,지프,레니게이드,2.0  론지튜드 ,디젤,75494,2017,기타,부산,1980,AWD
72505,지프,레니게이드,2.0  론지튜드 ,디젤,75494,2017,기타,부산,1980,AWD
72507,지프,컴패스,2.4 리미티드,가솔린,41831,2019,기타,경기,2350,2WD
72539,지프,체로키,3.0  라레도,디젤,118568,2011,기타,경기,1399,2WD
72549,지프,체로키,3.6 오버랜드,가솔린,33420,2019,회색,인천,4120,2WD
72596,지프,체로키,3.6 오버랜드,가솔린,33420,2019,회색,인천,4120,2WD
72597,지프,체로키,3.0  오버랜드,디젤,143779,2012,회색,인천,1590,2WD
72608,지프,체로키,3.6 리미티드,가솔린,7273,2020,회색,대구,3990,2WD
72661,지프,랭글러,2.8  루비콘 4도어,디젤,77941,2013,회색,서울,3980,2WD
72698,지프,랭글러,2.0 오버랜드 4도어,가솔린,29537,2019,회색,경기,5250,2WD
72772,지프,체로키,2.4 론지튜드 하이 ,가솔린,39891,2018,회색,경기,2149,AWD
72798,지프,체로키,3.0  오버랜드서밋,디젤,106043,2016,회색,경기,3190,2WD
72807,지프,랭글러,2.0 루비콘 2도어,가솔린,6615,2020,회색,광주,5140,2WD
72818,지프,체로키,3.6 오버랜드,가솔린,22282,2020,회색,충남,4300,2WD
72824,지프,체로키,3.0  오버랜드서밋,디젤,106043,2016,회색,경기,3190,2WD
72843,지프,랭글러,2.0 루비콘 2도어,가솔린,6615,2020,회색,광주,5140,2WD
72895,지프,체로키,3.0  라레도,디젤,180018,2012,회색,인천,1070,2WD
72896,지프,랭글러,2.5,가솔린,201471,1995,회색,경기,1350,2WD
72947,지프,체로키,2.0  론지튜드 ,디젤,122372,2015,회색,경기,1490,AWD
72948,지프,글래디에이터,3.6 루비콘,가솔린,14992,2020,회색,인천,5890,2WD
73096,지프,체로키,3.0  오버랜드서밋,디젤,122174,2015,회색,광주,2890,2WD
73141,지프,레니게이드,2.0  리미티드 ,디젤,80794,2016,회색,서울,1980,AWD
73142,지프,랭글러,2.0 오버랜드 파워 탑 4도어,가솔린,32521,2020,회색,경기,5750,2WD
73158,지프,체로키,2.4 론지튜드 하이 ,가솔린,99826,2019,회색,경기,2260,AWD
73159,지프,체로키,2.4 론지튜드 하이 ,가솔린,83938,2019,회색,경기,2120,AWD
73192,지프,체로키,2.4 론지튜드 하이 ,가솔린,99826,2019,회색,경기,2260,AWD
73193,지프,체로키,2.4 론지튜드 하이 ,가솔린,83938,2019,회색,경기,2120,AWD
73206,지프,체로키,2.2  리미티드 ,디젤,114333,2016,회색,광주,1999,4WD
73224,지프,체로키,3.0  오버랜드서밋,디젤,51526,2019,회색,부산,4690,2WD
73244,지프,체로키,3.0  오버랜드서밋,디젤,51526,2019,회색,부산,4690,2WD
73281,지프,체로키,3.6 서밋,가솔린,8109,2020,회색,광주,5090,2WD
73299,지프,컴패스,2.4 리미티드,가솔린,56001,2015,회색,경기,1540,2WD
73302,지프,체로키,2.0  리미티드 ,디젤,112897,2014,회색,인천,1490,4WD
73322,지프,컴패스,2.4 리미티드,가솔린,56001,2015,회색,경기,1540,2WD
73329,지프,체로키,3.0  오버랜드,디젤,124331,2014,회색,전북,2390,2WD
73338,지프,체로키,2.4 론지튜드 하이 ,가솔린,23510,2019,회색,광주,2900,AWD
73361,지프,체로키,2.4 론지튜드 하이 ,가솔린,23510,2019,회색,광주,2900,AWD
73407,지프,레니게이드,2.4 리미티드,가솔린,39564,2019,회색,경기,2600,2WD
73415,지프,레니게이드,2.0  트레일호크 ,디젤,87487,2017,회색,서울,4999,AWD
73460,지프,컴패스,2.4 리미티드,가솔린,135816,2011,회색,인천,740,2WD
73486,지프,레니게이드,2.4 론지튜드,가솔린,70050,2017,회색,인천,1630,2WD
73582,지프,컴패스,2.4 스포츠,가솔린,130293,2012,회색,대전,599,2WD
73697,지프,레니게이드,2.4 론지튜드,가솔린,66671,2019,회색,전북,2199,2WD
73745,지프,체로키,2.4 론지튜드 하이 ,가솔린,25162,2019,회색,서울,2830,AWD
73747,지프,랭글러,2.0 루비콘 파워 탑 4도어,가솔린,6350,2021,회색,경기,5851,2WD
73789,지프,체로키,3.6 서밋,가솔린,30070,2019,회색,경기,4500,2WD
73825,지프,랭글러,2.0 오버랜드 파워 탑 4도어,가솔린,32082,2020,회색,경기,5690,2WD
73856,지프,체로키,3.0  리미티드,디젤,89282,2017,회색,경기,2980,2WD
73867,지프,체로키,3.6 리미티드,가솔린,74271,2018,회색,경기,2980,2WD
73880,지프,레니게이드,2.4 리미티드,가솔린,4257,2021,회색,경기,3180,2WD
73889,지프,체로키,3.6 리미티드,가솔린,74271,2018,회색,경기,2980,2WD
73948,지프,체로키,3.6 리미티드,가솔린,32440,2018,회색,경기,3290,2WD
73954,지프,체로키,3.6 리미티드,가솔린,32440,2018,회색,경기,3290,2WD
73960,지프,체로키,2.4 론지튜드 ,가솔린,68973,2015,회색,서울,1720,AWD
73964,지프,체로키,3.6 오버랜드,가솔린,33930,2019,회색,경기,3900,2WD
73969,지프,체로키,2.0  론지튜드 ,디젤,85215,2014,회색,경기,1690,AWD
73985,지프,체로키,2.4 론지튜드 ,가솔린,68973,2015,회색,서울,1720,AWD
73994,지프,체로키,3.6 오버랜드,가솔린,33930,2019,회색,경기,3900,2WD
74038,지프,컴패스,2.4 론지튜드,가솔린,28391,2018,회색,인천,2299,2WD
74062,지프,컴패스,2.4 론지튜드,가솔린,28391,2018,회색,인천,2299,2WD
74120,지프,체로키,2.0  론지튜드 ,디젤,80684,2015,회색,경기,1630,AWD
74133,지프,체로키,2.0  론지튜드 ,디젤,80684,2015,회색,경기,1630,AWD
74141,지프,랭글러,3.6 스포츠 2도어,가솔린,24481,2017,회색,경기,2920,2WD
74173,지프,랭글러,2.8  사하라 4도어,디젤,176290,2013,회색,경기,1890,2WD
74253,지프,레니게이드,2.0  론지튜드 ,디젤,64338,2016,회색,부산,1990,AWD
74264,지프,글래디에이터,3.6 루비콘,가솔린,281,2021,회색,서울,6450,2WD
74316,지프,컴패스,2.4 리미티드,가솔린,82500,2018,회색,경기,2250,2WD
74327,지프,컴패스,2.4 리미티드,가솔린,82423,2014,회색,경기,1150,2WD
74332,지프,컴패스,2.4 리미티드,가솔린,82500,2018,회색,경기,2250,2WD
74339,지프,체로키,2.4 론지튜드 ,가솔린,113529,2014,회색,울산,1480,AWD
74351,지프,체로키,3.6 리미티드,가솔린,89000,2018,회색,경기,2870,2WD
74355,지프,컴패스,2.4 론지튜드,가솔린,63626,2018,회색,경기,1870,2WD
74385,지프,체로키,3.0  오버랜드,디젤,155035,2014,회색,경기,1930,2WD
74491,지프,컴패스,2.4 리미티드,가솔린,182889,2014,회색,서울,780,2WD
74492,지프,글래디에이터,3.6 루비콘,가솔린,37,2021,회색,경기,6450,2WD
74593,지프,체로키,3.6 오버랜드,가솔린,51203,2019,회색,부산,3830,2WD
74662,지프,레니게이드,2.4 론지튜드 하이,가솔린,52000,2017,회색,대전,1990,2WD
74767,지프,랭글러,2.0 루비콘 파워 탑 4도어,가솔린,7171,2019,회색,대구,5490,2WD
74794,지프,레니게이드,2.4 론지튜드,가솔린,68382,2016,회색,경기,1750,2WD
74807,지프,랭글러,2.0 루비콘 2도어,가솔린,10000,2020,회색,서울,5099,2WD
74832,지프,체로키,2.4 리미티드 ,가솔린,288,2021,회색,경기,9999,2WD
74847,지프,체로키,2.4 론지튜드 하이 ,가솔린,52963,2016,회색,울산,2090,AWD
74892,지프,체로키,3.0  리미티드,디젤,75575,2014,회색,경기,2490,2WD
74901,지프,체로키,3.0  리미티드,디젤,75575,2014,회색,경기,2490,2WD
74903,지프,컴패스,2.4 리미티드,가솔린,34448,2018,회색,경기,2470,2WD
74918,지프,컴패스,2.4 리미티드,가솔린,34448,2018,회색,경기,2470,2WD
74950,지프,컴패스,2.4 리미티드,가솔린,104033,2017,회색,경기,1280,2WD
74951,지프,체로키,3.6 라레도,가솔린,122152,2013,회색,경기,1399,2WD
74967,지프,랭글러,2.0 루비콘 파워 탑 4도어,가솔린,9134,2021,회색,경기,6099,2WD
74978,지프,랭글러,2.0 루비콘 파워 탑 4도어,가솔린,9134,2021,회색,경기,6099,2WD
74982,지프,컴패스,2.4 리미티드,가솔린,82423,2014,회색,경기,1150,2WD
75004,지프,컴패스,2.4 리미티드,가솔린,60825,2018,회색,대구,2290,2WD
75056,지프,체로키,2.2  리미티드 ,디젤,119253,2016,회색,경기,1980,4WD
75061,지프,컴패스,2.4 리미티드,가솔린,105183,2011,회색,경기,750,2WD
75163,지프,랭글러,3.6 루비콘 2도어,가솔린,33000,2017,회색,서울,3350,2WD
75293,지프,랭글러,3.6 사하라 4도어,가솔린,72710,2017,회색,경기,3450,2WD
75404,지프,컴패스,2.4 블랙 에디션,가솔린,64195,2013,회색,경기,1130,2WD
75462,지프,체로키,3.0  오버랜드서밋,디젤,175071,2014,회색,경기,2050,2WD
75524,지프,체로키,2.4 론지튜드 ,가솔린,35973,2015,회색,경기,2190,AWD
75536,지프,컴패스,2.4 리미티드,가솔린,35824,2018,회색,경기,2550,2WD
75544,지프,랭글러,3.6 루비콘 2도어,가솔린,22244,2017,회색,경기,9999,2WD
75553,지프,체로키,3.0  오버랜드서밋,디젤,151564,2015,회색,인천,2100,2WD
75576,지프,체로키,3.0  라레도,디젤,120708,2013,회색,서울,1380,2WD
75590,지프,체로키,3.6 오버랜드,가솔린,28357,2019,회색,경남,4050,2WD
75629,지프,랭글러,3.6 스포츠 2도어,가솔린,102840,2014,회색,경기,2280,2WD
75687,지프,레니게이드,2.4 론지튜드,가솔린,2640,2020,회색,충북,2770,2WD
75807,지프,컴패스,2.4 리미티드,가솔린,136155,2014,회색,서울,920,2WD
75937,지프,체로키,2.4 론지튜드 ,가솔린,58277,2019,회색,경기,2390,AWD
75975,지프,체로키,3.6 리미티드,가솔린,75005,2017,회색,부산,2890,2WD
75976,지프,체로키,3.6 리미티드,가솔린,75005,2017,회색,부산,2890,2WD
75981,지프,체로키,2.0  론지튜드 ,디젤,111874,2015,회색,부산,1590,AWD
75984,지프,체로키,2.0  론지튜드 ,디젤,111874,2015,회색,부산,1590,AWD
75989,지프,체로키,2.4 론지튜드 하이 ,가솔린,66374,2018,회색,경기,2100,AWD
76009,지프,체로키,3.6 리미티드,가솔린,109645,2018,회색,부산,2750,2WD
76010,지프,체로키,3.6 리미티드,가솔린,109645,2018,회색,부산,2750,2WD
76062,지프,체로키,3.0  오버랜드서밋,디젤,115000,2015,회색,충북,2990,2WD
76139,지프,체로키,2.4 론지튜드 ,가솔린,47536,2018,회색,경기,2180,AWD
76140,지프,체로키,2.4 론지튜드 ,가솔린,47536,2018,회색,경기,2180,AWD
76213,지프,컴패스,2.4 리미티드,가솔린,30274,2019,회색,경기,2580,2WD
76222,지프,글래디에이터,3.6 루비콘,가솔린,6000,2020,회색,경기,6200,2WD
76293,지프,체로키,2.4 론지튜드 하이 ,가솔린,26505,2019,회색,대구,2690,AWD
76337,지프,체로키,2.4 론지튜드 ,가솔린,99748,2017,회색,경기,1830,AWD
76343,지프,글래디에이터,3.6 루비콘,가솔린,17600,2021,회색,광주,5950,2WD
76444,지프,랭글러,2.8  사하라 4도어,디젤,117000,2014,회색,경북,8888,2WD
76447,지프,체로키,2.4 론지튜드 하이 ,가솔린,63750,2018,회색,서울,2370,AWD
76448,지프,체로키,2.4 론지튜드 하이 ,가솔린,63750,2018,회색,서울,2370,AWD
76584,지프,체로키,3.0  오버랜드서밋,디젤,76633,2018,회색,전북,4100,2WD
76609,지프,랭글러,3.6 루비콘 4도어,가솔린,110000,2016,회색,서울,4600,2WD
76671,지프,랭글러,3.6 스포츠 2도어,가솔린,72895,2017,회색,부산,2490,2WD
76717,지프,랭글러,2.5,가솔린,290100,1997,기타,대구,1600,2WD
76763,지프,체로키,3.0  오버랜드,디젤,130799,2014,기타,광주,2150,2WD
76765,지프,랭글러,4.0,가솔린,127221,1992,기타,경기,3500,2WD
76774,지프,체로키,3.0  오버랜드서밋,디젤,97643,2014,기타,경기,2590,2WD
76793,지프,체로키,2.7  라레도,디젤,275154,2004,기타,광주,385,2WD
76801,지프,레니게이드,2.0  리미티드 ,디젤,74000,2015,기타,경기,1330,AWD
76809,지프,체로키,3.0  오버랜드서밋,디젤,180239,2014,기타,경기,2150,2WD
76833,지프,체로키,2.0  론지튜드 ,디젤,113284,2015,흰색,서울,1500,AWD
76839,지프,체로키,2.0  론지튜드 ,디젤,113284,2015,흰색,서울,1500,AWD
77088,지프,컴패스,2.4 리미티드,가솔린,16403,2019,흰색,부산,2783,2WD
77219,지프,체로키,3.0  오버랜드서밋,디젤,97440,2015,흰색,부산,2680,2WD
77229,지프,컴패스,2.4 리미티드,가솔린,101664,2017,흰색,울산,1450,2WD
77321,지프,글래디에이터,3.6 루비콘,가솔린,23,2021,기타,서울,6400,2WD
77323,지프,랭글러,2.0 스포츠 4도어 윌리스 에디션,가솔린,13805,2021,기타,경기,6000,2WD
77352,지프,레니게이드,2.4 론지튜드,가솔린,72525,2016,기타,부산,1510,2WD
77356,지프,랭글러,2.0 사하라 4도어,가솔린,35015,2018,기타,경기,4590,2WD
77368,지프,랭글러,2.8  루비콘 2도어,디젤,65457,2009,기타,서울,2130,2WD
77384,지프,레니게이드,2.4 리미티드,가솔린,12717,2020,기타,경기,2950,2WD
77389,지프,랭글러,2.0 사하라 4도어,가솔린,17989,2018,기타,경기,4890,2WD
77394,지프,랭글러,2.0 사하라 4도어,가솔린,17989,2018,기타,경기,4890,2WD
77395,지프,레니게이드,2.4 리미티드,가솔린,12717,2020,기타,경기,2950,2WD
77398,지프,랭글러,2.8  루비콘 4도어,디젤,86863,2015,기타,대구,3355,2WD
77439,지프,레니게이드,2.0  리미티드 하이 ,디젤,27017,2019,기타,경기,2780,AWD
77441,지프,글래디에이터,3.6 루비콘,가솔린,4135,2020,기타,경기,6050,2WD
77449,지프,글래디에이터,3.6 루비콘,가솔린,4135,2020,기타,경기,6050,2WD
77452,지프,레니게이드,2.0  리미티드 하이 ,디젤,27017,2019,기타,경기,2780,AWD
77457,지프,랭글러,2.8  사하라 2도어,디젤,109602,2012,기타,충남,2360,2WD
77466,지프,레니게이드,2.0  론지튜드 ,디젤,47004,2016,기타,경기,1950,AWD
77481,지프,컴패스,2.4 리미티드,가솔린,55260,2015,기타,대구,1322,2WD
77484,지프,랭글러,2.8  사하라 4도어,디젤,103000,2013,기타,인천,2310,2WD
77498,지프,랭글러,2.8  루비콘 4도어,디젤,151190,2012,기타,대구,2250,2WD
77500,지프,레니게이드,2.4 론지튜드,가솔린,37904,2017,기타,서울,1880,2WD
77503,지프,랭글러,2.8  루비콘 4도어,디젤,90871,2013,기타,경기,2700,2WD
77510,지프,체로키,3.0  오버랜드,디젤,158940,2014,기타,광주,1980,2WD
77518,지프,랭글러,사하라 2도어,가솔린,203990,2001,기타,경기,2480,2WD
77567,지프,체로키,2.4 론지튜드 ,가솔린,35053,2017,기타,경기,1990,AWD
77571,지프,랭글러,2.8  사하라 4도어,디젤,108933,2013,기타,대구,2690,2WD
77575,지프,랭글러,3.6 윈터 에디션,가솔린,111222,2017,기타,광주,3200,2WD
77581,지프,랭글러,3.6 윈터 에디션,가솔린,111222,2017,기타,광주,3200,2WD
77583,지프,랭글러,3.6 루비콘 2도어,가솔린,38325,2017,기타,대구,3130,2WD
77590,지프,글래디에이터,3.6 루비콘,가솔린,8129,2020,기타,경기,5990,2WD
77593,지프,글래디에이터,3.6 루비콘,가솔린,8129,2020,기타,경기,5990,2WD
77599,지프,컴패스,2.4 스포츠,가솔린,97886,2012,기타,충북,720,2WD
77622,지프,랭글러,2.8  루비콘 4도어,디젤,121159,2015,기타,경기,2580,2WD
77633,지프,랭글러,3.6 루비콘 4도어,가솔린,33582,2016,기타,서울,3600,2WD
77635,지프,랭글러,3.6 사하라 4도어,가솔린,73605,2017,기타,대구,3490,2WD
77647,지프,랭글러,2.0 루비콘 2도어,가솔린,15956,2020,기타,경기,4850,2WD
77651,지프,랭글러,2.0 루비콘 2도어,가솔린,15956,2020,기타,경기,4850,2WD
77657,지프,체로키,2.0  론지튜드 ,디젤,87072,2014,기타,경기,1550,AWD
77661,지프,랭글러,3.6 루비콘 4도어,가솔린,108755,2016,기타,부산,2770,2WD
77722,지프,랭글러,2.0 스포츠 4도어 윌리스 에디션,가솔린,11959,2020,기타,경기,4880,2WD
77734,지프,랭글러,3.6 루비콘 4도어,가솔린,27500,2016,기타,광주,3850,2WD
77741,지프,컴패스,2.4 리미티드,가솔린,114464,2014,기타,인천,890,2WD
77749,지프,랭글러,2.8  루비콘 4도어,디젤,80000,2013,기타,대구,2690,2WD
77782,지프,컴패스,2.4 리미티드,가솔린,150123,2013,기타,전북,800,2WD
77796,지프,랭글러,2.8  루비콘 4도어,디젤,84599,2008,기타,경기,1899,2WD
77824,지프,랭글러,2.8  루비콘 4도어,디젤,99388,2014,기타,인천,2550,2WD
77828,지프,랭글러,2.8  루비콘 4도어,디젤,140000,2010,기타,경기,2080,2WD
77829,지프,레니게이드,2.0  론지튜드 ,디젤,52852,2017,기타,전북,2050,AWD
77834,지프,랭글러,3.6 스포츠 2도어,가솔린,58281,2017,기타,경기,3490,2WD
77841,지프,글래디에이터,3.6 루비콘,가솔린,24056,2020,기타,인천,5690,2WD
77862,지프,랭글러,2.0 오버랜드 4도어,가솔린,19950,2019,기타,경남,5600,2WD
77916,지프,랭글러,2.8  루비콘 4도어,디젤,69890,2015,기타,경기,3450,2WD
77917,지프,랭글러,2.8  루비콘 4도어,디젤,69890,2015,기타,경기,3450,2WD
77946,지프,랭글러,3.6 스포츠 2도어,가솔린,38351,2017,기타,부산,2570,2WD
77948,지프,컴패스,2.4 리미티드,가솔린,19204,2018,기타,경기,2600,2WD
77967,지프,랭글러,2.8  모압 에디션,디젤,66841,2013,기타,경기,3890,2WD
77988,지프,컴패스,2.4 론지튜드,가솔린,25430,2018,기타,경기,2099,2WD
77991,지프,컴패스,2.4 론지튜드,가솔린,25430,2018,기타,경기,2099,2WD
78020,지프,랭글러,3.6 스포츠 2도어,가솔린,82692,2014,기타,경기,2190,2WD
78038,지프,레니게이드,2.0  론지튜드 ,디젤,99140,2016,기타,대전,1780,AWD
78051,지프,랭글러,2.0 스포츠 4도어,가솔린,18000,2018,기타,인천,4300,2WD
78064,지프,레니게이드,2.0  론지튜드 ,디젤,95223,2016,기타,광주,1680,AWD
78069,지프,랭글러,3.6 스포츠 2도어,가솔린,85751,2016,기타,인천,2550,2WD
78070,지프,랭글러,3.6 스포츠 2도어,가솔린,85751,2016,기타,인천,2550,2WD
78073,지프,랭글러,3.6 스포츠 2도어,가솔린,43484,2013,기타,부산,2290,2WD
78082,지프,랭글러,2.8  루비콘 4도어,디젤,139599,2011,기타,경기,2100,2WD
78113,지프,랭글러,2.0 스포츠 4도어 윌리스 에디션,가솔린,18680,2020,기타,경기,4730,2WD
78131,지프,글래디에이터,3.6 루비콘,가솔린,10300,2021,기타,경기,6400,2WD
78133,지프,체로키,3.0  오버랜드,디젤,106222,2015,기타,경기,2300,2WD
78147,지프,랭글러,2.5,가솔린,202251,1997,기타,대전,2000,2WD
78159,지프,체로키,3.6 오버랜드,가솔린,139606,2012,회색,경기,1350,2WD
78170,지프,랭글러,3.6 루비콘 4도어,가솔린,61397,2016,회색,부산,3290,2WD
78174,지프,랭글러,2.8  루비콘 2도어,디젤,90978,2012,회색,경기,2350,2WD
78352,지프,랭글러,2.8  사하라 4도어,디젤,149597,2013,회색,대전,1999,2WD
78393,지프,랭글러,2.8  루비콘 2도어,디젤,57379,2012,회색,경기,2300,2WD
78396,지프,랭글러,2.0 루비콘 하이 4도어,가솔린,34861,2018,회색,경기,5290,2WD
78406,지프,컴패스,2.4 리미티드,가솔린,130567,2013,회색,경기,750,2WD
78491,지프,레니게이드,2.4 론지튜드,가솔린,59724,2016,회색,서울,1720,2WD
78588,지프,랭글러,2.8  사하라 4도어,디젤,184455,2014,회색,경기,2100,2WD
78662,지프,랭글러,2.8  사하라 4도어,디젤,240098,2013,회색,광주,1900,2WD
78663,지프,랭글러,2.8  루비콘 4도어,디젤,103492,2013,회색,대구,2490,2WD
78696,지프,레니게이드,2.0  리미티드 ,디젤,128393,2016,회색,경기,1670,AWD
78726,지프,레니게이드,2.0  리미티드 ,디젤,128393,2016,회색,경기,1670,AWD
78771,지프,랭글러,2.0 루비콘 2도어,가솔린,12742,2019,회색,전북,5150,2WD
78788,지프,컴패스,2.4 스포츠,가솔린,86000,2012,회색,대전,890,2WD
78825,지프,체로키,3.0  라레도,디젤,123000,2012,회색,인천,1290,2WD
79006,지프,체로키,3.0  오버랜드,디젤,125415,2015,회색,경기,2150,2WD
79022,지프,랭글러,2.8  루비콘 2도어,디젤,176704,2009,회색,경기,1650,2WD
79035,지프,체로키,3.0  오버랜드,디젤,125415,2015,회색,경기,2150,2WD
79061,지프,컴패스,2.4 리미티드,가솔린,181234,2007,회색,인천,390,2WD
79142,지프,컴패스,2.4 리미티드,가솔린,63883,2014,회색,충남,1190,2WD
79159,지프,컴패스,2.4 리미티드,가솔린,89677,2008,회색,서울,450,2WD
79176,지프,레니게이드,2.0  리미티드 ,디젤,100787,2016,회색,경기,1690,AWD
79221,지프,체로키,3.7,가솔린,164777,2003,회색,경기,590,2WD
79257,지프,컴패스,2.4 리미티드,가솔린,90076,2014,회색,서울,950,2WD
79424,지프,체로키,3.6 라레도,가솔린,56174,2012,회색,경기,1680,2WD
79434,지프,컴패스,2.4 리미티드,가솔린,113706,2010,회색,인천,9999,2WD
79488,지프,컴패스,2.4 스포츠,가솔린,167499,2012,회색,경기,590,2WD
79736,지프,체로키,3.6 라레도,가솔린,175854,2011,회색,인천,1030,2WD
79805,지프,랭글러,2.8  루비콘 4도어,디젤,158000,2007,회색,경기,1530,2WD
79852,지프,컴패스,2.4 리미티드,가솔린,89000,2010,회색,전북,659,2WD
79874,지프,컴패스,70th 애니버셔리,가솔린,128600,2011,회색,대구,880,2WD
79876,지프,랭글러,2.8  루비콘 4도어,디젤,157119,2012,회색,인천,1990,2WD
79952,지프,커맨더,3.0 ,디젤,230373,2007,회색,경기,1170,2WD
79954,지프,레니게이드,2.0  리미티드 ,디젤,44342,2016,회색,경기,1999,AWD
80072,지프,체로키,2.8 ,디젤,198861,2005,회색,경기,750,2WD
80097,지프,체로키,3.7,가솔린,143055,2006,회색,경기,550,2WD
80141,지프,레니게이드,2.0  리미티드 ,디젤,60862,2016,회색,경기,1890,AWD
80261,지프,컴패스,2.4 리미티드,가솔린,139973,2012,회색,인천,750,2WD
80359,지프,체로키,3.6 오버랜드,가솔린,171000,2013,회색,경기,1550,2WD
80579,지프,랭글러,2.8  루비콘 4도어,디젤,148116,2009,회색,경기,1699,2WD
80643,지프,체로키,3.6 라레도,가솔린,72957,2012,회색,충남,1465,2WD
80720,지프,랭글러,2.8  사하라 4도어,디젤,69267,2015,회색,경기,2990,2WD
80737,지프,커맨더,3.0 ,디젤,264313,2006,회색,경기,999,2WD
80771,지프,레니게이드,2.0  리미티드 ,디젤,48527,2016,회색,경기,1830,AWD
80838,지프,랭글러,2.8  사하라 4도어,디젤,129277,2014,회색,인천,2300,2WD
80887,지프,랭글러,2.8  루비콘 4도어,디젤,211723,2009,회색,경기,1450,2WD
80994,지프,컴패스,2.4 리미티드,가솔린,168223,2008,회색,인천,380,2WD
80995,지프,랭글러,2.8  사하라 4도어,디젤,154938,2012,회색,대구,2000,2WD
81182,지프,커맨더,3.0 ,디젤,251390,2006,회색,경기,999,2WD
81213,지프,체로키,3.0  라레도,디젤,100083,2012,회색,경기,1329,2WD
81214,지프,체로키,3.0  라레도,디젤,114925,2006,회색,경기,639,2WD
81219,지프,랭글러,2.8  루비콘 4도어,디젤,218000,2008,회색,경기,1850,2WD
81222,지프,랭글러,2.8  루비콘 4도어,디젤,133258,2012,회색,경기,2299,2WD
81271,지프,랭글러,2.8  루비콘 4도어,디젤,102547,2010,회색,부산,2050,2WD
81321,지프,체로키,3.0  오버랜드,디젤,109381,2012,회색,경기,1590,2WD
81377,지프,레니게이드,2.0  론지튜드 ,디젤,103528,2015,회색,경기,1559,AWD
81435,지프,랭글러,2.8  루비콘 2도어,디젤,123050,2008,회색,경기,1950,2WD
81484,지프,컴패스,2.4 리미티드,가솔린,115000,2008,회색,경남,399,2WD
81582,지프,커맨더,3.0 ,디젤,206000,2006,회색,광주,1230,2WD
81814,지프,레니게이드,2.0  리미티드 ,디젤,41077,2015,회색,인천,1840,AWD
81835,지프,체로키,2.8 ,디젤,65065,2005,회색,서울,860,2WD
81857,지프,체로키,2.0  론지튜드 ,디젤,96919,2015,회색,경기,1690,AWD
81897,지프,체로키,3.6 라레도,가솔린,180164,2011,회색,울산,900,2WD
81899,지프,커맨더,3.0 ,디젤,248610,2007,회색,광주,1100,2WD
81942,지프,랭글러,사하라 2도어,가솔린,79708,2005,회색,서울,3700,2WD
81967,지프,체로키,4.7 리미티드,가솔린,123000,2008,회색,대전,850,2WD
82054,지프,체로키,2.4 론지튜드 하이 ,가솔린,33000,2017,회색,서울,2300,AWD
82059,지프,랭글러,2.8  사하라 4도어,디젤,193113,2014,회색,경기,1880,2WD
82081,지프,컴패스,70th 애니버셔리,가솔린,121135,2011,회색,경기,770,2WD
82085,지프,랭글러,2.8  루비콘 4도어,디젤,160138,2009,회색,충남,1648,2WD
82114,지프,체로키,3.6 리미티드,가솔린,40200,2017,회색,경기,3050,2WD
82176,지프,체로키,3.6 오버랜드,가솔린,111111,2014,회색,경기,2440,2WD
82179,지프,체로키,3.6 오버랜드,가솔린,111111,2014,회색,경기,2440,2WD
82186,지프,컴패스,2.4 리미티드,가솔린,46324,2018,회색,경기,2390,2WD
82245,지프,랭글러,2.8  루비콘 2도어,디젤,116789,2012,회색,경기,2280,2WD
82248,지프,랭글러,2.8  루비콘 2도어,디젤,116789,2012,회색,경기,2280,2WD
82298,지프,체로키,3.0  오버랜드,디젤,94232,2015,회색,서울,2470,2WD
82458,지프,체로키,3.6 라레도,가솔린,129501,2011,회색,경기,1249,2WD
82475,지프,체로키,3.0  라레도,디젤,199660,2012,회색,서울,1140,2WD
82496,지프,랭글러,2.0 오버랜드 4도어,가솔린,34182,2019,회색,서울,5000,2WD
82599,지프,컴패스,70th 애니버셔리,가솔린,44732,2011,회색,경기,990,2WD
82650,지프,레니게이드,2.0  리미티드 ,디젤,36900,2018,기타,전남,2590,AWD
82776,지프,레니게이드,2.4 리미티드,가솔린,24713,2019,흰색,대전,2690,2WD
82816,지프,체로키,2.4 론지튜드 하이 ,가솔린,41657,2019,흰색,경기,2680,AWD
82818,지프,레니게이드,2.0  리미티드 ,디젤,96522,2016,흰색,경기,1850,AWD
82846,지프,체로키,3.6 리미티드,가솔린,13939,2020,흰색,경기,4030,2WD
82939,지프,랭글러,2.0 루비콘 4도어,가솔린,910,2021,흰색,경기,6150,2WD
82940,지프,체로키,2.4 론지튜드 하이 ,가솔린,41657,2019,흰색,경기,2680,AWD
83055,지프,랭글러,2.0 루비콘 2도어,가솔린,5223,2021,흰색,부산,5100,2WD
83246,지프,체로키,3.0  오버랜드서밋,디젤,29618,2019,흰색,경기,4900,2WD
83410,지프,랭글러,2.0 루비콘 하이 4도어,가솔린,24303,2018,흰색,경기,5390,2WD
83413,지프,컴패스,2.4 리미티드,가솔린,60785,2016,흰색,부산,1390,2WD
83462,지프,레니게이드,2.4 리미티드,가솔린,9872,2020,흰색,경기,3049,2WD
83481,지프,체로키,2.2  리미티드 ,디젤,93797,2017,흰색,경기,2190,4WD
83506,지프,랭글러,2.8  루비콘 2도어,디젤,104128,2012,흰색,인천,2140,2WD
83528,지프,랭글러,2.0 루비콘 하이 4도어,가솔린,24303,2018,흰색,경기,5390,2WD
83541,지프,레니게이드,2.4 리미티드,가솔린,9872,2020,흰색,경기,3049,2WD
83546,지프,체로키,3.0  라레도,디젤,129208,2012,흰색,경기,1520,2WD
83572,지프,체로키,2.2  리미티드 ,디젤,93797,2017,흰색,경기,2190,4WD
83615,지프,체로키,2.4 론지튜드 ,가솔린,109054,2016,흰색,경기,1830,AWD
83696,지프,체로키,3.0  라레도,디젤,129208,2012,흰색,경기,1520,2WD
83720,지프,레니게이드,2.0  리미티드 ,디젤,42311,2018,흰색,경기,2450,AWD
83788,지프,랭글러,3.6 루비콘 4도어,가솔린,88055,2016,흰색,경기,3290,2WD
83834,지프,체로키,3.0  오버랜드서밋,디젤,46747,2018,흰색,서울,4500,2WD
83877,지프,랭글러,3.6 루비콘 4도어,가솔린,88055,2016,흰색,경기,3290,2WD
83908,지프,체로키,3.6 오버랜드,가솔린,19570,2019,흰색,경기,4099,2WD
83986,지프,랭글러,3.6 스포츠 2도어,가솔린,85812,2017,흰색,경기,2630,2WD
84040,지프,체로키,3.0  오버랜드서밋,디젤,131309,2015,흰색,광주,2890,2WD
84088,지프,랭글러,3.6 스포츠 2도어,가솔린,85812,2017,흰색,경기,2630,2WD
84185,지프,컴패스,2.4 리미티드,가솔린,13061,2019,흰색,서울,2790,2WD
84276,지프,컴패스,2.4 리미티드,가솔린,13061,2019,흰색,서울,2790,2WD
84354,지프,레니게이드,2.0  리미티드 ,디젤,33313,2017,흰색,경기,2490,AWD
84374,지프,글래디에이터,3.6 루비콘,가솔린,1561,2021,흰색,대구,6590,2WD
84465,지프,레니게이드,2.0  리미티드 ,디젤,33313,2017,흰색,경기,2490,AWD
84485,지프,체로키,2.2  론지튜드 ,디젤,34417,2016,흰색,대구,2320,AWD
84487,지프,랭글러,2.0 루비콘 파워 탑 4도어,가솔린,50456,2019,흰색,경기,5950,2WD
84559,지프,랭글러,2.0 루비콘 2도어,가솔린,7013,2021,흰색,경기,5290,2WD
84634,지프,레니게이드,2.4 리미티드,가솔린,19532,2019,흰색,경기,2790,2WD
84656,지프,체로키,3.0  오버랜드서밋,디젤,108391,2015,흰색,경기,3000,2WD
84697,지프,랭글러,4.0,가솔린,125183,2005,흰색,경기,2300,2WD
84709,지프,체로키,3.0  오버랜드서밋,디젤,108391,2015,흰색,경기,3000,2WD
84721,지프,레니게이드,2.4 리미티드,가솔린,19532,2019,흰색,경기,2790,2WD
84768,지프,체로키,3.6 오버랜드,가솔린,13868,2020,흰색,경기,4750,2WD
84769,지프,체로키,3.6 리미티드-X,가솔린,12787,2020,흰색,경기,4490,2WD
84789,지프,체로키,3.6 오버랜드,가솔린,21441,2019,흰색,경기,4260,2WD
84817,지프,체로키,2.4 론지튜드 하이 ,가솔린,49550,2019,흰색,경기,2750,AWD
84881,지프,체로키,3.6 오버랜드,가솔린,21441,2019,흰색,경기,4260,2WD
84930,지프,체로키,3.6 오버랜드,가솔린,21408,2020,흰색,서울,4500,2WD
84938,지프,체로키,2.4 론지튜드 ,가솔린,50216,2019,흰색,충남,2600,AWD
84962,지프,체로키,3.0  리미티드,디젤,38042,2016,흰색,경기,3390,2WD
85000,지프,체로키,3.6 오버랜드,가솔린,9972,2020,흰색,경기,4730,2WD
85006,지프,체로키,3.6 오버랜드,가솔린,21408,2020,흰색,서울,4500,2WD
85037,지프,체로키,2.4 론지튜드 하이 ,가솔린,79340,2018,흰색,경기,2070,AWD
85050,지프,체로키,3.0  리미티드,디젤,38042,2016,흰색,경기,3390,2WD
85094,지프,체로키,2.4 리미티드 ,가솔린,7696,2020,흰색,서울,3390,2WD
85097,지프,체로키,3.6 오버랜드,가솔린,9972,2020,흰색,경기,4730,2WD
85158,지프,체로키,2.4 론지튜드 하이 ,가솔린,79340,2018,흰색,경기,2070,AWD
85195,지프,랭글러,2.8  루비콘 4도어,디젤,141200,2015,흰색,경기,2760,2WD
85202,지프,체로키,2.0  론지튜드 ,디젤,125851,2015,흰색,경기,1599,AWD
85238,지프,랭글러,3.6 스포츠 2도어,가솔린,65441,2016,흰색,서울,2750,2WD
85297,지프,체로키,2.0  리미티드 ,디젤,113583,2015,흰색,광주,1640,4WD
85335,지프,체로키,3.6 리미티드,가솔린,74904,2018,흰색,서울,2890,2WD
85370,지프,체로키,3.6 리미티드,가솔린,1700,2021,흰색,경기,4350,2WD
85407,지프,컴패스,2.4 리미티드,가솔린,78667,2015,흰색,경기,1370,2WD
85463,지프,체로키,3.6 리미티드,가솔린,74904,2018,흰색,서울,2890,2WD
85540,지프,레니게이드,2.0  리미티드 ,디젤,12000,2018,흰색,경기,2439,AWD
85592,지프,체로키,3.0  오버랜드,디젤,80858,2016,흰색,서울,3090,2WD
85604,지프,랭글러,2.0 오버랜드 파워 탑 4도어,가솔린,1316,2021,흰색,경기,5990,2WD
85652,지프,레니게이드,2.4 리미티드,가솔린,9293,2019,흰색,경기,2820,2WD
85677,지프,체로키,3.6 리미티드,가솔린,59218,2018,흰색,경기,3180,2WD
85704,지프,랭글러,3.6 윈터 에디션,가솔린,41681,2017,흰색,경기,3699,2WD
85753,지프,체로키,3.0  오버랜드서밋,디젤,14885,2020,흰색,대구,5550,2WD
85754,지프,랭글러,2.0 오버랜드 파워 탑 4도어,가솔린,1316,2021,흰색,경기,5990,2WD
85763,지프,레니게이드,2.4 리미티드,가솔린,9293,2019,흰색,경기,2820,2WD
85781,지프,체로키,3.6 리미티드,가솔린,59218,2018,흰색,경기,3180,2WD
85868,지프,체로키,3.0  오버랜드서밋,디젤,14000,2017,흰색,경북,3100,2WD
85872,지프,랭글러,3.6 윈터 에디션,가솔린,41681,2017,흰색,경기,3699,2WD
85881,지프,체로키,2.4 론지튜드 하이 ,가솔린,26501,2019,흰색,경기,2699,AWD
85890,지프,체로키,3.6 리미티드,가솔린,22956,2020,흰색,경기,4020,2WD
85938,지프,체로키,3.6 리미티드,가솔린,22956,2020,흰색,경기,4020,2WD
86102,지프,랭글러,3.6 스포츠 2도어,가솔린,97756,2014,흰색,인천,2290,2WD
86150,지프,랭글러,3.6 루비콘 4도어,가솔린,83772,2016,흰색,대구,3590,2WD
86160,지프,랭글러,3.6 스포츠 2도어,가솔린,97756,2014,흰색,인천,2290,2WD
86168,지프,체로키,2.0  론지튜드 ,디젤,63464,2015,흰색,경기,1810,AWD
86233,지프,랭글러,3.6 루비콘 4도어,가솔린,83772,2016,흰색,대구,3590,2WD
86296,지프,체로키,3.0  리미티드,디젤,86942,2015,흰색,경기,2470,2WD
86338,지프,랭글러,2.8  루비콘 4도어,디젤,84905,2015,흰색,경기,3300,2WD
86391,지프,컴패스,2.4 리미티드,가솔린,179793,2014,흰색,대구,899,2WD
86402,지프,체로키,3.0  리미티드,디젤,86942,2015,흰색,경기,2470,2WD
86416,지프,컴패스,2.4 리미티드,가솔린,36000,2017,흰색,경남,1530,2WD
86433,지프,체로키,3.6 리미티드,가솔린,51281,2018,흰색,경기,3290,2WD
86484,지프,체로키,3.6 리미티드,가솔린,51281,2018,흰색,경기,3290,2WD
86525,지프,체로키,3.6 오버랜드,가솔린,22406,2019,흰색,경기,4090,2WD
86580,지프,체로키,2.4 론지튜드 하이 ,가솔린,17972,2019,흰색,서울,2970,AWD
86597,지프,체로키,3.6 오버랜드,가솔린,22406,2019,흰색,경기,4090,2WD
86609,지프,체로키,3.6 리미티드,가솔린,80060,2018,흰색,경기,2800,2WD
86610,지프,체로키,2.4 론지튜드 하이 ,가솔린,80335,2019,흰색,경기,2460,AWD
86673,지프,랭글러,3.6 루비콘 4도어,가솔린,29610,2016,흰색,경기,3870,2WD
86674,지프,체로키,3.0  오버랜드,디젤,92170,2014,흰색,광주,2490,2WD
86719,지프,컴패스,2.4 리미티드,가솔린,111385,2012,흰색,경기,800,2WD
86725,지프,컴패스,2.4 리미티드,가솔린,14670,2019,흰색,서울,2750,2WD
86727,지프,체로키,3.0  오버랜드,디젤,92170,2014,흰색,광주,2490,2WD
86817,지프,컴패스,2.4 리미티드,가솔린,14670,2019,흰색,서울,2750,2WD
86829,지프,체로키,3.6 리미티드,가솔린,65800,2018,흰색,서울,2950,2WD
86835,지프,랭글러,3.6 루비콘 2도어,가솔린,18713,2017,흰색,경기,3400,2WD
86841,지프,컴패스,2.4 리미티드,가솔린,15599,2019,흰색,서울,2442,2WD
86873,지프,랭글러,2.8  루비콘 2도어,디젤,118686,2014,흰색,서울,2600,2WD
86905,지프,컴패스,2.4 리미티드,가솔린,84167,2012,흰색,서울,920,2WD
86913,지프,컴패스,2.4 리미티드,가솔린,23628,2019,흰색,경기,2700,2WD
87011,지프,체로키,3.0  오버랜드,디젤,75000,2018,흰색,부산,3690,2WD
87083,지프,랭글러,2.0 루비콘 2도어,가솔린,10724,2021,흰색,대구,4850,2WD
87098,지프,체로키,2.4 리미티드 ,가솔린,13341,2020,흰색,경기,3390,AWD
87108,지프,랭글러,3.6 스포츠 2도어,가솔린,16873,2017,흰색,경기,3050,2WD
87230,지프,체로키,2.4 리미티드 ,가솔린,13341,2020,흰색,경기,3390,AWD
87246,지프,랭글러,2.8  루비콘 2도어,디젤,158794,2012,흰색,경기,2180,2WD
87247,지프,랭글러,3.6 스포츠 2도어,가솔린,16873,2017,흰색,경기,3050,2WD
87280,지프,체로키,2.4 론지튜드 하이 ,가솔린,20994,2018,흰색,경기,2720,AWD
87333,지프,랭글러,2.0 오버랜드 4도어,가솔린,35516,2019,흰색,경기,5400,2WD
87359,지프,랭글러,2.8  사하라 4도어,디젤,138823,2012,흰색,경기,2580,2WD
87384,지프,체로키,2.4 론지튜드 하이 ,가솔린,20994,2018,흰색,경기,2720,AWD
87516,지프,체로키,3.0  오버랜드서밋,디젤,66394,2018,흰색,부산,3890,2WD
87572,지프,랭글러,2.0 루비콘 2도어,가솔린,23063,2019,흰색,경기,4790,2WD
87601,지프,체로키,3.0  오버랜드서밋,디젤,66394,2018,흰색,부산,3890,2WD
87666,지프,컴패스,70th 애니버셔리,가솔린,44340,2012,흰색,서울,1270,2WD
87723,지프,글래디에이터,3.6 루비콘,가솔린,8578,2021,흰색,서울,6300,2WD
87817,지프,글래디에이터,3.6 루비콘,가솔린,8578,2021,흰색,서울,6300,2WD
87940,지프,글래디에이터,3.6 루비콘,가솔린,9923,2021,흰색,경기,6350,2WD
87946,지프,체로키,3.6 리미티드-X,가솔린,44521,2019,흰색,경기,3990,2WD
88005,지프,랭글러,2.0 루비콘 파워 탑 4도어,가솔린,6780,2021,흰색,대구,9999,2WD
88015,지프,글래디에이터,3.6 루비콘,가솔린,9923,2021,흰색,경기,6350,2WD
88020,지프,체로키,3.6 리미티드-X,가솔린,44521,2019,흰색,경기,3990,2WD
88098,지프,체로키,3.6 오버랜드,가솔린,194000,2015,흰색,인천,1799,2WD
88164,지프,랭글러,2.0 오버랜드 4도어,가솔린,27400,2019,흰색,대구,5600,2WD
88287,지프,체로키,3.0  오버랜드,디젤,178194,2014,흰색,인천,1880,2WD
88430,지프,컴패스,2.4 리미티드,가솔린,35987,2018,흰색,경기,2490,2WD
88467,지프,체로키,3.0  오버랜드서밋,디젤,22664,2019,흰색,경기,5030,2WD
88505,지프,체로키,3.0  오버랜드서밋,디젤,22664,2019,흰색,경기,5030,2WD
88575,지프,글래디에이터,3.6 루비콘,가솔린,2448,2021,흰색,대구,6488,2WD
88612,지프,체로키,2.2  리미티드 ,디젤,136492,2016,흰색,인천,1900,4WD
88662,지프,체로키,2.4 론지튜드 ,가솔린,31214,2019,흰색,경기,2680,AWD
88672,지프,체로키,2.2  리미티드 ,디젤,136492,2016,흰색,인천,1900,4WD
88696,지프,체로키,2.4 론지튜드 ,가솔린,40728,2018,흰색,부산,2420,AWD
88701,지프,체로키,2.2  오버랜드 ,디젤,43000,2019,흰색,인천,3090,4WD
88920,지프,레니게이드,2.4 론지튜드,가솔린,53903,2015,흰색,경기,1830,2WD
88980,지프,체로키,2.4 리미티드 ,가솔린,4550,2021,흰색,경기,3850,AWD
89092,지프,체로키,3.6 리미티드-X,가솔린,49427,2019,흰색,경기,3999,2WD
89128,지프,체로키,2.0  론지튜드 ,디젤,75701,2015,흰색,서울,1650,AWD
89135,지프,레니게이드,2.4 론지튜드,가솔린,31007,2017,흰색,서울,1920,2WD
89167,지프,랭글러,3.6 스포츠 2도어,가솔린,150117,2012,흰색,인천,2190,2WD
89358,지프,체로키,3.0  오버랜드서밋,디젤,69668,2015,흰색,경기,3250,2WD
89383,지프,체로키,3.0  오버랜드서밋,디젤,92791,2017,흰색,충남,3500,2WD
89548,지프,체로키,3.0  오버랜드,디젤,81191,2018,흰색,경기,3620,2WD
89562,지프,체로키,2.0  론지튜드 ,디젤,123230,2014,흰색,경남,1510,AWD
89570,지프,체로키,2.4 론지튜드 하이 ,가솔린,50562,2018,흰색,경기,2570,AWD
89605,지프,랭글러,3.6 루비콘 2도어,가솔린,69000,2017,흰색,경기,3100,2WD
89624,지프,체로키,3.6 리미티드,가솔린,936,2021,흰색,경기,4350,2WD
89625,지프,체로키,3.6 리미티드,가솔린,36,2021,흰색,경기,4350,2WD
89653,지프,체로키,2.2  리미티드 ,디젤,36658,2017,흰색,부산,2590,4WD
89743,지프,랭글러,2.0 스포츠 4도어 윌리스 에디션,가솔린,4107,2020,흰색,경기,4920,2WD
89826,지프,체로키,2.4 리미티드 ,가솔린,34159,2020,흰색,경기,3180,AWD
89860,지프,랭글러,2.0 루비콘 하이 4도어,가솔린,63000,2018,흰색,서울,6800,2WD
89907,지프,컴패스,2.4 리미티드,가솔린,101645,2014,흰색,경기,999,2WD
89962,지프,체로키,3.6 오버랜드,가솔린,10192,2020,흰색,울산,4700,2WD
90230,지프,체로키,3.0  오버랜드서밋,디젤,69146,2014,흰색,경기,3150,2WD
90296,지프,체로키,3.0  오버랜드,디젤,46424,2018,흰색,인천,4150,2WD
90454,지프,컴패스,2.4 리미티드,가솔린,140818,2012,흰색,경기,690,2WD
90500,지프,랭글러,2.0 루비콘 4도어,가솔린,8800,2020,흰색,경기,6090,2WD
90564,지프,랭글러,2.0 스포츠 2도어,가솔린,79000,2019,흰색,부산,3600,2WD
90658,지프,컴패스,2.4 리미티드,가솔린,172379,2014,흰색,대전,890,2WD
90674,지프,레니게이드,2.4 론지튜드,가솔린,14269,2020,흰색,경기,2790,2WD
90847,지프,컴패스,2.4 리미티드,가솔린,40756,2018,흰색,충남,2415,2WD
90891,지프,체로키,2.0  리미티드 ,디젤,82099,2015,흰색,경기,1550,4WD
90919,지프,레니게이드,2.4 리미티드,가솔린,37212,2019,흰색,대전,2630,2WD
90988,지프,글래디에이터,3.6 루비콘,가솔린,1645,2021,흰색,경기,6390,2WD
91116,지프,체로키,2.4 론지튜드 ,가솔린,98556,2015,흰색,경기,1670,AWD
91131,지프,랭글러,2.8  루비콘 2도어,디젤,110844,2012,흰색,울산,2380,2WD
91185,지프,랭글러,3.6 사하라 4도어,가솔린,17610,2017,흰색,경기,9999,2WD
91229,지프,랭글러,2.0 루비콘 2도어,가솔린,8335,2021,흰색,경기,5270,2WD
91236,지프,랭글러,2.0 루비콘 2도어,가솔린,8335,2021,흰색,경기,5270,2WD
91253,지프,체로키,3.6 오버랜드,가솔린,30451,2019,흰색,경기,4170,2WD
91340,지프,체로키,2.4 리미티드 ,가솔린,92174,2014,흰색,경기,1980,2WD
91388,지프,체로키,3.6 오버랜드,가솔린,68337,2014,흰색,인천,2685,2WD
91494,지프,랭글러,3.6 루비콘 2도어,가솔린,101415,2017,흰색,인천,2690,2WD
91608,지프,랭글러,2.0 루비콘 하이 4도어,가솔린,5800,2021,흰색,경기,6050,2WD
91609,지프,랭글러,2.0 루비콘 4도어,가솔린,5817,2021,흰색,경기,6050,2WD
91617,지프,레니게이드,2.4 론지튜드 하이,가솔린,62878,2017,흰색,대전,2070,2WD
91682,지프,레니게이드,2.4 론지튜드,가솔린,48810,2016,흰색,부산,1899,2WD
91699,지프,컴패스,2.4 론지튜드,가솔린,29887,2018,흰색,경기,2380,2WD
91810,지프,랭글러,사하라 2도어,가솔린,89192,2000,흰색,경기,1999,2WD
91885,지프,컴패스,2.4 리미티드,가솔린,32267,2019,흰색,경기,2400,2WD
91991,지프,체로키,3.6 오버랜드,가솔린,159965,2012,흰색,경기,1390,2WD
92093,지프,체로키,3.0  리미티드,디젤,179002,2014,흰색,경기,1790,2WD
92158,지프,체로키,2.4 리미티드 ,가솔린,11515,2020,흰색,울산,3350,AWD
92162,지프,체로키,2.2  리미티드 ,디젤,36000,2017,흰색,부산,2450,4WD
92376,지프,체로키,3.6 오버랜드,가솔린,25749,2019,흰색,경기,4090,2WD
92378,지프,체로키,3.6 오버랜드,가솔린,25749,2019,흰색,경기,4090,2WD
92445,지프,체로키,3.6 오버랜드,가솔린,25994,2019,흰색,경기,4090,2WD
92485,지프,랭글러,2.0 루비콘 2도어,가솔린,6290,2020,흰색,경기,5300,2WD
92573,지프,체로키,3.0  오버랜드,디젤,62372,2013,흰색,서울,2650,2WD
92587,지프,체로키,3.0  오버랜드,디젤,62372,2013,흰색,서울,2650,2WD
92734,지프,랭글러,2.0 루비콘 4도어,가솔린,876,2021,흰색,경기,6199,2WD
92743,지프,체로키,3.0  오버랜드서밋,디젤,14981,2019,흰색,경기,5100,2WD
92757,지프,체로키,3.6 리미티드-X,가솔린,24377,2020,흰색,경기,3424,2WD
92759,지프,레니게이드,2.0  리미티드 ,디젤,103000,2016,흰색,경기,1780,AWD
92846,지프,체로키,3.0  오버랜드,디젤,149615,2017,흰색,전북,2790,2WD
92878,지프,체로키,3.6 오버랜드,가솔린,22000,2019,흰색,경기,4490,2WD
92890,지프,랭글러,2.8  루비콘 4도어,디젤,118158,2011,흰색,경기,2550,2WD
92982,지프,체로키,3.6 리미티드,가솔린,12904,2019,흰색,인천,4100,2WD
93154,지프,체로키,2.4 론지튜드 ,가솔린,120364,2016,흰색,경기,1650,AWD
93172,지프,컴패스,2.4 론지튜드,가솔린,32816,2019,흰색,경기,2400,2WD
93203,지프,랭글러,3.6 스포츠 2도어,가솔린,51801,2017,흰색,경기,2590,2WD
93206,지프,랭글러,3.6 스포츠 2도어,가솔린,51801,2017,흰색,경기,2590,2WD
93211,지프,체로키,3.0  오버랜드서밋,디젤,132000,2015,흰색,광주,2850,2WD
93213,지프,체로키,2.4 론지튜드 ,가솔린,93332,2016,흰색,경기,1900,AWD
93440,지프,체로키,2.4 론지튜드 ,가솔린,158520,2015,흰색,경기,1470,AWD
93480,지프,레니게이드,2.4 리미티드,가솔린,12602,2019,흰색,경기,2790,2WD
93481,지프,레니게이드,2.4 리미티드,가솔린,12606,2019,흰색,경기,2790,2WD
93524,지프,체로키,2.4 론지튜드 ,가솔린,57758,2016,흰색,경기,1950,AWD
93598,지프,랭글러,2.0 루비콘 2도어,가솔린,15320,2020,흰색,경기,4999,2WD
93749,지프,체로키,2.4 80주년 ,가솔린,4471,2021,흰색,서울,3890,AWD
93760,지프,랭글러,2.0 루비콘 하이 4도어,가솔린,1600,2021,흰색,대구,6200,2WD
93774,지프,체로키,3.0  오버랜드서밋,디젤,119482,2017,흰색,경기,3180,2WD
93789,지프,랭글러,2.5,가솔린,195000,1995,흰색,제주,1450,2WD
93831,지프,체로키,3.6 오버랜드,가솔린,15318,2018,흰색,경기,3890,2WD
93940,지프,컴패스,2.4 리미티드,가솔린,104841,2013,흰색,전북,950,2WD
94013,지프,랭글러,2.0 루비콘 하이 4도어,가솔린,57000,2018,흰색,경기,5800,2WD
94050,지프,체로키,2.4 론지튜드 ,가솔린,26000,2018,흰색,전남,2499,AWD
94059,지프,체로키,3.0  오버랜드,디젤,49888,2015,흰색,경기,3280,2WD
94060,지프,체로키,3.0  오버랜드,디젤,49888,2015,흰색,경기,3280,2WD
94095,지프,랭글러,2.0 루비콘 2도어,가솔린,9300,2019,흰색,대구,4980,2WD
94174,지프,랭글러,3.6 스포츠 2도어,가솔린,147465,2013,흰색,서울,2300,2WD
94203,지프,체로키,3.6 오버랜드,가솔린,9200,2019,흰색,인천,4499,2WD
94204,지프,랭글러,2.8  루비콘 4도어,디젤,117803,2011,흰색,경기,2040,2WD
94210,지프,랭글러,2.5,가솔린,210000,1992,흰색,인천,2300,2WD
94341,지프,체로키,3.0  오버랜드서밋,디젤,73000,2015,흰색,울산,3300,2WD
94361,지프,체로키,3.6 오버랜드,가솔린,39886,2020,흰색,서울,4095,2WD
94424,지프,레니게이드,2.0  이글 에디션 ,디젤,32273,2017,흰색,경기,2490,AWD
94456,지프,랭글러,2.5,가솔린,152000,1992,흰색,대전,1500,2WD
94466,지프,랭글러,3.6 스포츠 2도어,가솔린,102280,2012,흰색,제주,1900,2WD
94480,지프,랭글러,2.0 오버랜드 4도어,가솔린,11000,2021,흰색,경기,6395,2WD
94527,지프,체로키,2.0  론지튜드 ,디젤,82285,2015,흰색,경기,1950,AWD
