,brand,name,info,type,km,year,color,location,price,wd
61866,캐딜락,레이,6.2,가솔린,131620,2008,검정색,경기,1850,2WD
61996,캐딜락,레이,6.2,가솔린,27367,2015,검정색,충남,9200,2WD
62104,캐딜락,CT6,3.6 프리미엄 ,가솔린,100293,2017,검정색,경기,3090,AWD
62155,캐딜락,CT6,3.6 프리미엄 ,가솔린,100293,2017,검정색,경기,3090,AWD
62209,캐딜락,CT6,3.6 프리미엄 ,가솔린,47971,2016,검정색,경기,2840,AWD
62234,캐딜락,레이,6.2,가솔린,27000,2020,검정색,서울,8242,2WD
62268,캐딜락,CT6,2.0 터보,가솔린,46917,2018,검정색,광주,3850,2WD
62327,캐딜락,CT6,2.0 터보,가솔린,29984,2018,검정색,경기,4040,2WD
62338,캐딜락,CTS,V8 6.2L,가솔린,61800,2016,검정색,경기,5699,2WD
62346,캐딜락,SRX,3.0 Luxury,가솔린,141291,2011,검정색,충남,920,2WD
62375,캐딜락,ATS,2.0 프리미엄,가솔린,37357,2018,검정색,경기,2290,2WD
62380,캐딜락,CT6,2.0 터보,가솔린,29984,2018,검정색,경기,4040,2WD
62424,캐딜락,ATS,2.0 프리미엄,가솔린,37357,2018,검정색,경기,2290,2WD
62425,캐딜락,CT6,3.6 프리미엄 ,가솔린,63662,2017,검정색,경기,3290,AWD
62501,캐딜락,레이,6.2 ESV,가솔린,86909,2015,검정색,전북,5850,2WD
62504,캐딜락,레이,6.2,가솔린,170349,2011,검정색,인천,1950,2WD
62568,캐딜락,레이,6.2 ESV,가솔린,86909,2015,검정색,전북,5850,2WD
62670,캐딜락,CTS,2.0 프리미엄,가솔린,141300,2015,검정색,인천,1650,2WD
62685,캐딜락,CT6,3.6 스포츠 ,가솔린,28146,2019,검정색,경기,5200,AWD
62687,캐딜락,CT6,3.6 프리미엄 ,가솔린,162226,2017,검정색,경기,2399,AWD
62688,캐딜락,CT6,3.6 프리미엄 ,가솔린,34524,2017,검정색,전북,3600,AWD
62737,캐딜락,CT6,3.6 스포츠 ,가솔린,28146,2019,검정색,경기,5200,AWD
62743,캐딜락,CT6,3.6 프리미엄 ,가솔린,34524,2017,검정색,전북,3600,AWD
62875,캐딜락,CTS,3.6 Luxury,가솔린,125980,2011,검정색,경기,550,2WD
62942,캐딜락,CTS,2.0 프리미엄,가솔린,57015,2018,검정색,경남,2990,2WD
62953,캐딜락,CTS,2.0 프리미엄,가솔린,52000,2016,검정색,경기,2500,2WD
63040,캐딜락,레이,6.2,가솔린,72996,2011,검정색,경기,2680,2WD
63107,캐딜락,레이,6.2,가솔린,32562,2020,검정색,대구,7940,2WD
63187,캐딜락,XT5,3.6 프리미엄 ,가솔린,32054,2017,검정색,경기,3290,AWD
63207,캐딜락,CTS,2.0 프리미엄 ,가솔린,141423,2015,검정색,경기,1840,AWD
63236,캐딜락,CT6,3.6 플래티넘 ,가솔린,81211,2017,검정색,경기,3649,AWD
63249,캐딜락,XT5,3.6 프리미엄 ,가솔린,32054,2017,검정색,경기,3290,AWD
63318,캐딜락,CT6,3.6 플래티넘 ,가솔린,81211,2017,검정색,경기,3649,AWD
63353,캐딜락,CT6,3.6 플래티넘 ,가솔린,97101,2016,검정색,서울,3490,AWD
63357,캐딜락,ATS,2.0 럭셔리,가솔린,51852,2013,검정색,경기,9999,2WD
63374,캐딜락,CT6,2.0 터보,가솔린,95926,2018,검정색,서울,3100,2WD
63381,캐딜락,레이,6.2,가솔린,185638,2011,검정색,인천,1920,2WD
63386,캐딜락,레이,6.2 ESV,가솔린,90124,2015,검정색,대구,5780,2WD
63398,캐딜락,CT6,3.6 프리미엄 ,가솔린,67000,2017,검정색,인천,3390,AWD
63399,캐딜락,ATS,2.0 럭셔리,가솔린,40000,2017,검정색,인천,2020,2WD
63452,캐딜락,ATS,2.0 럭셔리,가솔린,51852,2013,검정색,경기,9999,2WD
63490,캐딜락,XT5,3.6 플래티넘 ,가솔린,15593,2018,검정색,경기,4260,AWD
63602,캐딜락,CT6,3.6 플래티넘 ,가솔린,33886,2019,검정색,인천,5680,AWD
63629,캐딜락,CTS,2.0 럭셔리,가솔린,49063,2017,검정색,경기,2520,2WD
63632,캐딜락,레이,6.2 ESV,가솔린,76444,2015,검정색,서울,6350,2WD
63648,캐딜락,CT6,3.6 플래티넘 ,가솔린,33886,2019,검정색,인천,5680,AWD
63698,캐딜락,레이,6.2,가솔린,10883,2019,검정색,서울,9500,2WD
63726,캐딜락,DTS,4.6L V8,가솔린,137000,2011,검정색,대전,699,2WD
63806,캐딜락,레이,6.2 ESV,가솔린,84558,2019,검정색,전북,7890,2WD
63878,캐딜락,XT5,3.6 플래티넘 ,가솔린,27725,2019,검정색,서울,4199,AWD
64095,캐딜락,CT6,3.6 플래티넘 ,가솔린,71932,2017,검정색,경기,3740,AWD
64103,캐딜락,레이,6.2,가솔린,94402,2008,검정색,경기,2090,2WD
64120,캐딜락,레이,6.0,가솔린+LPG,195114,2004,검정색,경기,1100,2WD
64161,캐딜락,CT6,3.6 플래티넘 ,가솔린,71932,2017,검정색,경기,3740,AWD
64272,캐딜락,XT5,3.6 플래티넘 ,가솔린,14334,2019,검정색,서울,4390,AWD
64344,캐딜락,XT5,3.6 플래티넘 ,가솔린,14334,2019,검정색,서울,4390,AWD
64464,캐딜락,레이,6.2 ESV,가솔린,52313,2015,검정색,경기,6799,2WD
64513,캐딜락,레이,6.2 ESV,가솔린,52313,2015,검정색,경기,6799,2WD
64619,캐딜락,XT5,3.6 플래티넘 ,가솔린,57587,2019,검정색,경기,3830,AWD
64623,캐딜락,레이,6.2,가솔린,52037,2019,검정색,경기,7390,2WD
64628,캐딜락,레이,6.2 ESV,가솔린,150000,2017,검정색,서울,5590,2WD
64741,캐딜락,XT5,3.6 플래티넘 ,가솔린,75755,2017,검정색,경기,3190,AWD
64796,캐딜락,XT5,3.6 플래티넘 ,가솔린,75755,2017,검정색,경기,3190,AWD
64924,캐딜락,ATS,2.0 쿠페,가솔린,47100,2015,검정색,인천,1699,2WD
64930,캐딜락,CT6,3.6 프리미엄 ,가솔린,64988,2018,검정색,경기,3780,AWD
64949,캐딜락,CT6,3.6 플래티넘 ,가솔린,31146,2019,검정색,경기,5475,AWD
64951,캐딜락,CT6,3.6 프리미엄 ,가솔린,64988,2018,검정색,경기,3780,AWD
64981,캐딜락,레이,6.2,가솔린+LPG,267000,2007,검정색,인천,1550,2WD
65031,캐딜락,레이,6.2,가솔린,166812,2011,검정색,경기,1920,2WD
65060,캐딜락,레이,6.2,가솔린,20829,2019,검정색,경기,7350,2WD
65062,캐딜락,SRX,3.0 Premium,가솔린,73000,2010,검정색,대구,1333,2WD
65095,캐딜락,레이,6.2 ESV,가솔린,98053,2015,검정색,경기,5390,2WD
65135,캐딜락,XT5,3.6 플래티넘 ,가솔린,33605,2019,검정색,경기,3890,AWD
65147,캐딜락,XT5,3.6 플래티넘 ,가솔린,33605,2019,검정색,경기,3890,AWD
65211,캐딜락,CT6,3.6 플래티넘 ,가솔린,70873,2017,검정색,경기,3750,AWD
65237,캐딜락,CT6,3.6 플래티넘 ,가솔린,70873,2017,검정색,경기,3750,AWD
65298,캐딜락,레이,6.2,가솔린,128100,2017,검정색,전북,5450,2WD
65307,캐딜락,레이,6.2 ESV,가솔린,31466,2018,검정색,서울,8499,2WD
65418,캐딜락,XT5,3.6 프리미엄 플러스 ,가솔린,22480,2019,검정색,인천,4130,AWD
65464,캐딜락,CT6,3.6 플래티넘 ,가솔린,50639,2016,검정색,서울,3880,AWD
65490,캐딜락,레이,6.2 ESV,가솔린,31458,2018,검정색,서울,8490,2WD
65545,캐딜락,DTS,4.6L V8,가솔린,107918,2008,검정색,경기,650,2WD
65584,캐딜락,CT6,3.6 플래티넘 ,가솔린,83821,2018,검정색,경기,4150,AWD
65601,캐딜락,레이,6.2,가솔린,49302,2013,검정색,경기,3680,2WD
65613,캐딜락,레이,6.2,가솔린+LPG,159489,2009,검정색,대구,1995,2WD
65742,캐딜락,CT6,2.0 터보,가솔린,60000,2018,검정색,서울,3350,2WD
65832,캐딜락,레이,6.2 ESV,가솔린,180000,2011,검정색,경기,2050,2WD
65833,캐딜락,레이,6.2,가솔린,135239,2013,검정색,서울,2700,2WD
65872,캐딜락,CT6,3.6 프리미엄 ,가솔린,134341,2016,검정색,경기,2750,AWD
65946,캐딜락,레이,6.2 ESV,가솔린,170349,2011,검정색,인천,1950,2WD
66029,캐딜락,CT6,2.0 터보,가솔린,99647,2018,검정색,서울,2999,2WD
66059,캐딜락,CT6,3.6 플래티넘 ,가솔린,66847,2016,검정색,경기,3599,AWD
66072,캐딜락,레이,6.2 ESV,가솔린,135305,2015,검정색,경기,5330,2WD
66201,캐딜락,레이,6.2,가솔린,12133,2020,검정색,대구,8880,2WD
66305,캐딜락,레이,6.2 ESV,가솔린,18418,2018,검정색,서울,8880,2WD
66509,캐딜락,CTS,2.0 럭셔리,가솔린,176770,2014,검정색,서울,1150,2WD
66600,캐딜락,CT6,2.0 터보,가솔린,44551,2018,검정색,서울,3700,2WD
66651,캐딜락,레이,6.2 ESV,가솔린,59555,2016,검정색,부산,6555,2WD
66657,캐딜락,레이,6.2 ESV,가솔린,59555,2016,검정색,부산,6555,2WD
66667,캐딜락,레이,6.2,가솔린+CNG,184989,2008,검정색,대구,1899,2WD
66679,캐딜락,XT5,3.6 플래티넘 ,가솔린,190109,2018,검정색,경기,2500,AWD
66793,캐딜락,CTS,2.0 럭셔리,가솔린,106973,2017,검정색,경기,2090,2WD
66833,캐딜락,CT6,3.6 프리미엄 ,가솔린,68801,2018,검정색,경기,3480,AWD
66837,캐딜락,CT6,3.6 프리미엄 ,가솔린,68801,2018,검정색,경기,3480,AWD
66907,캐딜락,컨코어,4.6,가솔린,122250,1995,검정색,경기,3500,2WD
66955,캐딜락,ATS,2.0 프리미엄,가솔린,29566,2017,검정색,인천,1820,2WD
66997,캐딜락,ATS,2.0 프리미엄,가솔린,74612,2017,검정색,경기,1809,2WD
67105,캐딜락,ATS,2.0 프리미엄,가솔린,95735,2015,검정색,경기,1450,2WD
67142,캐딜락,레이,6.2,가솔린,8250,2019,검정색,서울,4014,2WD
67169,캐딜락,STS,3.6,가솔린,132875,2009,검정색,인천,450,2WD
67220,캐딜락,CT6,3.6 스포츠 ,가솔린,21187,2019,검정색,경기,5190,AWD
67264,캐딜락,레이,리무진,가솔린,73561,2011,검정색,경기,4080,2WD
67461,캐딜락,XT5,3.6 플래티넘 ,가솔린,46848,2019,검정색,서울,3890,AWD
67464,캐딜락,XT5,3.6 플래티넘 ,가솔린,46848,2019,검정색,서울,3890,AWD
67467,캐딜락,XT5,3.6 플래티넘 ,가솔린,16069,2019,검정색,서울,4390,AWD
67490,캐딜락,ATS,2.0 프리미엄,가솔린,29921,2018,검정색,경기,2420,2WD
67504,캐딜락,CT6,3.6 플래티넘 ,가솔린,63663,2018,검정색,경기,4350,AWD
67508,캐딜락,CT6,2.0 터보,가솔린,42151,2018,검정색,경기,3650,2WD
67569,캐딜락,ATS,2.0 프리미엄,가솔린,108000,2015,검정색,경기,1360,2WD
67578,캐딜락,ATS,3.6 카본 패키지,가솔린,72000,2016,검정색,경기,3550,2WD
67617,캐딜락,레이,6.2,가솔린,118224,2014,검정색,경기,2850,2WD
67622,캐딜락,XT5,3.6 프리미엄 ,가솔린,23571,2019,검정색,경기,3990,AWD
67739,캐딜락,ATS,2.0 프리미엄 ,가솔린,72377,2015,검정색,경기,1750,AWD
67745,캐딜락,레이,6.2 ESV,가솔린,158000,2007,검정색,충북,1730,2WD
67763,캐딜락,레이,6.2,가솔린,196400,2010,검정색,경북,1850,2WD
67796,캐딜락,CT6,3.6 프리미엄 ,가솔린,115410,2017,검정색,경기,2850,AWD
67803,캐딜락,CT6,3.6 스포츠 ,가솔린,21936,2019,검정색,경기,5150,AWD
67830,캐딜락,DTS,4.6L V8,가솔린,159500,2006,검정색,경기,450,2WD
67846,캐딜락,레이,6.2 ESV,가솔린,72400,2016,검정색,인천,6550,2WD
67980,캐딜락,레이,6.2,가솔린,63000,2017,검정색,서울,6300,2WD
68001,캐딜락,레이,6.2,가솔린,18954,2019,검정색,경기,7980,2WD
68004,캐딜락,레이,6.2,가솔린,18954,2019,검정색,경기,7980,2WD
68122,캐딜락,XT5,3.6 플래티넘 ,가솔린,50000,2018,검정색,경기,3650,AWD
68129,캐딜락,레이,6.2,가솔린,246519,2011,검정색,대전,1899,2WD
68179,캐딜락,레이,6.2 ESV,가솔린,30000,2019,검정색,서울,10500,2WD
68181,캐딜락,CT6,3.6 프리미엄 ,가솔린,43536,2017,검정색,대구,3490,AWD
68223,캐딜락,DTS,4.6L V8,가솔린,254672,2008,검정색,경기,450,2WD
68392,캐딜락,레이,6.2,가솔린,221700,2007,검정색,대전,1320,2WD
68528,캐딜락,ATS,2.0 프리미엄,가솔린,12235,2018,검정색,경기,2750,2WD
68601,캐딜락,CT6,3.6 플래티넘 ,가솔린,81532,2016,검정색,경남,3518,AWD
68737,캐딜락,DTS,4.6 리무진,가솔린,166377,2008,검정색,경기,1500,2WD
68802,캐딜락,레이,6.2,가솔린,88794,2007,검정색,경기,2150,2WD
68805,캐딜락,DTS,4.6L V8,가솔린,255001,2008,검정색,서울,499,2WD
68817,캐딜락,CTS,2.0 프리미엄,가솔린,40000,2018,검정색,경기,3150,2WD
68849,캐딜락,CT6,3.6 플래티넘 ,가솔린,119537,2017,검정색,경기,9999,AWD
68926,캐딜락,CTS,2.0 프리미엄 ,가솔린,215658,2016,검정색,경기,1650,AWD
68992,캐딜락,레이,6.2 ESV,가솔린,182000,2010,검정색,대구,2449,2WD
69107,캐딜락,CT6,3.6 프리미엄 ,가솔린,84244,2016,검정색,부산,3190,AWD
69114,캐딜락,ATS,2.0 프리미엄,가솔린,31455,2018,검정색,경기,2490,2WD
69115,캐딜락,ATS,2.0 프리미엄,가솔린,31455,2018,검정색,경기,2490,2WD
69137,캐딜락,CT6,2.0 터보,가솔린,98631,2018,검정색,경기,2950,2WD
69141,캐딜락,XT5,3.6 플래티넘 ,가솔린,10473,2018,검정색,경기,4150,AWD
69194,캐딜락,ATS,2.0 프리미엄,가솔린,120962,2017,검정색,경기,1439,2WD
69196,캐딜락,CT4,2.0 스포츠,가솔린,4899,2020,검정색,대구,3750,2WD
69198,캐딜락,레이,6.2,가솔린,512,2021,검정색,경기,15397,2WD
69225,캐딜락,레이,6.2,가솔린,57969,2013,검정색,서울,3187,2WD
69272,캐딜락,레이,6.2,가솔린,18500,2019,검정색,서울,7700,2WD
69406,캐딜락,레이,6.2,가솔린,128874,2008,검정색,서울,1600,2WD
69477,캐딜락,CTS,3.6 Luxury,가솔린,135000,2008,검정색,경기,500,2WD
69510,캐딜락,레이,6.2 ESV,가솔린,147362,2015,검정색,경기,5150,2WD
69514,캐딜락,레이,6.2,가솔린,145000,2008,검정색,경기,1850,2WD
69568,캐딜락,레이,6.2,가솔린,234489,2009,검정색,경기,1450,2WD
69593,캐딜락,CTS,V8 6.2L,가솔린,61937,2016,검정색,경기,5699,2WD
69595,캐딜락,CTS,V8 6.2L,가솔린,61937,2016,검정색,경기,5699,2WD
69600,캐딜락,DTS,4.6L V8,가솔린,184500,2006,검정색,인천,590,2WD
69630,캐딜락,CTS,3.6 Luxury,가솔린,130000,2008,검정색,인천,450,2WD
69682,캐딜락,CT6,2.0 터보,가솔린,50211,2018,검정색,경기,3550,2WD
69683,캐딜락,CT6,2.0 터보,가솔린,50211,2018,검정색,경기,3550,2WD
69684,캐딜락,레이,리무진,가솔린,145000,2008,검정색,충남,3580,2WD
69726,캐딜락,DTS,4.6L V8,가솔린,151689,2008,검정색,서울,740,2WD
69745,캐딜락,CT6,3.6 플래티넘 ,가솔린,70196,2017,검정색,경기,3840,AWD
69775,캐딜락,레이,6.2,가솔린,34605,2020,기타,경기,7720,2WD
70722,캐딜락,레이,6.2,가솔린,51813,2020,기타,부산,8200,2WD
70760,캐딜락,XT5,3.6 플래티넘 ,가솔린,69279,2017,기타,경기,3250,AWD
71653,캐딜락,CT4,2.0 스포츠,가솔린,2708,2020,기타,경기,3890,2WD
72096,캐딜락,CTS,3.6 Premium,가솔린,122271,2008,기타,대구,777,2WD
72241,캐딜락,CTS,2.0 프리미엄 ,가솔린,56827,2015,기타,경기,1790,AWD
72456,캐딜락,CTS,3.0 Performance,가솔린,109136,2010,기타,경기,469,2WD
72491,캐딜락,STS,3.6,가솔린,166873,2011,기타,경북,399,2WD
72502,캐딜락,드빌,DTS,가솔린,98000,1992,기타,경기,2800,2WD
72733,캐딜락,XT5,3.6 프리미엄 럭셔리 ,가솔린,7712,2020,회색,광주,4820,AWD
72783,캐딜락,XT5,3.6 프리미엄 럭셔리 ,가솔린,7712,2020,회색,광주,4820,AWD
72869,캐딜락,ATS,2.0 프리미엄,가솔린,143251,2017,회색,경기,1620,2WD
72928,캐딜락,ATS,2.0 럭셔리,가솔린,76209,2015,회색,경기,1270,2WD
72959,캐딜락,ATS,2.0 럭셔리,가솔린,76209,2015,회색,경기,1270,2WD
72973,캐딜락,CTS,2.0 프리미엄 ,가솔린,66923,2015,회색,경기,2360,AWD
73009,캐딜락,CTS,2.0 프리미엄 ,가솔린,66923,2015,회색,경기,2360,AWD
73034,캐딜락,CTS,2.0 프리미엄,가솔린,63887,2015,회색,경기,1899,2WD
73105,캐딜락,CTS,3.0 Luxury,가솔린,104042,2012,회색,부산,920,2WD
73147,캐딜락,XT5,3.6 플래티넘 ,가솔린,62896,2017,회색,경기,3399,AWD
73264,캐딜락,CTS,2.0 프리미엄 ,가솔린,60618,2015,회색,경기,2190,AWD
73276,캐딜락,ATS,2.0 프리미엄 ,가솔린,83860,2017,회색,경기,1720,AWD
73421,캐딜락,ATS,2.0 프리미엄,가솔린,24968,2017,회색,경기,2250,2WD
73458,캐딜락,ATS,2.0 프리미엄,가솔린,24968,2017,회색,경기,2250,2WD
73595,캐딜락,DTS,4.6L V8,가솔린,178702,2006,회색,경기,640,2WD
73654,캐딜락,CT6,3.6 프리미엄 ,가솔린,84000,2017,회색,경기,3190,AWD
73830,캐딜락,레이,6.2,가솔린,40715,2017,회색,경기,6400,2WD
73839,캐딜락,CT4,2.0 스포츠,가솔린,3773,2020,회색,대구,3699,2WD
74088,캐딜락,CTS,2.0 프리미엄,가솔린,140775,2014,회색,경기,1398,2WD
74128,캐딜락,CTS,2.0 프리미엄,가솔린,92414,2014,회색,경기,1690,2WD
74469,캐딜락,ATS,2.0 럭셔리,가솔린,101086,2017,회색,대구,1650,2WD
74677,캐딜락,ATS,2.0 럭셔리,가솔린,88405,2016,회색,경기,1680,2WD
74683,캐딜락,ATS,2.0 럭셔리,가솔린,88405,2016,회색,경기,1680,2WD
74721,캐딜락,XT5,3.6 플래티넘 ,가솔린,57278,2019,회색,경기,3999,AWD
74760,캐딜락,CTS,2.0 럭셔리,가솔린,71922,2016,회색,부산,2080,2WD
74778,캐딜락,CTS,2.0 럭셔리,가솔린,71922,2016,회색,부산,2080,2WD
74821,캐딜락,CTS,2.0 프리미엄,가솔린,55293,2015,회색,경기,2200,2WD
74944,캐딜락,ATS,2.0 프리미엄,가솔린,44791,2016,회색,대구,1990,2WD
74998,캐딜락,XT5,3.6 프리미엄 ,가솔린,52179,2017,회색,부산,3390,AWD
75008,캐딜락,XT5,3.6 프리미엄 ,가솔린,52179,2017,회색,부산,3390,AWD
75133,캐딜락,CT6,3.6 플래티넘 ,가솔린,60867,2018,회색,대구,3999,AWD
75344,캐딜락,ATS,2.0 럭셔리,가솔린,82129,2013,회색,서울,1280,2WD
75369,캐딜락,XT5,3.6 플래티넘 ,가솔린,49667,2017,회색,경기,3490,AWD
75371,캐딜락,XT5,3.6 플래티넘 ,가솔린,49667,2017,회색,경기,3490,AWD
75412,캐딜락,CT6,3.6 프리미엄 ,가솔린,65000,2017,회색,경기,3250,AWD
75899,캐딜락,ATS,2.0 프리미엄,가솔린,99922,2015,회색,충남,1279,2WD
75993,캐딜락,CT6,3.6 프리미엄 ,가솔린,117188,2016,회색,경기,2899,AWD
76060,캐딜락,CTS,2.0 럭셔리,가솔린,71922,2016,회색,부산,49,2WD
76079,캐딜락,XTS,3.6,가솔린,167140,2014,회색,경기,1600,2WD
76154,캐딜락,CTS,2.0 프리미엄,가솔린,89925,2016,회색,경기,2150,2WD
76275,캐딜락,CT6,3.6 프리미엄 ,가솔린,41922,2017,회색,충남,3390,AWD
76642,캐딜락,레이,6.2,가솔린,33781,2017,회색,서울,6300,2WD
76748,캐딜락,레이,6.2,가솔린,7910,2020,기타,부산,8650,2WD
76749,캐딜락,드빌,DHS,가솔린,84000,2000,기타,서울,1500,2WD
76810,캐딜락,레이,6.0,가솔린,178000,2004,기타,서울,980,2WD
76846,캐딜락,STS,3.6,가솔린,145323,2007,흰색,경기,199,2WD
76879,캐딜락,CT6,3.6 플래티넘 ,가솔린,55758,2018,흰색,경기,4790,AWD
76913,캐딜락,ATS,2.0 프리미엄,가솔린,67866,2013,흰색,경기,1450,2WD
76915,캐딜락,CTS,3.0 Performance,가솔린,114399,2012,흰색,경기,840,2WD
76939,캐딜락,레이,6.2,가솔린,70000,2016,흰색,경기,5505,2WD
76942,캐딜락,레이,6.2,가솔린,133869,2010,흰색,서울,2300,2WD
76992,캐딜락,CTS,2.0 프리미엄,가솔린,73677,2014,흰색,서울,2070,2WD
77010,캐딜락,레이,6.2,가솔린,46995,2018,흰색,서울,6890,2WD
77037,캐딜락,CT6,3.6 스포츠 ,가솔린,5300,2019,흰색,서울,5290,AWD
77052,캐딜락,레이,6.2 ESV,가솔린,17056,2017,흰색,서울,8500,2WD
77129,캐딜락,CTS,3.0 Performance,가솔린,107107,2013,흰색,경기,950,2WD
77130,캐딜락,CTS,3.0 Performance,가솔린,107107,2013,흰색,경기,950,2WD
77139,캐딜락,CTS,3.0 Performance,가솔린,165533,2010,흰색,경북,599,2WD
77146,캐딜락,CTS,3.0 Sport Wagon,가솔린,152092,2010,흰색,대전,1100,2WD
77198,캐딜락,CT6,2.0 터보,가솔린,31000,2018,흰색,서울,3790,2WD
77232,캐딜락,레이,6.2,가솔린,108000,2013,흰색,충북,3090,2WD
77408,캐딜락,CTS,3.0 Performance,가솔린,98900,2010,기타,대전,690,2WD
77459,캐딜락,ATS,2.0 프리미엄,가솔린,84028,2015,기타,경기,1490,2WD
77479,캐딜락,CTS,2.0 프리미엄,가솔린,67250,2015,기타,경기,2050,2WD
77545,캐딜락,CTS,3.0 Performance,가솔린,146656,2013,기타,경기,730,2WD
77573,캐딜락,CTS,2.8 Luxury,가솔린,74501,2008,기타,경기,599,2WD
77649,캐딜락,XT5,3.6 프리미엄 플러스 ,가솔린,13601,2019,기타,경기,4050,AWD
77654,캐딜락,XT5,3.6 프리미엄 플러스 ,가솔린,13601,2019,기타,경기,4050,AWD
77659,캐딜락,ATS,2.0 프리미엄,가솔린,57398,2013,기타,경기,1470,2WD
77984,캐딜락,ATS,3.6,가솔린,42800,2016,기타,서울,3650,2WD
77998,캐딜락,CT5,2.0 스포츠,가솔린,1371,2020,기타,경기,4890,2WD
78107,캐딜락,CT5,2.0 스포츠,가솔린,3248,2020,기타,대구,4690,2WD
78292,캐딜락,CTS,3.6 Premium,가솔린,144563,2009,회색,경기,549,2WD
78341,캐딜락,CTS,3.0 Sport Wagon,가솔린,121540,2013,회색,서울,990,2WD
78605,캐딜락,CTS,3.6 프리미엄,가솔린,159000,2005,회색,부산,250,2WD
79619,캐딜락,CTS,3.0 Performance,가솔린,94909,2012,회색,부산,950,2WD
79620,캐딜락,CTS,3.0 Performance,가솔린,94000,2012,회색,부산,950,2WD
79711,캐딜락,ATS,2.0 프리미엄 ,가솔린,112822,2013,회색,경기,1270,AWD
79747,캐딜락,CTS,2.8,가솔린,138946,2006,회색,경기,279,2WD
79908,캐딜락,CTS,3.0 Luxury,가솔린,104355,2010,회색,경기,630,2WD
79995,캐딜락,LS,2.0T,가솔린,163375,2007,회색,인천,490,2WD
80108,캐딜락,CTS,3.0 Luxury,가솔린,70632,2013,회색,경기,799,2WD
80163,캐딜락,레이,6.0,가솔린,164593,2006,회색,경기,1190,2WD
80181,캐딜락,CTS,3.0 Luxury,가솔린,110345,2011,회색,인천,500,2WD
80199,캐딜락,CTS,2.8,가솔린,61621,2006,회색,대전,299,2WD
80527,캐딜락,CTS,3.6 Luxury,가솔린,86310,2008,회색,서울,650,2WD
80612,캐딜락,CTS,3.0 Performance,가솔린,101000,2010,회색,경기,670,2WD
81197,캐딜락,ATS,2.0 프리미엄,가솔린,107049,2013,회색,대구,1230,2WD
81454,캐딜락,STS,4.6 Platinum Edition,가솔린,133000,2008,회색,충남,850,2WD
81579,캐딜락,CTS,3.6 Premium,가솔린,124700,2009,회색,광주,550,2WD
81609,캐딜락,CTS,2.0 럭셔리,가솔린,104888,2015,회색,경기,1590,2WD
81774,캐딜락,STS,3.6,가솔린,189372,2006,회색,대구,235,2WD
81891,캐딜락,STS,3.6,가솔린,183890,2011,회색,경기,390,2WD
82215,캐딜락,CTS,3.0 Luxury,가솔린,34500,2010,회색,대전,980,2WD
82282,캐딜락,CTS,3.6 Luxury,가솔린,80000,2008,회색,대구,875,2WD
82489,캐딜락,CT6,3.6 스포츠 ,가솔린,11000,2019,회색,서울,4681,AWD
82767,캐딜락,CT6,3.6 플래티넘 ,가솔린,82214,2019,흰색,경기,5100,AWD
82832,캐딜락,CTS,2.0 프리미엄,가솔린,72129,2015,흰색,인천,2150,2WD
82883,캐딜락,레이,6.2,가솔린,13259,2021,흰색,경기,18300,2WD
82887,캐딜락,레이,6.2,가솔린,85775,2019,흰색,경기,6990,2WD
82978,캐딜락,레이,6.2,가솔린,13259,2021,흰색,경기,18300,2WD
82983,캐딜락,레이,6.2,가솔린,85775,2019,흰색,경기,6990,2WD
83492,캐딜락,ATS,3.6 카본 패키지,가솔린,44655,2017,흰색,경기,4250,2WD
83497,캐딜락,레이,6.2,가솔린,864,2021,흰색,경기,15100,2WD
83698,캐딜락,XT5,3.6 플래티넘 ,가솔린,25119,2018,흰색,경기,4190,AWD
83927,캐딜락,CT6,2.0 터보,가솔린,58986,2018,흰색,서울,3590,2WD
84019,캐딜락,CT6,2.0 터보,가솔린,58986,2018,흰색,서울,3590,2WD
84061,캐딜락,CTS,2.0 프리미엄,가솔린,101028,2015,흰색,광주,2120,2WD
84174,캐딜락,CTS,2.0 프리미엄,가솔린,101028,2015,흰색,광주,2120,2WD
84212,캐딜락,XT6,3.6 스포츠,가솔린,27000,2020,흰색,서울,6270,2WD
84295,캐딜락,ATS,2.0 럭셔리,가솔린,45824,2016,흰색,경기,1810,2WD
84650,캐딜락,ATS,2.0 프리미엄,가솔린,40433,2017,흰색,경기,2280,2WD
84731,캐딜락,ATS,2.0 프리미엄,가솔린,40433,2017,흰색,경기,2280,2WD
84820,캐딜락,CT6,3.6 프리미엄 ,가솔린,83528,2017,흰색,대구,3290,AWD
84833,캐딜락,CT6,3.6 플래티넘 ,가솔린,21000,2019,흰색,부산,5750,AWD
85143,캐딜락,CTS,V8 6.2L,가솔린,137968,2010,흰색,충남,2250,2WD
85457,캐딜락,CT6,3.6 스포츠 ,가솔린,12300,2019,흰색,대구,5970,AWD
85626,캐딜락,ATS,3.6 카본 패키지,가솔린,56940,2016,흰색,경기,3490,2WD
86295,캐딜락,CT6,3.6 플래티넘 ,가솔린,38669,2018,흰색,경기,4780,AWD
86300,캐딜락,ATS,2.0 프리미엄,가솔린,67044,2015,흰색,경기,2120,2WD
86393,캐딜락,XT5,3.6 스포츠 ,가솔린,11645,2020,흰색,대구,5250,AWD
86397,캐딜락,ATS,2.0 프리미엄,가솔린,67044,2015,흰색,경기,2120,2WD
86406,캐딜락,CT6,3.6 플래티넘 ,가솔린,38669,2018,흰색,경기,4780,AWD
86662,캐딜락,레이,6.2 ESV,가솔린,93375,2016,흰색,경기,5599,2WD
86709,캐딜락,ATS,2.0 쿠페,가솔린,26958,2019,흰색,경기,2630,2WD
86738,캐딜락,XT5,3.6 플래티넘 ,가솔린,6368,2019,흰색,대구,4499,AWD
86983,캐딜락,ATS,2.0 쿠페,가솔린,27475,2017,흰색,경기,2350,2WD
87020,캐딜락,ATS,2.0 쿠페,가솔린,27475,2017,흰색,경기,2350,2WD
87039,캐딜락,XT6,3.6 스포츠,가솔린,40514,2020,흰색,대구,6190,2WD
87089,캐딜락,CTS,2.0 프리미엄,가솔린,72848,2016,흰색,인천,2390,2WD
87129,캐딜락,ATS,2.0 프리미엄,가솔린,84964,2017,흰색,서울,1999,2WD
87233,캐딜락,CTS,2.0 프리미엄,가솔린,55850,2016,흰색,경기,2350,2WD
87374,캐딜락,레이,6.2,가솔린,9145,2020,흰색,부산,9050,2WD
87733,캐딜락,CTS,2.0 프리미엄,가솔린,43694,2015,흰색,서울,2350,2WD
87847,캐딜락,CTS,2.0 프리미엄,가솔린,43694,2015,흰색,서울,2350,2WD
87866,캐딜락,XT5,3.6 플래티넘 ,가솔린,13317,2019,흰색,충남,4299,AWD
87953,캐딜락,XT5,3.6 플래티넘 ,가솔린,13317,2019,흰색,충남,4299,AWD
87969,캐딜락,레이,6.2,가솔린,10207,2020,흰색,서울,8500,2WD
88034,캐딜락,CTS,2.0 럭셔리,가솔린,37689,2014,흰색,인천,1930,2WD
88082,캐딜락,CT4,2.0 스포츠,가솔린,356,2020,흰색,경기,4070,2WD
88084,캐딜락,CT6,3.6 플래티넘 ,가솔린,78487,2017,흰색,부산,3520,AWD
88087,캐딜락,레이,6.2,가솔린,39704,2018,흰색,대전,7100,2WD
88128,캐딜락,CT6,3.6 플래티넘 ,가솔린,78487,2017,흰색,부산,3520,AWD
88151,캐딜락,ATS,2.0 프리미엄,가솔린,67730,2016,흰색,울산,1990,2WD
88329,캐딜락,CT6,3.6 프리미엄 ,가솔린,51580,2017,흰색,서울,3450,AWD
88336,캐딜락,레이,6.2,가솔린,29000,2019,흰색,서울,7850,2WD
88466,캐딜락,XT5,3.6 프리미엄 럭셔리 ,가솔린,7604,2020,흰색,경기,4830,AWD
88502,캐딜락,XT5,3.6 프리미엄 럭셔리 ,가솔린,7604,2020,흰색,경기,4830,AWD
88654,캐딜락,레이,6.2,가솔린,6000,2020,흰색,경기,9390,2WD
88697,캐딜락,ATS,2.0 프리미엄,가솔린,59785,2017,흰색,부산,1840,2WD
88724,캐딜락,ATS,2.0 프리미엄,가솔린,49481,2018,흰색,서울,2349,2WD
88815,캐딜락,CT6,3.6 플래티넘 ,가솔린,52550,2018,흰색,서울,4650,AWD
89296,캐딜락,CTS,2.0 프리미엄,가솔린,66809,2016,흰색,서울,2330,2WD
89417,캐딜락,레이,6.2,가솔린,33581,2018,흰색,경기,7450,2WD
89606,캐딜락,STS,3.6,가솔린,78806,2011,흰색,경기,490,2WD
89681,캐딜락,CTS,3.0 Luxury,가솔린,182301,2010,흰색,경기,520,2WD
89963,캐딜락,CT6,3.6 스포츠 ,가솔린,7082,2019,흰색,인천,5520,AWD
89991,캐딜락,CTS,3.0 Performance,가솔린,76200,2013,흰색,경기,1030,2WD
90173,캐딜락,레이,6.2,가솔린,25213,2019,흰색,경기,7890,2WD
90201,캐딜락,레이,6.2,가솔린,25213,2019,흰색,경기,7890,2WD
90255,캐딜락,CT6,2.0 터보,가솔린,58000,2018,흰색,충북,3250,2WD
90338,캐딜락,ATS,2.0 프리미엄,가솔린,78135,2017,흰색,경기,2120,2WD
90354,캐딜락,CTS,3.0 Sport Wagon,가솔린,99441,2012,흰색,경기,1390,2WD
90409,캐딜락,CT6,2.0 터보,가솔린,106168,2018,흰색,부산,3222,2WD
90427,캐딜락,CTS,3.0 Sport Wagon,가솔린,148504,2011,흰색,경기,1190,2WD
90459,캐딜락,레이,6.2,가솔린,84659,2008,흰색,서울,2150,2WD
90499,캐딜락,CTS,V8 6.2L,가솔린,62080,2010,흰색,경기,2879,2WD
90640,캐딜락,CTS,2.0 프리미엄,가솔린,49180,2015,흰색,충남,2320,2WD
90777,캐딜락,레이,6.2,가솔린,32248,2019,흰색,경기,7500,2WD
90941,캐딜락,ATS,2.0 프리미엄,가솔린,52959,2018,흰색,부산,2800,2WD
90971,캐딜락,CTS,2.0 프리미엄,가솔린,66315,2015,흰색,경기,2150,2WD
91260,캐딜락,XT5,3.6 스포츠 ,가솔린,14073,2020,흰색,경기,5549,AWD
91356,캐딜락,레이,6.2 ESV,가솔린,28280,2016,흰색,광주,7000,2WD
91405,캐딜락,ATS,2.0 프리미엄,가솔린,65892,2016,흰색,경기,1950,2WD
91433,캐딜락,XT5,3.6 플래티넘 ,가솔린,40626,2018,흰색,경기,3750,AWD
91436,캐딜락,XT5,3.6 플래티넘 ,가솔린,40626,2018,흰색,경기,3750,AWD
91487,캐딜락,ATS,2.0 프리미엄,가솔린,32692,2018,흰색,경기,2470,2WD
91667,캐딜락,CTS,3.0 Luxury,가솔린,104636,2010,흰색,경기,629,2WD
91749,캐딜락,CT6,2.0 터보,가솔린,111818,2018,흰색,경기,3100,2WD
91834,캐딜락,레이,6.2,가솔린,9300,2020,흰색,서울,9400,2WD
91960,캐딜락,CTS,2.0 럭셔리,가솔린,68167,2014,흰색,경기,1970,2WD
91969,캐딜락,레이,6.2,가솔린,1512,2021,흰색,경기,15000,2WD
92287,캐딜락,CTS,V8 6.2L,가솔린,31500,2016,흰색,경기,6700,2WD
92342,캐딜락,ATS,3.6 카본 패키지,가솔린,56940,2016,흰색,경기,3490,2WD
92453,캐딜락,SRX,3.0 Luxury,가솔린,133546,2012,흰색,부산,1290,2WD
92722,캐딜락,CT6,3.6 프리미엄 ,가솔린,28136,2017,흰색,경기,3830,AWD
92769,캐딜락,STS,3.6,가솔린,118949,2010,흰색,경기,460,2WD
92859,캐딜락,XT5,3.6 플래티넘 ,가솔린,8950,2019,흰색,대구,4590,AWD
92861,캐딜락,XT5,3.6 플래티넘 ,가솔린,8950,2019,흰색,대구,4590,AWD
92893,캐딜락,레이,6.2,가솔린,39112,2018,흰색,서울,7000,2WD
93122,캐딜락,ATS,2.0 프리미엄,가솔린,51323,2017,흰색,경기,2190,2WD
93385,캐딜락,CTS,2.0 프리미엄,가솔린,42000,2017,흰색,대구,2750,2WD
93585,캐딜락,CTS,2.0 럭셔리,가솔린,108833,2016,흰색,광주,1950,2WD
93719,캐딜락,ATS,2.0 럭셔리,가솔린,116933,2013,흰색,경기,1050,2WD
93740,캐딜락,레이,6.2,가솔린,35200,2019,흰색,부산,7770,2WD
93784,캐딜락,XT5,3.6 프리미엄 럭셔리 ,가솔린,2480,2020,흰색,대구,5150,AWD
93853,캐딜락,CT6,3.6 플래티넘 ,가솔린,50500,2018,흰색,경남,4640,AWD
94074,캐딜락,ATS,2.0 럭셔리,가솔린,76067,2013,흰색,경기,1270,2WD
94102,캐딜락,CTS,2.0 프리미엄,가솔린,61234,2017,흰색,경기,2500,2WD
94227,캐딜락,SRX,3.0 Luxury,가솔린,149000,2010,흰색,전북,930,2WD
94365,캐딜락,CT6,3.6 플래티넘 ,가솔린,74500,2017,흰색,경기,2238,AWD
94409,캐딜락,XT5,3.6 프리미엄 ,가솔린,23500,2019,흰색,부산,3713,AWD
