,brand,name,info,type,km,year,color,location,price,wd
62023,크라이슬러,300C,3.6,가솔린,70150,2016,검정색,경기,1930,2WD
62224,크라이슬러,300C,3.0 ,디젤,205909,2012,검정색,경기,750,2WD
62269,크라이슬러,300C,3.5,가솔린,108169,2007,검정색,대구,490,2WD
62536,크라이슬러,300C,3.5 시그니처,가솔린,180000,2010,검정색,부산,399,2WD
62538,크라이슬러,300C,3.6,가솔린,215169,2012,검정색,경기,770,2WD
62711,크라이슬러,300C,3.6,가솔린,81612,2012,검정색,경기,1290,2WD
63108,크라이슬러,300C,3.6,가솔린,162115,2012,검정색,경기,800,2WD
63172,크라이슬러,퍼시피카,4.0L V6,가솔린,159134,2007,검정색,대구,680,2WD
63214,크라이슬러,크로스파이어,쿠페 3.2,가솔린,122224,2005,검정색,광주,740,2WD
63348,크라이슬러,300C,3.5,가솔린,174805,2006,검정색,경남,298,2WD
63412,크라이슬러,300C,3.6,가솔린,213000,2015,검정색,인천,1060,2WD
63478,크라이슬러,300C,3.6,가솔린,74560,2014,검정색,서울,1390,2WD
63634,크라이슬러,300C,3.0 ,디젤,248063,2012,검정색,인천,720,2WD
63805,크라이슬러,300C,3.6 ,가솔린,69959,2014,검정색,경기,1590,AWD
63832,크라이슬러,300C,3.6,가솔린,182000,2012,검정색,경기,1100,2WD
63994,크라이슬러,200,2.4 리미티드,가솔린,21937,2015,검정색,경기,1370,2WD
64028,크라이슬러,세브링,2.4 세단,가솔린,121337,2007,검정색,경남,275,2WD
64054,크라이슬러,200,2.4 리미티드,가솔린,21937,2015,검정색,경기,1370,2WD
64068,크라이슬러,300C,3.5 시그니처,가솔린,69735,2010,검정색,경남,490,2WD
64147,크라이슬러,200,2.4 C,가솔린,22150,2015,검정색,경기,1330,2WD
64213,크라이슬러,200,2.4 리미티드,가솔린,59035,2015,검정색,대구,1040,2WD
64217,크라이슬러,200,2.4 C,가솔린,22150,2015,검정색,경기,1330,2WD
64530,크라이슬러,세브링,2.7 컨버터블,가솔린,144535,2008,검정색,경기,440,2WD
64565,크라이슬러,300C,3.6,가솔린,81367,2011,검정색,경기,790,2WD
64570,크라이슬러,300C,3.6,가솔린,81367,2011,검정색,경기,790,2WD
64614,크라이슬러,300C,3.0 ,디젤,59482,2014,검정색,광주,1720,2WD
64650,크라이슬러,세브링,2.4 컨버터블,가솔린,122381,2009,검정색,경기,650,2WD
64666,크라이슬러,300C,3.6,가솔린,94819,2014,검정색,대구,1333,2WD
64667,크라이슬러,300C,3.0 ,디젤,59482,2014,검정색,광주,1720,2WD
64808,크라이슬러,200,2.4 C,가솔린,56822,2015,검정색,경기,1250,2WD
64971,크라이슬러,300C,2.7 시그니처,가솔린,166072,2010,검정색,충남,420,2WD
64982,크라이슬러,퍼시피카,3.6L V6,가솔린,56797,2017,검정색,경기,3650,2WD
64991,크라이슬러,퍼시피카,3.6L V6,가솔린,56797,2017,검정색,경기,3650,2WD
65064,크라이슬러,300C,3.0 ,디젤,236455,2014,검정색,경남,970,2WD
65117,크라이슬러,300C,3.0 ,디젤,74282,2010,검정색,경기,950,2WD
65158,크라이슬러,300C,3.0 ,디젤,90000,2014,검정색,대전,1580,2WD
65233,크라이슬러,300C,2.7,가솔린,104000,2008,검정색,부산,510,2WD
65555,크라이슬러,300C,5.7 헤미,가솔린,144453,2006,검정색,충북,980,2WD
65615,크라이슬러,300C,3.0 ,디젤,100861,2014,검정색,경남,1450,2WD
65640,크라이슬러,300C,3.6,가솔린,146024,2013,검정색,부산,970,2WD
65653,크라이슬러,200,2.4 C,가솔린,115000,2015,검정색,경기,850,2WD
65688,크라이슬러,PT 크루저,2.4L,가솔린,219487,2004,검정색,부산,210,2WD
65733,크라이슬러,300C,2.7,가솔린,215800,2007,검정색,경기,350,2WD
65757,크라이슬러,퍼시피카,4.0L V6,가솔린,200000,2007,검정색,경기,390,2WD
65804,크라이슬러,그랜드 보이저,3.6 LIMITED,가솔린,147184,2011,검정색,경기,1380,2WD
65883,크라이슬러,300C,3.0 ,디젤,98522,2014,검정색,부산,1750,2WD
65887,크라이슬러,300C,3.0 ,디젤,98522,2014,검정색,부산,1750,2WD
65935,크라이슬러,300C,3.5,가솔린,150245,2006,검정색,울산,350,2WD
65964,크라이슬러,300C,3.0 ,디젤,157520,2013,검정색,경기,1030,2WD
65967,크라이슬러,세브링,2.4 컨버터블,가솔린,200000,2009,검정색,대구,492,2WD
66050,크라이슬러,세브링,2.7 컨버터블,가솔린,108000,2008,검정색,경기,490,2WD
66257,크라이슬러,300C,3.6,가솔린,67490,2012,검정색,경북,1620,2WD
66377,크라이슬러,300C,3.6,가솔린,70000,2015,검정색,부산,1530,2WD
66425,크라이슬러,300C,2.7 시그니처,가솔린,128466,2009,검정색,경기,350,2WD
66847,크라이슬러,300C,3.6,가솔린,83586,2013,검정색,서울,1170,2WD
66918,크라이슬러,200,2.4 C,가솔린,84300,2015,검정색,경기,1130,2WD
67075,크라이슬러,300C,3.6,가솔린,120000,2012,검정색,서울,790,2WD
67124,크라이슬러,300C,3.6,가솔린,102508,2014,검정색,경기,1240,2WD
67154,크라이슬러,300C,3.6,가솔린,148043,2012,검정색,경기,770,2WD
67375,크라이슬러,200,2.4 리미티드,가솔린,122763,2015,검정색,부산,790,2WD
67381,크라이슬러,200,2.4 리미티드,가솔린,122763,2015,검정색,부산,790,2WD
67892,크라이슬러,300C,3.6,가솔린,119807,2014,검정색,부산,1180,2WD
67894,크라이슬러,300C,3.6,가솔린,119807,2014,검정색,부산,1180,2WD
67997,크라이슬러,300C,3.0 ,디젤,194868,2012,검정색,경기,880,2WD
68269,크라이슬러,300C,3.6,가솔린,48500,2012,검정색,부산,1250,2WD
68376,크라이슬러,300C,2.7,가솔린,199152,2008,검정색,울산,450,2WD
68377,크라이슬러,300C,3.0 ,디젤,104828,2012,검정색,울산,1000,2WD
68579,크라이슬러,300C,3.6 ,가솔린,121423,2016,검정색,전북,1850,AWD
68782,크라이슬러,그랜드 보이저,3.8,가솔린,134723,2010,검정색,경기,1080,2WD
69039,크라이슬러,300C,3.0 ,디젤,235122,2012,검정색,경기,640,2WD
69041,크라이슬러,300C,3.0 ,디젤,115370,2013,검정색,경기,1090,2WD
69085,크라이슬러,그랜드 보이저,3.8,가솔린,202120,2009,검정색,경기,745,2WD
69441,크라이슬러,300C,3.6,가솔린,56000,2016,검정색,경기,2100,2WD
69712,크라이슬러,300C,3.0 ,디젤,143000,2013,검정색,전북,1050,2WD
69717,크라이슬러,300C,5.7 헤미,가솔린,184000,2006,검정색,경기,1000,2WD
69722,크라이슬러,300C,3.5,가솔린+LPG,142640,2008,검정색,충남,500,2WD
71285,크라이슬러,프라울러,3.5,가솔린,27945,2001,기타,서울,8000,2WD
72516,크라이슬러,300C,3.5,가솔린,232551,2007,기타,경기,230,2WD
72747,크라이슬러,300C,3.6,가솔린,151661,2012,회색,경기,749,2WD
72972,크라이슬러,300C,3.6 ,가솔린,78068,2016,회색,인천,1950,AWD
73008,크라이슬러,300C,3.6 ,가솔린,78068,2016,회색,인천,1950,AWD
73049,크라이슬러,200,2.4 C,가솔린,97000,2015,회색,대구,780,2WD
73297,크라이슬러,300C,3.6,가솔린,59058,2014,회색,대구,1390,2WD
73309,크라이슬러,200,2.4 C,가솔린,135455,2015,회색,경기,820,2WD
73386,크라이슬러,300C,3.0 ,디젤,216434,2012,회색,경북,550,2WD
74310,크라이슬러,300C,3.0 ,디젤,89804,2014,회색,부산,1450,2WD
74335,크라이슬러,캐러밴,GRAND 3.3H(LWB),가솔린,189000,2000,회색,경기,380,2WD
74392,크라이슬러,300C,3.0 ,디젤,149000,2008,회색,부산,690,2WD
74830,크라이슬러,300C,3.6,가솔린,140088,2011,회색,경기,740,2WD
74943,크라이슬러,300C,3.6,가솔린,98078,2011,회색,인천,750,2WD
75362,크라이슬러,200,2.4 C,가솔린,68332,2015,회색,경기,1259,2WD
75392,크라이슬러,세브링,2.7 컨버터블,가솔린,147438,2008,회색,경기,590,2WD
75484,크라이슬러,300C,3.0 ,디젤,196524,2012,회색,인천,799,2WD
75676,크라이슬러,300C,3.6,가솔린,180501,2015,회색,경기,1220,2WD
76246,크라이슬러,200,2.4 C,가솔린,71395,2015,회색,경기,1040,2WD
76628,크라이슬러,200,2.4 리미티드,가솔린,78128,2015,회색,전북,890,2WD
76874,크라이슬러,PT 크루저,2.4L,가솔린,81160,2006,흰색,대구,650,2WD
76882,크라이슬러,300C,3.5 시그니처,가솔린,105100,2009,흰색,대전,450,2WD
76946,크라이슬러,PT 크루저,Cabrio 2.4L,가솔린,172900,2006,흰색,경기,550,2WD
77135,크라이슬러,PT 크루저,2.4L,가솔린,100000,2005,흰색,부산,320,2WD
77589,크라이슬러,PT 크루저,2.4L,가솔린,91946,2004,기타,부산,480,2WD
77717,크라이슬러,PT 크루저,2.4L,가솔린,113895,2007,기타,충남,399,2WD
77758,크라이슬러,PT 크루저,2.4L,가솔린,103294,2006,기타,대구,499,2WD
78094,크라이슬러,PT 크루저,2.4L,가솔린,121800,2008,기타,경기,410,2WD
78313,크라이슬러,300C,3.6,가솔린,104573,2014,회색,경기,1150,2WD
78343,크라이슬러,300C,3.6,가솔린,104573,2014,회색,경기,1150,2WD
78531,크라이슬러,300C,3.5,가솔린,108143,2010,회색,서울,490,2WD
78607,크라이슬러,세브링,2.4 세단,가솔린,236839,2009,회색,부산,169,2WD
78692,크라이슬러,PT 크루저,2.4L,가솔린,99570,2008,회색,경기,390,2WD
78786,크라이슬러,300C,3.6,가솔린,108428,2012,회색,경기,750,2WD
78787,크라이슬러,300C,3.5,가솔린,188059,2005,회색,경기,230,2WD
78818,크라이슬러,300C,2.7 시그니처,가솔린,173148,2008,회색,대구,390,2WD
78840,크라이슬러,300C,3.0 ,디젤,249448,2012,회색,경남,1260,2WD
78910,크라이슬러,300C,3.6 ,가솔린,65678,2017,회색,경기,2290,AWD
78958,크라이슬러,300C,3.6 ,가솔린,65678,2017,회색,경기,2290,AWD
79011,크라이슬러,300C,3.6 프레스티지,가솔린,76447,2012,회색,대구,1340,2WD
79038,크라이슬러,세브링,2.4 세단,가솔린,50053,2009,회색,경기,399,2WD
79085,크라이슬러,300C,2.7,가솔린,146431,2007,회색,부산,310,2WD
79132,크라이슬러,세브링,2.4 세단,가솔린,176000,2007,회색,경기,259,2WD
79135,크라이슬러,세브링,2.7 Sedan,가솔린,121000,2005,회색,경기,229,2WD
79191,크라이슬러,300C,3.0 ,디젤,86347,2013,회색,경기,1370,2WD
79301,크라이슬러,300C,3.6 프레스티지,가솔린,97853,2013,회색,경기,890,2WD
79340,크라이슬러,300C,3.0 ,디젤,222916,2008,회색,대구,440,2WD
79380,크라이슬러,300C,3.6,가솔린,105739,2012,회색,경기,739,2WD
79396,크라이슬러,300C,3.0 ,디젤,153590,2012,회색,서울,899,2WD
79415,크라이슬러,300C,2.7,가솔린,158500,2007,회색,경북,330,2WD
79475,크라이슬러,세브링,2.4 컨버터블,가솔린,109000,2009,회색,대구,499,2WD
79565,크라이슬러,300C,5.7 헤미,가솔린,98184,2006,회색,대전,980,2WD
79600,크라이슬러,300C,3.5,가솔린,241787,2008,회색,경북,320,2WD
79623,크라이슬러,퍼시피카,4.0L V6,가솔린,146000,2007,회색,제주,720,2WD
79700,크라이슬러,300C,2.7 시그니처,가솔린,68900,2009,회색,경기,650,2WD
79743,크라이슬러,300C,2.7 시그니처,가솔린,107291,2008,회색,부산,420,2WD
79799,크라이슬러,PT 크루저,2.4L,가솔린,120737,2009,회색,부산,390,2WD
79911,크라이슬러,그랜드 보이저,3.8,가솔린+LPG,175169,2009,회색,경기,1080,2WD
79914,크라이슬러,300C,3.0 ,디젤,236786,2012,회색,대구,790,2WD
80046,크라이슬러,PT 크루저,2.4L,가솔린,85000,2006,회색,대구,492,2WD
80048,크라이슬러,PT 크루저,2.4L,가솔린,179000,2003,회색,대구,392,2WD
80054,크라이슬러,PT 크루저,2.4L,가솔린,120000,2008,회색,대구,492,2WD
80088,크라이슬러,300C,3.0 ,디젤,162988,2008,회색,경기,490,2WD
80120,크라이슬러,300C,3.5,가솔린,93288,2010,회색,경기,550,2WD
80167,크라이슬러,세브링,2.4 컨버터블,가솔린,108126,2009,회색,경기,490,2WD
80191,크라이슬러,300C,3.6 ,가솔린,62000,2016,회색,경기,1890,AWD
80218,크라이슬러,세브링,2.4 컨버터블,가솔린,105000,2008,회색,서울,520,2WD
80256,크라이슬러,300C,3.6 ,가솔린,105000,2013,회색,경기,1090,AWD
80274,크라이슬러,300C,3.0  시그니처,디젤,243943,2009,회색,서울,350,2WD
80320,크라이슬러,300C,3.0 ,디젤,172700,2008,회색,부산,420,2WD
80342,크라이슬러,세브링,2.4 세단,가솔린,115000,2007,회색,부산,249,2WD
80458,크라이슬러,300C,3.6,가솔린,96900,2016,회색,대구,1620,2WD
80508,크라이슬러,300C,3.6,가솔린,122113,2012,회색,충남,889,2WD
80531,크라이슬러,PT 크루저,2.4L,가솔린,171100,2010,회색,경기,370,2WD
80557,크라이슬러,퍼시피카,3.5L V6,가솔린,90000,2005,회색,경기,690,2WD
80602,크라이슬러,300C,3.5 시그니처,가솔린,200000,2007,회색,경남,390,2WD
80603,크라이슬러,300C,3.6,가솔린,80000,2012,회색,경남,1040,2WD
80631,크라이슬러,PT 크루저,2.4L,가솔린,160000,2005,회색,경기,199,2WD
80644,크라이슬러,300C,3.5,가솔린,119721,2007,회색,충남,399,2WD
80662,크라이슬러,퍼시피카,3.5L V6,가솔린,165786,2006,회색,경기,580,2WD
80785,크라이슬러,PT 크루저,Cabrio 2.4L,가솔린,89598,2007,회색,대전,670,2WD
80805,크라이슬러,300C,3.5,가솔린,88888,2010,회색,경기,850,2WD
80870,크라이슬러,300C,2.7 시그니처,가솔린,83400,2009,회색,경기,580,2WD
80895,크라이슬러,PT 크루저,2.4L,가솔린,61381,2003,회색,경기,390,2WD
80945,크라이슬러,300C,3.0 ,디젤,142000,2013,회색,경기,1250,2WD
81095,크라이슬러,300C,3.6,가솔린,142228,2012,회색,충남,999,2WD
81228,크라이슬러,300C,3.0 ,디젤,180180,2008,회색,울산,490,2WD
81347,크라이슬러,300C,3.0 ,디젤,151722,2013,회색,울산,990,2WD
81414,크라이슬러,300C,3.6,가솔린,108531,2012,회색,대구,870,2WD
81479,크라이슬러,300C,3.0 ,디젤,138601,2007,회색,대구,590,2WD
81522,크라이슬러,세브링,2.4 컨버터블,가솔린,82595,2009,회색,경기,450,2WD
81530,크라이슬러,300C,3.6,가솔린,211663,2012,회색,대구,750,2WD
81651,크라이슬러,PT 크루저,2.4L,가솔린,61500,2007,회색,부산,390,2WD
81681,크라이슬러,300C,6.1 SRT8,가솔린,148000,2008,회색,부산,2100,2WD
81760,크라이슬러,300C,3.0 ,디젤,175754,2012,회색,경남,890,2WD
81793,크라이슬러,300C,3.0  시그니처,디젤,183331,2008,회색,경기,399,2WD
81854,크라이슬러,세브링,2.4 세단,가솔린,68000,2008,회색,서울,350,2WD
81860,크라이슬러,그랜드 보이저,3.8,가솔린,137126,2008,회색,부산,1090,2WD
81895,크라이슬러,300C,3.0 ,디젤,167829,2007,회색,경남,600,2WD
82005,크라이슬러,PT 크루저,2.4L,가솔린,118430,2004,회색,경기,280,2WD
82060,크라이슬러,200,2.4 C,가솔린,67693,2015,회색,경기,930,2WD
82067,크라이슬러,300C,3.0 ,디젤,160000,2013,회색,경남,1120,2WD
82227,크라이슬러,300C,3.6,가솔린,73000,2013,회색,서울,1250,2WD
82235,크라이슬러,300C,3.6,가솔린,122546,2013,회색,경기,1180,2WD
82236,크라이슬러,300C,3.6,가솔린,85300,2011,회색,서울,880,2WD
82370,크라이슬러,300C,3.5,가솔린,192400,2008,회색,경기,190,2WD
82376,크라이슬러,PT 크루저,Cabrio 2.4L,가솔린,84200,2007,회색,대구,510,2WD
82398,크라이슬러,300C,3.5,가솔린,170000,2008,회색,대구,249,2WD
82443,크라이슬러,PT 크루저,Cabrio 2.4L,가솔린,132769,2007,회색,인천,640,2WD
82459,크라이슬러,PT 크루저,2.4L,가솔린,62000,2007,회색,서울,490,2WD
82548,크라이슬러,300C,3.5,가솔린,180000,2006,회색,충남,230,2WD
82608,크라이슬러,300C,3.6,가솔린,94000,2011,회색,광주,990,2WD
82618,크라이슬러,300C,3.6,가솔린,154000,2012,회색,경남,1100,2WD
83095,크라이슬러,300C,3.6,가솔린,79385,2015,흰색,인천,1590,2WD
83353,크라이슬러,300C,3.6 프레스티지,가솔린,99156,2012,흰색,경기,870,2WD
83588,크라이슬러,300C,5.7 헤미,가솔린,102022,2008,흰색,경기,820,2WD
85810,크라이슬러,300C,3.6 프레스티지,가솔린,288443,2013,흰색,인천,490,2WD
86508,크라이슬러,300C,3.6,가솔린,62358,2016,흰색,경기,2070,2WD
86586,크라이슬러,300C,3.6,가솔린,62358,2016,흰색,경기,2070,2WD
86742,크라이슬러,300C,3.0 ,디젤,186207,2012,흰색,경기,830,2WD
86875,크라이슬러,300C,3.6,가솔린,131879,2014,흰색,경기,1090,2WD
86916,크라이슬러,300C,3.6,가솔린,137893,2014,흰색,대전,1050,2WD
87824,크라이슬러,200,2.4 C,가솔린,29037,2015,흰색,경기,1300,2WD
88402,크라이슬러,300C,3.6 ,가솔린,123896,2015,흰색,대구,1930,AWD
88600,크라이슬러,300C,3.0 ,디젤,82858,2014,흰색,대전,2999,2WD
88883,크라이슬러,300C,3.0 ,디젤,221293,2013,흰색,경기,849,2WD
88886,크라이슬러,300C,3.0 ,디젤,109051,2012,흰색,경기,1249,2WD
88947,크라이슬러,200,2.4 C,가솔린,47365,2015,흰색,경기,1130,2WD
89331,크라이슬러,300C,3.6,가솔린,120000,2012,흰색,경남,1070,2WD
89332,크라이슬러,300C,2.7,가솔린,92790,2008,흰색,경기,530,2WD
89458,크라이슬러,300C,3.0 ,디젤,194918,2012,흰색,대전,860,2WD
89523,크라이슬러,200,2.4 리미티드,가솔린,39900,2015,흰색,대구,1387,2WD
89686,크라이슬러,200,2.4 리미티드,가솔린,62597,2015,흰색,대구,1099,2WD
90005,크라이슬러,200,2.4 C,가솔린,29996,2015,흰색,경기,1450,2WD
90167,크라이슬러,200,2.4 리미티드,가솔린,33204,2015,흰색,울산,1550,2WD
90216,크라이슬러,300C,3.0 ,디젤,182135,2013,흰색,경기,1070,2WD
90688,크라이슬러,200,2.4 리미티드,가솔린,42092,2015,흰색,부산,1050,2WD
90798,크라이슬러,300C,3.0 ,디젤,217000,2014,흰색,대구,999,2WD
92136,크라이슬러,200,2.4 C,가솔린,53570,2015,흰색,경기,1150,2WD
92864,크라이슬러,300C,3.6,가솔린,154270,2011,흰색,경남,790,2WD
93231,크라이슬러,300C,3.6,가솔린,144182,2011,흰색,충북,950,2WD
93448,크라이슬러,300C,3.6,가솔린,87691,2014,흰색,경기,1340,2WD
93449,크라이슬러,300C,3.6,가솔린,87691,2014,흰색,경기,1340,2WD
93599,크라이슬러,300C,5.7 헤미,가솔린,225000,2006,흰색,경북,700,2WD
93918,크라이슬러,300C,리무진,가솔린,142006,2006,흰색,대구,2150,2WD
94118,크라이슬러,300C,5.7 헤미,가솔린,245000,2005,흰색,전남,550,2WD
94235,크라이슬러,세브링,2.7 Convertible,가솔린,86186,2006,흰색,경기,499,2WD
94442,크라이슬러,300C,3.6 프레스티지,가솔린,105000,2012,흰색,세종,1100,2WD
94460,크라이슬러,300C,3.6,가솔린,115000,2016,흰색,경북,1950,2WD
94497,크라이슬러,200,2.4 리미티드,가솔린,116969,2015,흰색,부산,795,2WD
