,brand,name,info,type,km,year,color,location,price,wd
62056,테슬라,모델 3,롱 레인지,전기,29249,2020,검정색,대구,87,2WD
62856,테슬라,모델 S,90D,전기,65252,2017,검정색,대구,6750,2WD
63975,테슬라,모델 3,롱 레인지,전기,29242,2020,검정색,대구,5299,2WD
66814,테슬라,모델 3,스탠다드 레인지 플러스,전기,21000,2020,검정색,경기,4130,2WD
66815,테슬라,모델 3,스탠다드 레인지 플러스,전기,17900,2020,검정색,경기,4190,2WD
67093,테슬라,모델 X,롱 레인지,전기,50816,2020,검정색,경기,12150,2WD
67326,테슬라,모델 S,75D,전기,87300,2019,검정색,경기,6250,2WD
67330,테슬라,모델 S,75D,전기,70405,2019,검정색,경기,6350,2WD
67904,테슬라,모델 S,90D,전기,61338,2017,검정색,경기,6950,2WD
67909,테슬라,모델 S,90D,전기,61338,2017,검정색,경기,6950,2WD
69335,테슬라,모델 3,스탠다드 레인지 플러스,전기,31000,2020,검정색,경기,2864,2WD
69507,테슬라,모델 3,롱 레인지,전기,17800,2020,검정색,서울,6500,2WD
69838,테슬라,모델 3,롱 레인지,전기,25000,2020,기타,경기,1256,2WD
71740,테슬라,모델 Y,스탠다드 레인지,전기,12000,2021,기타,충북,4990,2WD
71992,테슬라,모델 3,퍼포먼스,전기,12500,2020,기타,서울,6350,2WD
72567,테슬라,모델 S,100D,전기,50117,2019,회색,경기,8650,2WD
72717,테슬라,모델 3,스탠다드 레인지 플러스,전기,16711,2020,회색,서울,4320,2WD
72909,테슬라,모델 X,100D,전기,20677,2018,회색,경기,12600,2WD
73522,테슬라,모델 S,90D,전기,16730,2018,회색,경기,7700,2WD
73564,테슬라,모델 S,90D,전기,16730,2018,회색,경기,7700,2WD
73935,테슬라,모델 S,90D,전기,56506,2017,회색,서울,6500,2WD
74736,테슬라,모델 S,90D,전기,39182,2017,회색,경기,6950,2WD
74743,테슬라,모델 S,90D,전기,39182,2017,회색,경기,6950,2WD
74791,테슬라,모델 3,롱 레인지,전기,9095,2020,회색,대구,5899,2WD
74792,테슬라,모델 3,스탠다드 레인지 플러스,전기,13079,2021,회색,대구,5699,2WD
75803,테슬라,모델 3,롱 레인지,전기,2000,2021,회색,서울,5990,2WD
76065,테슬라,모델 3,스탠다드 레인지 플러스,전기,9683,2020,회색,경기,4480,2WD
76666,테슬라,모델 S,90D,전기,26200,2017,회색,부산,7700,2WD
76675,테슬라,모델 3,롱 레인지,전기,47000,2020,회색,경기,5100,2WD
78120,테슬라,모델 3,퍼포먼스,전기,36185,2020,기타,경기,6800,2WD
82994,테슬라,모델 3,스탠다드 레인지 플러스,전기,22915,2020,흰색,서울,4260,2WD
83145,테슬라,모델 3,퍼포먼스,전기,31000,2020,흰색,인천,6100,2WD
84527,테슬라,모델 3,스탠다드 레인지 플러스,전기,36204,2020,흰색,서울,4150,2WD
84638,테슬라,모델 3,스탠다드 레인지 플러스,전기,36204,2020,흰색,서울,4150,2WD
84639,테슬라,모델 3,퍼포먼스,전기,30847,2020,흰색,서울,6080,2WD
84751,테슬라,모델 3,퍼포먼스,전기,30847,2020,흰색,서울,6080,2WD
85489,테슬라,모델 S,롱 레인지,전기,21238,2020,흰색,서울,9690,2WD
87542,테슬라,모델 S,90D,전기,54072,2017,흰색,서울,6899,2WD
89308,테슬라,모델 3,스탠다드 레인지 플러스,전기,28574,2020,흰색,대구,4999,2WD
89750,테슬라,모델 3,롱 레인지,전기,31702,2020,흰색,경기,4890,2WD
90493,테슬라,모델 S,100D,전기,124423,2018,흰색,경기,7300,2WD
90645,테슬라,모델 3,롱 레인지,전기,26900,2020,흰색,경기,5150,2WD
90646,테슬라,모델 3,스탠다드 레인지 플러스,전기,9000,2020,흰색,경기,4250,2WD
90647,테슬라,모델 X,75D,전기,12928,2018,흰색,경기,8790,2WD
90648,테슬라,모델 3,롱 레인지,전기,7600,2021,흰색,경기,5699,2WD
91052,테슬라,모델 Y,롱 레인지,전기,5,2021,흰색,대구,6986,2WD
91058,테슬라,모델 3,롱 레인지,전기,5,2021,흰색,대구,5234,2WD
91111,테슬라,모델 3,롱 레인지,전기,79000,2020,흰색,서울,4900,2WD
91792,테슬라,모델 3,롱 레인지,전기,5,2021,흰색,서울,5234,2WD
91793,테슬라,모델 Y,롱 레인지,전기,5,2021,흰색,서울,6986,2WD
92472,테슬라,모델 3,롱 레인지,전기,3913,2020,흰색,경기,4390,2WD
92805,테슬라,모델 3,롱 레인지,전기,33000,2020,흰색,전남,5450,2WD
92954,테슬라,모델 S,90D,전기,114192,2017,흰색,서울,6000,2WD
92959,테슬라,모델 3,스탠다드 레인지 플러스,전기,15880,2021,흰색,충북,4900,2WD
93039,테슬라,모델 3,퍼포먼스,전기,15243,2020,흰색,경기,9999,2WD
93708,테슬라,모델 S,P100D,전기,23126,2019,흰색,경기,9900,2WD
93899,테슬라,모델 S,100D,전기,37121,2019,흰색,충남,7590,2WD
94163,테슬라,모델 Y,스탠다드 레인지,전기,400,2021,흰색,충북,5800,2WD
94234,테슬라,모델 3,스탠다드 레인지 플러스,전기,74000,2020,흰색,세종,4101,2WD
94319,테슬라,모델 X,100D,전기,35826,2018,흰색,경기,12300,2WD
94475,테슬라,모델 3,롱 레인지,전기,15000,2020,흰색,서울,5500,2WD
