,brand,name,info,type,km,year,color,location,price,wd
61864,포드,토러스,2.0 Limited 에코부스트,가솔린,115004,2017,검정색,경기,1230,2WD
61899,포드,몬데오,2.0 트렌드,디젤,138316,2016,검정색,경기,999,2WD
61902,포드,익스플로러,2.3 리미티드 ,가솔린,39312,2018,검정색,경기,3429,4WD
61910,포드,F150,3.5L,가솔린,31900,2015,검정색,서울,6990,2WD
61929,포드,머스탱,쿠페,가솔린,14831,2020,검정색,경기,4150,2WD
61930,포드,머스탱,쿠페,가솔린,37578,2018,검정색,경기,3650,2WD
61976,포드,머스탱,GT 쿠페,가솔린,89565,2017,검정색,대구,3330,2WD
62027,포드,익스플로러,3.5 리미티드 ,가솔린,111129,2013,검정색,서울,1550,4WD
62080,포드,몬데오,2.0 트렌드,디젤,61650,2015,검정색,경기,1370,2WD
62180,포드,익스플로러,2.3 리미티드 ,가솔린,88279,2016,검정색,경기,2580,4WD
62222,포드,익스플로러,2.3 리미티드 ,가솔린,14267,2020,검정색,대구,5040,4WD
62245,포드,머스탱,쿠페,가솔린,68454,2017,검정색,경기,2630,2WD
62257,포드,토러스,2.0 Limited 에코부스트,가솔린,45951,2018,검정색,경기,1999,2WD
62258,포드,토러스,3.5 SEL,가솔린,123363,2011,검정색,광주,570,2WD
62394,포드,익스플로러,2.3 리미티드 ,가솔린,10610,2020,검정색,대구,5090,4WD
62429,포드,익스플로러,2.3 리미티드 ,가솔린,25857,2018,검정색,경기,3580,4WD
62472,포드,머스탱,GT 컨버터블,가솔린,32669,2017,검정색,서울,4170,2WD
62479,포드,익스플로러,2.3 리미티드 ,가솔린,25857,2018,검정색,경기,3580,4WD
62499,포드,토러스,3.5 SHO 에코부스트,가솔린,92900,2012,검정색,경기,760,2WD
62500,포드,익스플로러,3.5 리미티드 ,가솔린,90799,2018,검정색,경기,3090,4WD
62529,포드,머스탱,쿠페,가솔린,12045,2020,검정색,대구,4090,2WD
62563,포드,익스플로러,3.5 리미티드 ,가솔린,90799,2018,검정색,경기,3090,4WD
62612,포드,머스탱,쿠페,가솔린,49780,2010,검정색,서울,1380,2WD
62654,포드,익스플로러,2.3 리미티드 ,가솔린,14787,2020,검정색,인천,3880,4WD
62704,포드,토러스,2.0 Limited 에코부스트,가솔린,153317,2014,검정색,인천,720,2WD
62784,포드,익스플로러,2.3 리미티드 ,가솔린,10610,2020,검정색,대구,5090,4WD
62805,포드,익스플로러,2.3 리미티드 ,가솔린,54122,2016,검정색,경기,2950,4WD
62852,포드,익스플로러,2.3 리미티드 ,가솔린,54122,2016,검정색,경기,2950,4WD
62888,포드,머스탱,컨버터블,가솔린,58848,2017,검정색,경기,3380,2WD
62889,포드,익스플로러,2.3 리미티드 ,가솔린,90084,2016,검정색,경기,2550,4WD
62941,포드,머스탱,컨버터블,가솔린,58848,2017,검정색,경기,3380,2WD
62955,포드,익스플로러,2.3 리미티드 ,가솔린,31574,2018,검정색,경기,3470,4WD
62962,포드,익스플로러,2.3 리미티드 ,가솔린,90084,2016,검정색,경기,2550,4WD
62969,포드,익스플로러,2.3 리미티드 ,가솔린,39445,2017,검정색,경기,3250,4WD
63035,포드,익스플로러,2.3 리미티드 ,가솔린,14787,2020,검정색,인천,3880,4WD
63069,포드,F150,6.2L,가솔린,55310,2014,검정색,서울,5690,2WD
63124,포드,익스플로러,2.3 리미티드 ,가솔린,85876,2017,검정색,인천,2880,4WD
63159,포드,F150,6.2L,가솔린,55310,2014,검정색,서울,5690,2WD
63177,포드,토러스,3.5 Limited,가솔린,161528,2010,검정색,대구,390,2WD
63191,포드,머스탱,쿠페,가솔린,17012,2019,검정색,서울,3900,2WD
63201,포드,익스플로러,2.3 리미티드 ,가솔린,85876,2017,검정색,인천,2880,4WD
63269,포드,머스탱,쿠페,가솔린,17012,2019,검정색,서울,3900,2WD
63310,포드,E-Series,E-450,가솔린,22544,2006,검정색,서울,7990,2WD
63325,포드,익스플로러,2.3 리미티드 ,가솔린,38786,2018,검정색,경기,3580,4WD
63330,포드,머스탱,쿠페,가솔린,19671,2019,검정색,경기,4170,2WD
63333,포드,F150,3.5L,가솔린,29835,2020,검정색,경기,9790,2WD
63350,포드,머스탱,GT 쿠페,가솔린,20492,2017,검정색,경기,3650,2WD
63382,포드,머스탱,쿠페,가솔린,46303,2016,검정색,경기,2780,2WD
63390,포드,익스플로러,2.3 리미티드 ,가솔린,14267,2020,검정색,대구,5040,4WD
63440,포드,토러스,3.5 리미티드 FWD,가솔린,142834,2008,검정색,경기,289,2WD
63477,포드,토러스,3.5 리미티드 FWD,가솔린,199059,2008,검정색,경기,150,2WD
63488,포드,익스플로러,2.3 리미티드 ,가솔린,140651,2016,검정색,경기,2240,4WD
63498,포드,익스플로러,3.5 리미티드 ,가솔린,167905,2014,검정색,경기,1550,4WD
63503,포드,익스플로러,2.3 리미티드 ,가솔린,47750,2019,검정색,경기,3790,4WD
63526,포드,익스플로러,2.3 리미티드 ,가솔린,31479,2020,검정색,서울,4800,4WD
63610,포드,익스플로러,2.3 리미티드 ,가솔린,52802,2019,검정색,경기,3650,4WD
63642,포드,익스플로러,2.3 리미티드 ,가솔린,42808,2018,검정색,서울,9999,4WD
63646,포드,머스탱,GT 쿠페,가솔린,37233,2019,검정색,경기,4650,2WD
63690,포드,머스탱,쿠페,가솔린,17310,2019,검정색,경기,3850,2WD
63717,포드,익스플로러,2.3 리미티드 ,가솔린,95642,2016,검정색,경기,2350,4WD
63775,포드,머스탱,쿠페,가솔린,41205,2019,검정색,대구,3499,2WD
63800,포드,F150,3.5L,가솔린,11379,2018,검정색,서울,10900,2WD
63834,포드,익스플로러,2.3 리미티드 ,가솔린,35832,2019,검정색,전북,3780,4WD
63853,포드,토러스,2.0 Limited 에코부스트,가솔린+LPG,115004,2017,검정색,경기,1230,2WD
63885,포드,익스플로러,2.3 리미티드 ,가솔린,35832,2019,검정색,전북,3780,4WD
63913,포드,머스탱,GT 쿠페,가솔린,64260,2016,검정색,경기,3299,2WD
63922,포드,머스탱,컨버터블,가솔린,52984,2017,검정색,경기,3640,2WD
63929,포드,익스플로러,2.3 리미티드 ,가솔린,164000,2017,검정색,경기,2059,4WD
63944,포드,퓨전,2.0 티타늄 에코부스트,가솔린,67002,2014,검정색,경기,1330,2WD
63968,포드,머스탱,컨버터블,가솔린,52984,2017,검정색,경기,3640,2WD
63997,포드,익스플로러,2.3 리미티드 ,가솔린,21310,2020,검정색,경기,5050,4WD
64000,포드,퓨전,2.0 티타늄 에코부스트,가솔린,67002,2014,검정색,경기,1330,2WD
64079,포드,익스플로러,2.3 리미티드 ,가솔린,21310,2020,검정색,경기,5050,4WD
64118,포드,익스플로러,2.3 리미티드 ,가솔린,62489,2018,검정색,대구,3299,4WD
64140,포드,토러스,3.5 SEL,가솔린,167781,2011,검정색,경기,359,2WD
64248,포드,익스플로러,2.0 에코부스트 ,가솔린,133901,2015,검정색,경기,1380,2WD
64260,포드,토러스,2.0 Limited 에코부스트,가솔린,124069,2014,검정색,충남,799,2WD
64263,포드,익스플로러,3.5 리미티드 ,가솔린,100245,2014,검정색,서울,1670,4WD
64377,포드,익스플로러,2.3 리미티드 ,가솔린,28051,2020,검정색,경기,4750,4WD
64382,포드,익스플로러,3.5 리미티드 ,가솔린,105742,2017,검정색,경기,2570,4WD
64390,포드,익스플로러,2.3 리미티드 ,가솔린,50868,2016,검정색,경기,2950,4WD
64391,포드,이스케이프,2.5 XLT,가솔린,177822,2011,검정색,인천,490,2WD
64405,포드,포커스,2.0 SEL 해치백,가솔린,172199,2012,검정색,경기,380,2WD
64444,포드,익스플로러,2.3 리미티드 ,가솔린,50868,2016,검정색,경기,2950,4WD
64445,포드,익스플로러,3.5 리미티드 ,가솔린,105742,2017,검정색,경기,2570,4WD
64447,포드,익스플로러,2.3 리미티드 ,가솔린,28051,2020,검정색,경기,4750,4WD
64449,포드,머스탱,쿠페,가솔린,103963,2012,검정색,경기,990,2WD
64485,포드,머스탱,쿠페,가솔린,42983,2019,검정색,경기,3613,2WD
64506,포드,익스플로러,3.5 리미티드 ,가솔린,101023,2015,검정색,인천,1950,4WD
64510,포드,머스탱,쿠페,가솔린,50064,2012,검정색,경기,1350,2WD
64536,포드,머스탱,컨버터블,가솔린,82651,2014,검정색,경기,2490,2WD
64541,포드,익스플로러,3.5 리미티드 ,가솔린,101023,2015,검정색,인천,1950,4WD
64591,포드,익스플로러,2.3 리미티드 ,가솔린,23606,2020,검정색,대구,4750,4WD
64597,포드,머스탱,컨버터블,가솔린,92389,2012,검정색,경기,1690,2WD
64657,포드,머스탱,쿠페,가솔린,114800,2015,검정색,경기,2120,2WD
64659,포드,익스플로러,3.5 리미티드 ,가솔린,132319,2014,검정색,인천,1620,4WD
64719,포드,토러스,3.5 Limited,가솔린,150796,2010,검정색,경기,450,2WD
64721,포드,머스탱,쿠페,가솔린,114800,2015,검정색,경기,2120,2WD
64729,포드,익스플로러,3.5 리미티드 ,가솔린,132319,2014,검정색,인천,1620,4WD
64762,포드,익스플로러,2.3 리미티드 ,가솔린,9117,2020,검정색,충북,5170,4WD
64815,포드,머스탱,컨버터블,가솔린,87039,2016,검정색,서울,3150,2WD
64851,포드,머스탱,GT 쿠페,가솔린,35691,2015,검정색,경기,3290,2WD
64861,포드,익스플로러,3.5 리미티드 ,가솔린,37611,2015,검정색,대구,2450,4WD
64942,포드,익스플로러,2.3 리미티드 ,가솔린,122257,2016,검정색,경기,2250,4WD
64986,포드,토러스,2.0 Limited 에코부스트,가솔린,205668,2013,검정색,인천,490,2WD
65012,포드,익스플로러,3.5 리미티드 ,가솔린,104109,2014,검정색,경기,1680,4WD
65035,포드,익스플로러,3.5 리미티드 ,가솔린,156413,2015,검정색,인천,1530,4WD
65036,포드,익스플로러,2.3 리미티드 ,가솔린,98153,2018,검정색,인천,2850,4WD
65037,포드,머스탱,쿠페,가솔린,46725,2017,검정색,인천,2870,2WD
65082,포드,익스플로러,4.0 4X4,가솔린,129296,2007,검정색,부산,1730,2WD
65118,포드,S-MAX,2.0,디젤,151198,2008,검정색,경기,690,2WD
65148,포드,머스탱,GT 쿠페,가솔린,21592,2020,검정색,경기,2320,2WD
65154,포드,익스플로러,Limited 4.0 ,가솔린+LPG,163490,2003,검정색,대전,570,4WD
65159,포드,토러스,3.5 SEL,가솔린,108250,2011,검정색,경북,555,2WD
65169,포드,F150,6.2L,가솔린,65385,2014,검정색,대구,5150,2WD
65222,포드,머스탱,쿠페,가솔린,114213,2013,검정색,광주,1490,2WD
65252,포드,머스탱,GT 쿠페,가솔린,55198,2016,검정색,부산,3250,2WD
65271,포드,익스플로러,2.3 리미티드 ,가솔린,43912,2017,검정색,경기,3130,4WD
65381,포드,익스플로러,2.0 에코부스트 ,가솔린,149545,2013,검정색,부산,1240,2WD
65388,포드,익스플로러,3.5 리미티드 ,가솔린,77927,2015,검정색,울산,1780,4WD
65399,포드,F150,3.5L,가솔린,52496,2019,검정색,대구,9500,2WD
65400,포드,익스플로러,2.3 리미티드 ,가솔린,59604,2019,검정색,대구,3380,4WD
65408,포드,토러스,3.5 SEL,가솔린,176970,2010,검정색,대전,330,2WD
65426,포드,익스플로러,2.3 리미티드 ,가솔린,43099,2016,검정색,경기,2790,4WD
65432,포드,토러스,2.0 Limited 에코부스트,가솔린,43785,2017,검정색,서울,1630,2WD
65456,포드,토러스,3.5 Limited,가솔린,106379,2010,검정색,인천,470,2WD
65523,포드,토러스,2.0 Limited 에코부스트,가솔린,139587,2013,검정색,경기,800,2WD
65558,포드,익스플로러,2.3 리미티드 ,가솔린,64416,2016,검정색,서울,2679,4WD
65617,포드,머스탱,쿠페,가솔린,53995,2017,검정색,대전,2899,2WD
65652,포드,쿠가,2.0  트렌디,디젤,75000,2016,검정색,경기,1530,2WD
65680,포드,익스플로러,2.3 리미티드 ,가솔린,51412,2018,검정색,경기,3399,4WD
65686,포드,익스플로러,2.3 리미티드 ,가솔린,30611,2018,검정색,서울,3499,4WD
65687,포드,익스플로러,2.3 리미티드 ,가솔린,43515,2018,검정색,서울,3399,4WD
65754,포드,익스플로러,2.3 리미티드 ,가솔린,19200,2018,검정색,서울,3900,4WD
65847,포드,머스탱,쿠페,가솔린,92234,2017,검정색,대구,2550,2WD
65866,포드,머스탱,쿠페,가솔린,49036,2018,검정색,경기,2990,2WD
65891,포드,머스탱,쿠페,가솔린,29500,2018,검정색,경기,2100,2WD
65937,포드,익스플로러,2.3 리미티드 ,가솔린,8637,2020,검정색,울산,5090,4WD
65945,포드,익스플로러,2.3 리미티드 ,가솔린,62763,2017,검정색,인천,2790,4WD
66040,포드,머스탱,컨버터블,가솔린,37079,2017,검정색,경기,3700,2WD
66103,포드,토러스,2.0 SEL 에코부스트,가솔린,178508,2014,검정색,경기,699,2WD
66106,포드,이스케이프,2.3 XLT,가솔린,180621,2008,검정색,경기,449,2WD
66113,포드,익스플로러,3.5 리미티드 ,가솔린,70000,2014,검정색,경기,1940,4WD
66150,포드,토러스,3.5 SEL,가솔린,113923,2010,검정색,경기,477,2WD
66163,포드,익스플로러,2.3 리미티드 ,가솔린,74857,2016,검정색,경기,2590,4WD
66180,포드,머스탱,쿠페,가솔린,59408,2017,검정색,전북,2850,2WD
66191,포드,익스플로러,2.3 리미티드 ,가솔린,74857,2016,검정색,경기,2590,4WD
66213,포드,익스플로러,2.3 리미티드 ,가솔린,6862,2021,검정색,경기,5350,4WD
66310,포드,F150,3.5L,가솔린,85079,2017,검정색,서울,5999,2WD
66317,포드,익스플로러,Limited 4.0 ,가솔린,164426,2007,검정색,대전,880,4WD
66393,포드,퓨전,2.0 에코부스트,가솔린,107225,2014,검정색,경남,990,2WD
66394,포드,머스탱,쿠페,가솔린,23646,2020,검정색,서울,4000,2WD
66409,포드,익스플로러,3.5 리미티드 ,가솔린,148850,2015,검정색,부산,1699,4WD
66453,포드,머스탱,컨버터블,가솔린,35487,2019,검정색,경기,4556,2WD
66603,포드,익스플로러,2.3 리미티드 ,가솔린,118000,2016,검정색,인천,2280,4WD
66615,포드,몬데오,2.0 티타늄,디젤,87966,2016,검정색,경기,1380,2WD
66642,포드,토러스,3.5 Limited,가솔린,89854,2011,검정색,경기,630,2WD
66702,포드,익스플로러,3.0 플래티넘 ,가솔린,15400,2021,검정색,강원,5234,4WD
66709,포드,포커스,2.0  트렌드,디젤,90559,2013,검정색,경기,550,2WD
66715,포드,머스탱,컨버터블,가솔린,47440,2014,검정색,경기,3050,2WD
66775,포드,토러스,3.5 Limited,가솔린,99685,2011,검정색,부산,530,2WD
66792,포드,토러스,3.5 SHO 에코부스트,가솔린,151532,2015,검정색,경기,990,2WD
66822,포드,머스탱,GT 쿠페,가솔린,41771,2017,검정색,경기,3450,2WD
66831,포드,머스탱,쿠페,가솔린,51834,2017,검정색,서울,2790,2WD
66842,포드,이스케이프,2.5 XLT,가솔린,160611,2009,검정색,부산,490,2WD
66894,포드,토러스,3.5 Limited,가솔린,91419,2010,검정색,서울,490,2WD
66895,포드,토러스,3.5 리미티드 FWD,가솔린,90570,2010,검정색,서울,490,2WD
66938,포드,F150,2.7L,가솔린,45637,2016,검정색,강원,5200,2WD
66980,포드,토러스,2.0 Limited 에코부스트,가솔린,68707,2016,검정색,광주,1490,2WD
67132,포드,머스탱,GT 쿠페,가솔린,13000,2019,검정색,서울,3850,2WD
67201,포드,머스탱,GT 컨버터블,가솔린,53593,2017,검정색,경기,4150,2WD
67230,포드,익스플로러,2.3 리미티드 ,가솔린,72500,2016,검정색,부산,2670,4WD
67311,포드,머스탱,GT 컨버터블,가솔린,49853,2017,검정색,경기,4169,2WD
67314,포드,퓨전,2.0 에코부스트,가솔린,115146,2013,검정색,부산,1150,2WD
67315,포드,퓨전,2.0 에코부스트,가솔린,115146,2013,검정색,부산,1150,2WD
67322,포드,토러스,3.5 Limited,가솔린,131285,2011,검정색,경기,450,2WD
67331,포드,익스플로러,2.3 리미티드 ,가솔린,76168,2017,검정색,대구,3090,4WD
67336,포드,익스플로러,2.3 리미티드 ,가솔린,76168,2017,검정색,대구,3090,4WD
67348,포드,머스탱,GT 쿠페,가솔린,32000,2018,검정색,경기,4230,2WD
67394,포드,머스탱,GT 쿠페,가솔린,53000,2015,검정색,경기,3089,2WD
67403,포드,토러스,3.5 SEL,가솔린,109618,2013,검정색,대구,750,2WD
67421,포드,토러스,3.5 Limited,가솔린,137851,2013,검정색,인천,690,2WD
67425,포드,머스탱,컨버터블,가솔린,40647,2017,검정색,경기,3850,2WD
67427,포드,머스탱,컨버터블,가솔린,40647,2017,검정색,경기,3850,2WD
67431,포드,머스탱,쿠페,가솔린,57000,2017,검정색,경기,2799,2WD
67494,포드,익스플로러,3.5 리미티드 ,가솔린,178000,2011,검정색,광주,1350,4WD
67533,포드,머스탱,GT 컨버터블,가솔린,10619,2020,검정색,경기,5400,2WD
67538,포드,머스탱,GT 컨버터블,가솔린,10619,2020,검정색,경기,5400,2WD
67591,포드,익스플로러,3.5 리미티드 ,가솔린,135105,2013,검정색,대구,1590,4WD
67613,포드,익스플로러,2.3 리미티드 ,가솔린,102989,2017,검정색,울산,2540,4WD
67650,포드,토러스,3.5 Limited,가솔린,104951,2014,검정색,경기,1050,2WD
67653,포드,토러스,2.0 SEL 에코부스트,가솔린,50251,2013,검정색,경기,999,2WD
67658,포드,토러스,2.0 SEL 에코부스트,가솔린,50251,2013,검정색,경기,999,2WD
67707,포드,머스탱,쿠페,가솔린,64495,2017,검정색,서울,2650,2WD
67729,포드,몬데오,2.0 트렌드,디젤,108609,2016,검정색,충남,1049,2WD
67751,포드,머스탱,GT 쿠페,가솔린,77219,2017,검정색,경기,3050,2WD
67851,포드,익스플로러,2.3 리미티드 ,가솔린,4301,2020,검정색,경기,5175,4WD
67867,포드,익스플로러,2.3 리미티드 ,가솔린,14787,2020,검정색,인천,3830,4WD
67925,포드,머스탱,컨버터블,가솔린,66166,2017,검정색,경기,3750,2WD
67967,포드,F150,3.5L,가솔린,6722,2020,검정색,경기,12500,2WD
67968,포드,F150,3.5L,가솔린,658,2021,검정색,경기,11500,2WD
67977,포드,파이브,Limited ,가솔린,136000,2006,검정색,광주,270,2WD
68011,포드,머스탱,GT 쿠페,가솔린,123025,2015,검정색,인천,2530,2WD
68107,포드,토러스,3.5 SEL,가솔린,27056,2013,검정색,경기,1090,2WD
68121,포드,토러스,3.5 SHO 에코부스트,가솔린,93694,2011,검정색,경남,700,2WD
68140,포드,머스탱,GT 쿠페,가솔린,67115,2017,검정색,대구,2600,2WD
68147,포드,퓨전,2.5,가솔린,88132,2011,검정색,경기,399,2WD
68150,포드,F150,3.5L,가솔린,52090,2016,검정색,경기,6700,2WD
68203,포드,머스탱,쿠페,가솔린,140291,2012,검정색,부산,1250,2WD
68210,포드,이스케이프,2.5 XLT,가솔린,195000,2011,검정색,경기,520,2WD
68297,포드,토러스,3.5 Limited,가솔린,240000,2010,검정색,서울,270,2WD
68312,포드,익스플로러,2.3 리미티드 ,가솔린,18600,2019,검정색,서울,3950,4WD
68317,포드,이스케이프,1.6,가솔린,55800,2013,검정색,경기,990,2WD
68353,포드,퓨전,하이브리드,가솔린+전기,129000,2014,검정색,경기,920,2WD
68374,포드,머스탱,GT 쿠페,가솔린,83000,2016,검정색,대구,2900,2WD
68394,포드,토러스,3.5 SHO 에코부스트,가솔린,83000,2012,검정색,경기,650,2WD
68442,포드,토러스,3.5 Limited,가솔린,106379,2010,검정색,인천,560,2WD
68474,포드,익스플로러,2.3 리미티드 ,가솔린,49568,2019,검정색,경기,3640,4WD
68475,포드,익스플로러,2.3 리미티드 ,가솔린,49568,2019,검정색,경기,3640,4WD
68488,포드,F150,3.5L,가솔린,87176,2017,검정색,경기,5899,2WD
68491,포드,익스플로러,3.5 리미티드 ,가솔린,106573,2014,검정색,경기,1729,4WD
68506,포드,익스플로러,2.3 리미티드 ,가솔린,51816,2017,검정색,경기,3070,4WD
68536,포드,익스플로러,2.3 리미티드 ,가솔린,81858,2017,검정색,경기,2890,4WD
68537,포드,익스플로러,2.3 리미티드 ,가솔린,81858,2017,검정색,경기,2890,4WD
68554,포드,토러스,3.5 Limited,가솔린,188077,2010,검정색,광주,395,2WD
68555,포드,F150,3.5L,가솔린,26550,2018,검정색,광주,6250,2WD
68669,포드,익스플로러,2.3 리미티드 ,가솔린,42716,2020,검정색,부산,4890,4WD
68670,포드,머스탱,컨버터블,가솔린,48000,2018,검정색,서울,4200,2WD
68673,포드,익스플로러,2.3 리미티드 ,가솔린,82748,2016,검정색,대구,2620,4WD
68726,포드,토러스,2.0 Limited 에코부스트,가솔린,73285,2015,검정색,경기,1130,2WD
68755,포드,머스탱,컨버터블,가솔린,22300,2020,검정색,경기,4850,2WD
68762,포드,토러스,3.5 SEL,가솔린,120711,2011,검정색,경기,450,2WD
68828,포드,토러스,3.5 Limited,가솔린,96524,2010,검정색,대구,590,2WD
68829,포드,토러스,2.0 Limited 에코부스트,가솔린,19895,2016,검정색,대전,1540,2WD
68888,포드,머스탱,GT 쿠페,가솔린,29000,2020,검정색,충남,4500,2WD
68921,포드,몬데오,2.0 트렌드,디젤,27606,2019,검정색,서울,2250,2WD
68927,포드,머스탱,쿠페,가솔린,37076,2017,검정색,경기,3220,2WD
68928,포드,머스탱,쿠페,가솔린,37076,2017,검정색,경기,3220,2WD
68974,포드,토러스,2.0 Limited 에코부스트,가솔린,93950,2015,검정색,경기,1250,2WD
69087,포드,머스탱,쿠페,가솔린,42339,2019,검정색,경기,3600,2WD
69123,포드,토러스,3.5 리미티드 FWD,가솔린,110000,2008,검정색,광주,290,2WD
69195,포드,익스플로러,3.5 리미티드 ,가솔린,52920,2015,검정색,제주,2300,4WD
69277,포드,토러스,3.5 SEL,가솔린,115247,2010,검정색,서울,450,2WD
69320,포드,익스플로러,2.3 리미티드 ,가솔린,95637,2016,검정색,경기,2390,4WD
69372,포드,머스탱,쿠페,가솔린,26000,2019,검정색,전북,3750,2WD
69387,포드,머스탱,컨버터블,가솔린,56000,2017,검정색,인천,3164,2WD
69394,포드,익스플로러,2.3 리미티드 ,가솔린,25643,2016,검정색,경기,3220,4WD
69395,포드,익스플로러,2.3 리미티드 ,가솔린,25643,2016,검정색,경기,3220,4WD
69412,포드,토러스,3.5 Limited,가솔린,133890,2010,검정색,대전,420,2WD
69525,포드,이스케이프,2.5 XLT,가솔린,129674,2011,검정색,서울,620,2WD
69545,포드,익스플로러,2.3 리미티드 ,가솔린,47469,2018,검정색,대구,3540,4WD
69546,포드,익스플로러,2.3 리미티드 ,가솔린,47469,2018,검정색,대구,3540,4WD
69551,포드,F150,3.5L,가솔린,43000,2019,검정색,경기,10000,2WD
69569,포드,머스탱,쿠페,가솔린,65321,2012,검정색,경기,1300,2WD
69646,포드,머스탱,GT 쿠페,가솔린,2135,2021,검정색,경기,5800,2WD
69657,포드,익스플로러,2.3 리미티드 ,가솔린,6500,2021,검정색,경기,1000,4WD
69671,포드,머스탱,GT 컨버터블,가솔린,26000,2018,검정색,대전,5500,2WD
69749,포드,이스케이프,2.0,가솔린,95433,2014,검정색,경기,9999,2WD
69750,포드,토러스,3.5 Limited,가솔린,180000,2011,검정색,경기,490,2WD
69774,포드,머스탱,쿠페,가솔린,56048,2019,기타,광주,3430,2WD
69840,포드,머스탱,쿠페,가솔린,38106,2019,기타,서울,3590,2WD
69849,포드,머스탱,GT 컨버터블,가솔린,22816,2020,기타,대구,5390,2WD
69906,포드,포커스,2.0  트렌드 해치백,디젤,45394,2014,기타,경기,790,2WD
69915,포드,F150,3.5L,가솔린,22887,2017,기타,충북,7500,2WD
69931,포드,포커스,2.0  트렌드 해치백,디젤,45394,2014,기타,경기,790,2WD
70088,포드,머스탱,컨버터블,가솔린,74588,2017,기타,서울,3320,2WD
70100,포드,머스탱,쿠페,가솔린,72964,2014,기타,경기,2150,2WD
70108,포드,머스탱,컨버터블,가솔린,74588,2017,기타,서울,3320,2WD
70120,포드,머스탱,쿠페,가솔린,72964,2014,기타,경기,2150,2WD
70134,포드,머스탱,쿠페,가솔린,5002,2020,기타,경기,3999,2WD
70153,포드,머스탱,쿠페,가솔린,5002,2020,기타,경기,3999,2WD
70214,포드,머스탱,쿠페,가솔린,18492,2019,기타,서울,2770,2WD
70238,포드,머스탱,GT 쿠페,가솔린,52892,2015,기타,경기,3300,2WD
70250,포드,머스탱,GT 쿠페,가솔린,52892,2015,기타,경기,3300,2WD
70321,포드,머스탱,GT 컨버터블,가솔린,84000,2015,기타,대구,3830,2WD
70502,포드,머스탱,컨버터블,가솔린,12267,2020,기타,경기,4740,2WD
70509,포드,머스탱,GT 쿠페,가솔린,46661,2016,기타,경기,2499,2WD
70518,포드,머스탱,컨버터블,가솔린,12267,2020,기타,경기,4740,2WD
70544,포드,머스탱,GT 쿠페,가솔린,32000,2019,기타,서울,4490,2WD
70645,포드,익스플로러,2.3 리미티드 ,가솔린,14955,2020,기타,서울,4690,4WD
70803,포드,머스탱,쿠페,가솔린,18500,2019,기타,서울,2770,2WD
70856,포드,포커스,2.0 SEL,가솔린,47171,2012,기타,경기,550,2WD
71029,포드,머스탱,쿠페,가솔린,51539,2015,기타,서울,2590,2WD
71045,포드,머스탱,GT 쿠페,가솔린,16457,2020,기타,경기,5020,2WD
71081,포드,F150,3.5L,가솔린,76910,2019,기타,서울,8600,2WD
71112,포드,머스탱,컨버터블,가솔린,11500,2020,기타,서울,4700,2WD
71116,포드,익스플로러,2.3 리미티드 ,가솔린,31210,2017,기타,경기,2999,4WD
71192,포드,F150,4.6L,가솔린,86508,2010,기타,대구,2990,2WD
71312,포드,E-Series,E-350,가솔린,248840,2008,기타,경기,2850,2WD
71313,포드,F150,4.2L,가솔린,79000,2003,기타,경기,1950,2WD
71380,포드,F150,5.0L,가솔린,52170,2019,기타,경기,11000,2WD
71382,포드,머스탱,GT 쿠페,가솔린,13347,2020,기타,경기,5020,2WD
71501,포드,머스탱,쿠페,가솔린,49200,2016,기타,강원,2300,2WD
71512,포드,머스탱,쿠페,가솔린,96808,2013,기타,경기,1250,2WD
71632,포드,F150,3.5L,가솔린,76098,2018,기타,경기,6290,2WD
71745,포드,머스탱,GT 컨버터블,가솔린,108098,2017,기타,경기,3650,2WD
71800,포드,머스탱,GT 컨버터블,가솔린,35128,2018,기타,경기,4900,2WD
71801,포드,머스탱,GT 컨버터블,가솔린,35128,2018,기타,경기,4900,2WD
71926,포드,익스플로러,2.3 리미티드 ,가솔린,25504,2020,기타,경기,4450,4WD
71980,포드,F150,5.0L,가솔린,9000,2016,기타,인천,6900,2WD
71987,포드,E-Series,E-350,가솔린,39600,2009,기타,대전,3990,2WD
71996,포드,머스탱,컨버터블,가솔린,52000,2017,기타,경북,3640,2WD
72048,포드,포커스,2.0 티타늄 해치백,가솔린,84843,2012,기타,부산,570,2WD
72049,포드,포커스,2.0 티타늄 해치백,가솔린,84843,2012,기타,부산,570,2WD
72052,포드,머스탱,GT 쿠페,가솔린,58453,2016,기타,서울,3050,2WD
72306,포드,F150,5.0L,가솔린,171000,2011,기타,대구,2990,2WD
72373,포드,머스탱,쿠페,가솔린,47000,2018,기타,대구,3550,2WD
72423,포드,머스탱,쿠페,가솔린,71664,2015,기타,경기,2490,2WD
72433,포드,머스탱,GT 쿠페,가솔린,104000,2015,기타,경북,2600,2WD
72448,포드,익스플로러,3.5 리미티드 ,가솔린,90000,2015,기타,광주,1620,4WD
72464,포드,머스탱,쿠페,가솔린,137431,2010,기타,경기,1149,2WD
72472,포드,머스탱,GT 컨버터블,가솔린,105324,2016,기타,경기,3590,2WD
72473,포드,익스플로러,2.3 리미티드 ,가솔린,54793,2016,기타,경기,2700,4WD
72500,포드,F350,5.4,가솔린,120000,2003,기타,충남,2350,2WD
72508,포드,토러스,3.5 Limited,가솔린,259429,2010,기타,서울,350,2WD
72517,포드,익스플로러,2.3 리미티드 ,가솔린,43500,2019,기타,부산,2730,4WD
72552,포드,머스탱,GT 쿠페,가솔린,43843,2015,회색,경기,3230,2WD
72670,포드,익스플로러,2.3 리미티드 ,가솔린,74027,2016,회색,경기,2720,4WD
72694,포드,익스플로러,2.3 리미티드 ,가솔린,84499,2017,회색,대구,2690,4WD
72800,포드,머스탱,컨버터블,가솔린,23579,2017,회색,대구,3990,2WD
72964,포드,익스플로러,2.3 리미티드 ,가솔린,44454,2018,회색,광주,3480,4WD
72968,포드,몬데오,2.0 트렌드,디젤,127000,2015,회색,경남,1170,2WD
73020,포드,몬데오,2.0 트렌드,디젤,98488,2016,회색,경기,1090,2WD
73035,포드,머스탱,컨버터블,가솔린,59032,2017,회색,부산,3590,2WD
73146,포드,익스플로러,2.3 리미티드 ,가솔린,105765,2017,회색,대구,2690,4WD
73155,포드,익스플로러,3.5 리미티드 ,가솔린,141352,2015,회색,서울,1690,4WD
73204,포드,머스탱,컨버터블,가솔린,35177,2017,회색,경기,3690,2WD
73238,포드,머스탱,컨버터블,가솔린,35177,2017,회색,경기,3690,2WD
73273,포드,익스플로러,2.3 리미티드 ,가솔린,44453,2017,회색,서울,3170,4WD
73295,포드,익스플로러,2.3 리미티드 ,가솔린,44453,2017,회색,서울,3170,4WD
73351,포드,F150,3.5L,가솔린,42927,2014,회색,인천,4400,2WD
73372,포드,익스플로러,3.5 리미티드 ,가솔린,66038,2011,회색,전북,1450,4WD
73381,포드,익스플로러,2.3 리미티드 ,가솔린,27106,2017,회색,서울,3190,4WD
73414,포드,머스탱,컨버터블,가솔린,99823,2017,회색,광주,2940,2WD
73433,포드,머스탱,컨버터블,가솔린,48962,2018,회색,서울,4200,2WD
73450,포드,머스탱,컨버터블,가솔린,99823,2017,회색,광주,2940,2WD
73536,포드,익스플로러,2.3 리미티드 ,가솔린,41160,2018,회색,광주,3530,4WD
73637,포드,익스플로러,2.3 리미티드 ,가솔린,81037,2017,회색,경기,2890,4WD
73696,포드,토러스,2.0 Limited 에코부스트,가솔린,38800,2018,회색,서울,1899,2WD
73765,포드,F150,5.0L,가솔린,276700,2011,회색,서울,2890,2WD
73787,포드,이스케이프,2.0,가솔린,60811,2014,회색,경기,1540,2WD
73788,포드,익스플로러,2.3 리미티드 ,가솔린,88316,2019,회색,인천,3350,4WD
73823,포드,이스케이프,2.0,가솔린,60811,2014,회색,경기,1540,2WD
73827,포드,익스플로러,2.3 리미티드 ,가솔린,88316,2019,회색,인천,3350,4WD
73859,포드,머스탱,쿠페,가솔린,112000,2014,회색,경기,1659,2WD
73872,포드,익스플로러,2.3 리미티드 ,가솔린,56370,2017,회색,경기,2980,4WD
73930,포드,몬데오,2.0 티타늄,디젤,98000,2016,회색,인천,1399,2WD
74000,포드,익스플로러,3.5 리미티드 ,가솔린,64925,2016,회색,경기,2510,4WD
74015,포드,익스플로러,3.5 리미티드 ,가솔린,71840,2013,회색,인천,1690,4WD
74017,포드,익스플로러,3.5 리미티드 ,가솔린,64925,2016,회색,경기,2510,4WD
74087,포드,익스플로러,2.3 리미티드 ,가솔린,79812,2017,회색,경기,2790,4WD
74134,포드,쿠가,2.0  트렌디,디젤,86399,2016,회색,경기,1250,2WD
74160,포드,쿠가,2.0  트렌디,디젤,86399,2016,회색,경기,1250,2WD
74172,포드,익스페디션,플래티넘 ,가솔린,5953,2021,회색,경기,7990,4WD
74180,포드,몬데오,2.0 티타늄,디젤,106906,2017,회색,서울,1350,2WD
74189,포드,익스페디션,플래티넘 ,가솔린,5953,2021,회색,경기,7990,4WD
74190,포드,몬데오,2.0 트렌드,디젤,73944,2016,회색,경기,1320,2WD
74226,포드,몬데오,2.0 트렌드,디젤,73944,2016,회색,경기,1320,2WD
74278,포드,몬데오,2.0 티타늄,디젤,106904,2017,회색,서울,1350,2WD
74320,포드,머스탱,GT 쿠페,가솔린,45182,2017,회색,경기,2750,2WD
74353,포드,익스플로러,2.3 리미티드 ,가솔린,94866,2017,회색,경기,2370,4WD
74357,포드,몬데오,2.0 트렌드,디젤,88219,2017,회색,충남,1450,2WD
74434,포드,익스플로러,2.3 리미티드 ,가솔린,62895,2018,회색,대전,3150,4WD
74460,포드,몬데오,2.0 트렌드,디젤,67000,2015,회색,인천,1250,2WD
74462,포드,익스플로러,3.5 리미티드 ,가솔린,34500,2017,회색,서울,3090,4WD
74490,포드,익스플로러,2.3 리미티드 ,가솔린,34958,2017,회색,경기,3040,4WD
74498,포드,익스플로러,2.3 리미티드 ,가솔린,34958,2017,회색,경기,3040,4WD
74572,포드,익스플로러,2.3 리미티드 ,가솔린,99299,2017,회색,광주,2650,4WD
74608,포드,토러스,2.0 Limited 에코부스트,가솔린,100130,2016,회색,서울,990,2WD
74908,포드,머스탱,GT 쿠페,가솔린,98187,2016,회색,서울,2970,2WD
74928,포드,익스플로러,2.3 리미티드 ,가솔린,19412,2019,회색,서울,3980,4WD
74960,포드,익스플로러,2.3 리미티드 ,가솔린,37525,2019,회색,경기,3650,4WD
75076,포드,토러스,2.0 Limited 에코부스트,가솔린,81387,2014,회색,충남,1020,2WD
75135,포드,F150,5.0L,가솔린,260000,2015,회색,경기,4400,2WD
75165,포드,익스플로러,3.5 리미티드 ,가솔린,38453,2017,회색,경기,3150,4WD
75278,포드,레인저,2.0,디젤,4898,2021,회색,부산,4750,2WD
75301,포드,머스탱,쿠페,가솔린,19765,2019,회색,경기,3890,2WD
75302,포드,머스탱,GT 컨버터블,가솔린,77347,2015,회색,경기,3769,2WD
75360,포드,익스플로러,2.3 리미티드 ,가솔린,44000,2017,회색,서울,3170,4WD
75405,포드,토러스,3.5 SEL,가솔린,128916,2012,회색,부산,480,2WD
75418,포드,머스탱,GT 쿠페,가솔린,85728,2016,회색,경기,2920,2WD
75423,포드,익스플로러,2.3 리미티드 ,가솔린,38931,2017,회색,경기,3199,4WD
75436,포드,몬데오,2.0 티타늄,디젤,98100,2016,회색,인천,1399,2WD
75490,포드,익스플로러,2.3 리미티드 ,가솔린,87458,2017,회색,경기,2780,4WD
75505,포드,머스탱,쿠페,가솔린,47748,2015,회색,충남,2350,2WD
75539,포드,머스탱,GT 컨버터블,가솔린,44886,2018,회색,경기,4950,2WD
75541,포드,머스탱,GT 컨버터블,가솔린,44886,2018,회색,경기,4950,2WD
75547,포드,머스탱,컨버터블,가솔린,51089,2017,회색,경기,3659,2WD
75555,포드,익스플로러,2.3 리미티드 ,가솔린,11608,2020,회색,경기,4990,4WD
75631,포드,머스탱,GT 쿠페,가솔린,27759,2018,회색,경기,4200,2WD
75683,포드,토러스,3.5 Limited,가솔린,56157,2014,회색,서울,1220,2WD
75691,포드,머스탱,컨버터블,가솔린,63449,2017,회색,서울,3680,2WD
75695,포드,머스탱,컨버터블,가솔린,63449,2017,회색,서울,3680,2WD
75752,포드,익스플로러,2.3 리미티드 ,가솔린,30000,2018,회색,경기,3390,4WD
75897,포드,F150,3.5L,가솔린,22000,2020,회색,서울,11490,2WD
75901,포드,익스플로러,2.3 리미티드 ,가솔린,1700,2021,회색,서울,5000,4WD
75914,포드,익스플로러,2.3 리미티드 ,가솔린,59048,2016,회색,경기,2680,4WD
75970,포드,머스탱,쿠페,가솔린,63962,2017,회색,경기,2600,2WD
75985,포드,머스탱,GT 쿠페,가솔린,46354,2019,회색,경기,4250,2WD
76141,포드,F150,4.6L,가솔린,72478,2012,회색,서울,3700,2WD
76144,포드,익스플로러,2.3 리미티드 ,가솔린,88000,2016,회색,경남,2670,4WD
76191,포드,익스플로러,2.3 리미티드 ,가솔린,99116,2017,회색,광주,2590,4WD
76192,포드,익스플로러,2.3 리미티드 ,가솔린,99116,2017,회색,광주,2590,4WD
76208,포드,익스플로러,2.3 리미티드 ,가솔린,60948,2016,회색,서울,2790,4WD
76327,포드,퓨전,2.5,가솔린,144092,2011,회색,경기,370,2WD
76386,포드,익스플로러,2.3 리미티드 ,가솔린,69545,2017,회색,경기,2889,4WD
76471,포드,레인저,4.0,가솔린,145000,2011,회색,서울,2200,2WD
76549,포드,몬데오,2.0 티타늄,디젤,45700,2016,회색,대구,1630,2WD
76572,포드,익스플로러,2.3 리미티드 ,가솔린,100482,2016,회색,부산,2399,4WD
76575,포드,머스탱,쿠페,가솔린,12858,2017,회색,광주,2990,2WD
76576,포드,익스플로러,2.3 리미티드 ,가솔린,16000,2020,회색,경기,4800,4WD
76586,포드,머스탱,GT 쿠페,가솔린,63417,2016,회색,인천,2900,2WD
76587,포드,머스탱,GT 쿠페,가솔린,63417,2016,회색,인천,2900,2WD
76607,포드,익스플로러,3.5 리미티드 ,가솔린,125945,2017,회색,경기,2390,4WD
76654,포드,F150,5.0L,가솔린,9665,2016,회색,부산,7450,2WD
76758,포드,익스플로러,3.5 리미티드 ,가솔린,98727,2011,기타,경기,1350,4WD
76791,포드,E-Series,E-350,가솔린,210000,2011,기타,서울,3500,2WD
76834,포드,익스플로러,2.3 리미티드 ,가솔린,125543,2017,흰색,경기,2430,4WD
76838,포드,익스플로러,2.3 리미티드 ,가솔린,125543,2017,흰색,경기,2430,4WD
76891,포드,익스플로러,2.3 리미티드 ,가솔린,40231,2018,흰색,경기,3450,4WD
76899,포드,익스플로러,2.3 리미티드 ,가솔린,40231,2018,흰색,경기,3450,4WD
76930,포드,익스플로러,3.5 리미티드 ,가솔린,110000,2013,흰색,경북,1430,4WD
76964,포드,몬데오,2.0 티타늄,디젤,66000,2016,흰색,경기,1350,2WD
76985,포드,익스플로러,3.5 리미티드 ,가솔린,60468,2015,흰색,서울,2100,4WD
76990,포드,토러스,2.0 SEL 에코부스트,가솔린,52685,2015,흰색,경기,1320,2WD
76994,포드,토러스,2.0 SEL 에코부스트,가솔린,52685,2015,흰색,경기,1320,2WD
77004,포드,익스플로러,2.3 리미티드 ,가솔린,22905,2018,흰색,대구,3779,4WD
77012,포드,익스플로러,2.3 리미티드 ,가솔린,42000,2018,흰색,서울,3650,4WD
77073,포드,F150,5.0L,가솔린,97000,2018,흰색,경기,6400,2WD
77197,포드,F150,3.5L,가솔린,29700,2017,흰색,경남,6950,2WD
77206,포드,익스플로러,Limited 4.0 ,가솔린,160000,2002,흰색,경기,680,4WD
77224,포드,F150,5.0L,가솔린,47163,2017,흰색,광주,6100,2WD
77237,포드,익스플로러,3.5 리미티드 ,가솔린,94444,2016,흰색,경기,2350,4WD
77238,포드,익스플로러,3.5 리미티드 ,가솔린,94444,2016,흰색,경기,2350,4WD
77251,포드,익스플로러,2.3 리미티드 ,가솔린,74244,2017,흰색,대구,2800,4WD
77279,포드,F350,6.2,가솔린,214496,2012,흰색,서울,6000,2WD
77309,포드,머스탱,쿠페,가솔린,13000,2020,기타,서울,3150,2WD
77344,포드,머스탱,컨버터블,가솔린,44521,2017,기타,광주,3480,2WD
77361,포드,머스탱,쿠페,가솔린,39190,2017,기타,경기,3099,2WD
77367,포드,머스탱,쿠페,가솔린,39190,2017,기타,경기,3099,2WD
77371,포드,머스탱,GT 컨버터블,가솔린,65553,2019,기타,경기,4500,2WD
77377,포드,F150,6.2L,가솔린,77000,2014,기타,부산,5900,2WD
77385,포드,머스탱,쿠페,가솔린,45653,2017,기타,전북,2490,2WD
77417,포드,머스탱,GT 쿠페,가솔린,3209,2018,기타,경기,4090,2WD
77422,포드,F150,6.2L,가솔린,71000,2014,기타,서울,5990,2WD
77488,포드,F350,6.2,가솔린,8369,2020,기타,서울,12600,2WD
77515,포드,머스탱,쿠페,가솔린,91719,2017,기타,경기,2550,2WD
77521,포드,머스탱,쿠페,가솔린,25141,2019,기타,경기,3690,2WD
77522,포드,머스탱,쿠페,가솔린,91719,2017,기타,경기,2550,2WD
77525,포드,머스탱,쿠페,가솔린,25141,2019,기타,경기,3690,2WD
77561,포드,머스탱,쿠페,가솔린,72357,2013,기타,광주,1620,2WD
77568,포드,머스탱,컨버터블,가솔린,72447,2017,기타,경기,3199,2WD
77605,포드,머스탱,쿠페,가솔린,91294,2016,기타,경기,2499,2WD
77627,포드,머스탱,컨버터블,가솔린,109168,2003,기타,경기,890,2WD
77662,포드,F150,3.5L,가솔린,66000,2017,기타,인천,6150,2WD
77675,포드,머스탱,쿠페,가솔린,109661,2012,기타,경기,1500,2WD
77685,포드,머스탱,컨버터블,가솔린,62451,2017,기타,대구,3490,2WD
77751,포드,머스탱,쿠페,가솔린,51114,2017,기타,부산,3090,2WD
77755,포드,머스탱,쿠페,가솔린,51114,2017,기타,부산,3090,2WD
77822,포드,머스탱,쿠페,가솔린,51934,2016,기타,경기,2400,2WD
77823,포드,머스탱,쿠페,가솔린,48787,2016,기타,경기,2750,2WD
77836,포드,머스탱,컨버터블,가솔린,43654,2020,기타,경기,4300,2WD
77844,포드,이스케이프,2.3 XLT,가솔린,217322,2011,기타,경기,390,2WD
77846,포드,머스탱,쿠페,가솔린,93000,2010,기타,경기,990,2WD
77865,포드,F150,3.5L,가솔린,55192,2019,기타,경기,7700,2WD
77888,포드,F150,5.0L,가솔린,68870,2015,기타,대구,6500,2WD
77910,포드,머스탱,쿠페,가솔린,22393,2019,기타,서울,3620,2WD
78009,포드,F150,6.2L,가솔린,71000,2010,기타,서울,2990,2WD
78022,포드,머스탱,컨버터블,가솔린,127622,2012,기타,경기,1650,2WD
78034,포드,머스탱,쿠페,가솔린,42000,2017,기타,서울,2720,2WD
78053,포드,F150,3.5L,가솔린,78000,2017,기타,울산,4750,2WD
78075,포드,머스탱,GT 컨버터블,가솔린,35557,2019,기타,서울,5100,2WD
78091,포드,포커스,1.5  티타늄 해치백,디젤,22800,2016,기타,대구,1350,2WD
78097,포드,레인저,2.0,디젤,1950,2021,기타,서울,6390,2WD
78098,포드,머스탱,컨버터블,가솔린,45000,2019,기타,경기,4000,2WD
78132,포드,F150,3.5L,가솔린,27088,2017,기타,대구,8900,2WD
78137,포드,머스탱,GT 쿠페,가솔린,12484,2020,기타,대전,4721,2WD
78182,포드,토러스,2.0 SEL 에코부스트,가솔린,115634,2013,회색,전북,670,2WD
78283,포드,F150,5.0L,가솔린,59432,2016,회색,경기,4850,2WD
78301,포드,토러스,3.5 Limited,가솔린,119247,2010,회색,광주,670,2WD
78369,포드,퓨전,2.0 에코부스트,가솔린,78975,2014,회색,경기,960,2WD
78412,포드,익스플로러,2.3 리미티드 ,가솔린,87000,2016,회색,대구,2550,4WD
78441,포드,토러스,2.0 Limited 에코부스트,가솔린,82518,2014,회색,경기,840,2WD
78455,포드,퓨전,2.5,가솔린,153265,2011,회색,경기,350,2WD
78493,포드,토러스,3.5 Limited,가솔린,133928,2013,회색,전북,699,2WD
78506,포드,익스플로러,2.3 리미티드 ,가솔린,148663,2018,회색,경기,2360,4WD
78507,포드,S-MAX,2.0,디젤,162942,2008,회색,인천,440,2WD
78516,포드,토러스,3.5 Limited,가솔린,97000,2010,회색,부산,690,2WD
78547,포드,이스케이프,2.5 XLT,가솔린,209957,2009,회색,인천,580,2WD
78568,포드,토러스,3.5 SEL,가솔린,139963,2011,회색,경기,400,2WD
78580,포드,익스플로러,2.0 에코부스트 ,가솔린,91402,2013,회색,서울,1390,2WD
78633,포드,토러스,2.0 Limited 에코부스트,가솔린,170399,2013,회색,경기,640,2WD
78640,포드,포커스,2.0  트렌드 해치백,디젤,84664,2014,회색,경기,599,2WD
78660,포드,토러스,2.0 Limited 에코부스트,가솔린,107301,2014,회색,경기,950,2WD
78683,포드,토러스,2.0 Limited 에코부스트,가솔린,107301,2014,회색,경기,950,2WD
78777,포드,익스플로러,3.5 리미티드 ,가솔린,206650,2014,회색,충남,1100,4WD
78871,포드,익스플로러,2.3 리미티드 ,가솔린,120870,2016,회색,제주,2090,4WD
78893,포드,머스탱,쿠페,가솔린,92000,2016,회색,경기,2500,2WD
79203,포드,F150,3.5L,가솔린,48832,2017,회색,인천,5990,2WD
79225,포드,F150,3.5L,가솔린,48832,2017,회색,인천,5990,2WD
79236,포드,이스케이프,2.5 XLT,가솔린,137013,2009,회색,경기,499,2WD
79287,포드,토러스,3.5 SHO 에코부스트,가솔린,50401,2012,회색,서울,999,2WD
79397,포드,익스플로러,2.3 리미티드 ,가솔린,143102,2016,회색,경기,1950,4WD
79431,포드,머스탱,쿠페,가솔린,57310,2015,회색,경기,2490,2WD
79561,포드,익스플로러,3.5 리미티드 ,가솔린,150705,2016,회색,인천,2090,4WD
79594,포드,몬데오,2.0 트렌드,디젤,187485,2015,회색,경기,690,2WD
79601,포드,토러스,3.5 SEL,가솔린,185663,2013,회색,경기,410,2WD
79617,포드,익스플로러,3.5 리미티드 ,가솔린,98008,2012,회색,서울,1300,4WD
79631,포드,포커스,2.0 SEL,가솔린,144969,2012,회색,경기,390,2WD
79638,포드,토러스,3.5 Limited,가솔린,183345,2012,회색,대구,480,2WD
79765,포드,익스플로러,2.3 리미티드 ,가솔린,27836,2020,회색,경기,4790,4WD
79766,포드,익스플로러,2.3 리미티드 ,가솔린,27310,2020,회색,경기,4790,4WD
79841,포드,몬데오,Ghia,가솔린,46693,2006,회색,서울,350,2WD
79851,포드,몬데오,Ghia,가솔린,89500,2006,회색,전북,249,2WD
79868,포드,몬데오,2.0 트렌드,디젤,59714,2016,회색,인천,1650,2WD
79881,포드,몬데오,2.0 트렌드,디젤,59714,2016,회색,인천,1650,2WD
79885,포드,이스케이프,2.5 XLT,가솔린,107049,2009,회색,경기,590,2WD
79991,포드,퓨전,2.5,가솔린,67929,2011,회색,인천,490,2WD
80025,포드,이스케이프,2.5 XLT,가솔린,200000,2010,회색,대구,592,2WD
80104,포드,익스플로러,3.5 리미티드 ,가솔린,95223,2012,회색,인천,1330,4WD
80125,포드,익스플로러,2.0 에코부스트 ,가솔린,167500,2013,회색,경기,1220,2WD
80210,포드,익스플로러,Limited 4.0 ,가솔린,133900,2003,회색,서울,630,4WD
80270,포드,토러스,3.5 Limited,가솔린,103295,2011,회색,경남,540,2WD
80284,포드,F150,5.0L,가솔린+LPG,310000,2015,회색,경기,3400,2WD
80285,포드,F150,2.7L,가솔린,112000,2015,회색,경기,4500,2WD
80363,포드,퓨전,2.5,가솔린,44535,2011,회색,부산,580,2WD
80364,포드,이스케이프,2.5 XLT,가솔린,153877,2011,회색,경남,620,2WD
80389,포드,익스플로러,Limited 4.0 ,가솔린,179975,2010,회색,경기,799,4WD
80397,포드,토러스,2.0 Limited 에코부스트,가솔린,53312,2014,회색,경기,1190,2WD
80431,포드,토러스,3.5 SEL,가솔린,148730,2011,회색,충북,370,2WD
80515,포드,토러스,3.5 SHO 에코부스트,가솔린,93693,2014,회색,경기,1090,2WD
80541,포드,토러스,2.0 Limited 에코부스트,가솔린,158712,2013,회색,경기,720,2WD
80564,포드,토러스,3.5 Limited,가솔린,43157,2010,회색,경기,780,2WD
80567,포드,퓨전,2.0 에코부스트,가솔린,92398,2013,회색,경기,980,2WD
80626,포드,익스플로러,2.3 리미티드 ,가솔린,76233,2016,회색,광주,2400,4WD
80692,포드,익스플로러,Limited 4.0 ,가솔린,203934,2007,회색,경기,690,4WD
80712,포드,토러스,2.0 Limited 에코부스트,가솔린,109993,2014,회색,경기,920,2WD
80721,포드,익스플로러,2.3 리미티드 ,가솔린,140188,2016,회색,경기,2150,4WD
80750,포드,토러스,3.5 Limited,가솔린,154102,2013,회색,경기,540,2WD
80856,포드,익스플로러,3.5 리미티드 ,가솔린,84000,2013,회색,대구,1550,4WD
80860,포드,머스탱,컨버터블,가솔린,84783,2011,회색,울산,1880,2WD
80900,포드,토러스,2.0 SEL 에코부스트,가솔린,190478,2013,회색,경기,540,2WD
80917,포드,이스케이프,2.5 XLT,가솔린,162908,2011,회색,경기,530,2WD
80976,포드,토러스,3.5 Limited,가솔린,277037,2011,회색,경기,350,2WD
81001,포드,토러스,3.5 Limited,가솔린,131955,2013,회색,경기,550,2WD
81038,포드,익스플로러,4.0 4X4,가솔린,80767,2007,회색,경기,1850,2WD
81167,포드,토러스,3.5 Limited,가솔린,221694,2011,회색,경기,330,2WD
81223,포드,토러스,3.5 Limited,가솔린,171007,2013,회색,경기,499,2WD
81291,포드,토러스,3.5 Limited,가솔린,91774,2011,회색,경기,420,2WD
81315,포드,포커스,2.0  트렌드,디젤,117866,2013,회색,울산,420,2WD
81413,포드,토러스,3.5 Limited,가솔린,221156,2011,회색,광주,375,2WD
81467,포드,익스플로러,Limited 4.0 ,가솔린,156095,2009,회색,경기,899,4WD
81491,포드,익스플로러,3.5 리미티드 ,가솔린,104900,2014,회색,경기,1580,4WD
81548,포드,토러스,3.5 Limited,가솔린,109913,2012,회색,부산,499,2WD
81559,포드,트랜짓,3.5,가솔린,28009,2016,회색,경기,3900,2WD
81679,포드,퓨전,2.5,가솔린,160278,2011,회색,경기,270,2WD
81773,포드,포커스,2.0  트렌드,디젤,120031,2013,회색,대구,490,2WD
81776,포드,머스탱,쿠페,가솔린,185395,2004,회색,대구,390,2WD
81818,포드,파이브,Limited ,가솔린,120000,2007,회색,인천,197,2WD
81826,포드,토러스,3.0,가솔린,107683,2003,회색,대구,199,2WD
81832,포드,E-Series,E-150,가솔린,66633,2011,회색,대전,3600,2WD
81878,포드,토러스,2.0 Limited 에코부스트,가솔린,68300,2013,회색,경남,1050,2WD
81901,포드,익스플로러,3.5 리미티드 ,가솔린,58871,2014,회색,충남,1830,4WD
81995,포드,F150,6.2L,가솔린,134697,2014,회색,서울,5390,2WD
82000,포드,F150,6.2L,가솔린,134697,2014,회색,서울,5390,2WD
82092,포드,F150,5.4L,LPG(일반인 구입),111973,2006,회색,대구,2099,2WD
82113,포드,토러스,3.5 SEL,가솔린,177693,2011,회색,강원,350,2WD
82164,포드,토러스,3.5 Limited,가솔린,87866,2010,회색,경기,490,2WD
82212,포드,익스플로러,3.5 리미티드 ,가솔린,86956,2016,회색,경기,2400,4WD
82290,포드,머스탱,GT 쿠페,가솔린,96880,2010,회색,경기,950,2WD
82381,포드,익스플로러,Limited 4.0 ,가솔린,126995,2009,회색,경기,870,4WD
82537,포드,토러스,3.5 SHO 에코부스트,가솔린,134357,2012,회색,경기,560,2WD
82606,포드,익스플로러,2.3 리미티드 ,가솔린,13700,2020,회색,서울,5020,4WD
82766,포드,익스플로러,2.3 리미티드 ,가솔린,18000,2019,흰색,부산,3980,4WD
82821,포드,익스플로러,2.3 리미티드 ,가솔린,11050,2019,흰색,경기,4140,4WD
82907,포드,익스플로러,3.5 리미티드 ,가솔린,29478,2018,흰색,경기,3490,4WD
82954,포드,익스플로러,2.3 리미티드 ,가솔린,11050,2019,흰색,경기,4140,4WD
82955,포드,익스플로러,2.3 리미티드 ,가솔린,43200,2017,흰색,경기,3320,4WD
82992,포드,익스플로러,3.5 리미티드 ,가솔린,48437,2018,흰색,서울,3390,4WD
83000,포드,익스플로러,2.3 리미티드 ,가솔린,9200,2019,흰색,경기,4100,4WD
83044,포드,익스플로러,3.5 리미티드 ,가솔린,64462,2013,흰색,서울,1650,4WD
83056,포드,익스플로러,3.5 리미티드 ,가솔린,29478,2018,흰색,경기,3490,4WD
83089,포드,머스탱,컨버터블,가솔린,44580,2019,흰색,경기,4150,2WD
83115,포드,익스플로러,2.3 리미티드 ,가솔린,9200,2019,흰색,경기,4100,4WD
83157,포드,익스플로러,2.0 에코부스트 ,가솔린,168329,2013,흰색,울산,1230,2WD
83160,포드,익스플로러,2.3 리미티드 ,가솔린,58678,2017,흰색,서울,2979,4WD
83166,포드,머스탱,컨버터블,가솔린,44580,2019,흰색,경기,4150,2WD
83195,포드,익스플로러,2.3 리미티드 ,가솔린,53671,2018,흰색,대구,3525,4WD
83249,포드,포커스,2.0 SEL 해치백,가솔린,47180,2012,흰색,서울,999,2WD
83250,포드,익스플로러,2.3 리미티드 ,가솔린,10660,2020,흰색,경기,5050,4WD
83273,포드,익스플로러,2.3 리미티드 ,가솔린,89145,2018,흰색,서울,2910,4WD
83279,포드,익스플로러,2.3 리미티드 ,가솔린,53671,2018,흰색,대구,3525,4WD
83280,포드,익스플로러,3.5 리미티드 ,가솔린,134934,2013,흰색,경기,1460,4WD
83364,포드,익스플로러,3.5 리미티드 ,가솔린,72410,2015,흰색,경기,2250,4WD
83437,포드,익스플로러,2.3 리미티드 ,가솔린,78336,2016,흰색,경기,2699,4WD
83519,포드,익스플로러,2.3 리미티드 ,가솔린,103541,2017,흰색,대구,2890,4WD
83529,포드,익스플로러,2.3 리미티드 ,가솔린,78336,2016,흰색,경기,2699,4WD
83554,포드,익스플로러,2.3 리미티드 ,가솔린,12891,2019,흰색,서울,3998,4WD
83729,포드,익스플로러,2.3 리미티드 ,가솔린,78376,2018,흰색,서울,3050,4WD
83748,포드,익스플로러,2.3 리미티드 ,가솔린,27470,2020,흰색,경기,4650,4WD
83763,포드,익스플로러,3.5 리미티드 ,가솔린,108277,2015,흰색,경기,1770,4WD
83766,포드,F150,3.5L,가솔린,15807,2019,흰색,경기,11000,2WD
83847,포드,F150,3.5L,가솔린,186063,2015,흰색,경기,4890,2WD
83884,포드,익스플로러,2.3 리미티드 ,가솔린,35279,2018,흰색,경기,3530,4WD
83946,포드,익스플로러,2.3 리미티드 ,가솔린,16159,2020,흰색,경기,5150,4WD
83966,포드,익스플로러,2.3 리미티드 ,가솔린,45967,2016,흰색,경기,2989,4WD
83971,포드,익스플로러,2.3 리미티드 ,가솔린,89089,2019,흰색,경기,3190,4WD
84032,포드,익스플로러,2.3 리미티드 ,가솔린,16159,2020,흰색,경기,5150,4WD
84055,포드,익스플로러,3.5 리미티드 ,가솔린,39266,2016,흰색,서울,2800,4WD
84065,포드,익스플로러,2.3 리미티드 ,가솔린,60914,2018,흰색,경기,3480,4WD
84067,포드,익스플로러,2.3 리미티드 ,가솔린,60914,2018,흰색,경기,3480,4WD
84105,포드,익스플로러,2.3 리미티드 ,가솔린,139570,2016,흰색,인천,2190,4WD
84108,포드,익스플로러,2.3 리미티드 ,가솔린,43080,2016,흰색,인천,2940,4WD
84137,포드,익스플로러,2.3 리미티드 ,가솔린,93039,2018,흰색,서울,2939,4WD
84141,포드,익스플로러,2.3 리미티드 ,가솔린,25459,2018,흰색,서울,9999,4WD
84150,포드,익스플로러,3.5 리미티드 ,가솔린,39266,2016,흰색,서울,2800,4WD
84203,포드,익스플로러,2.3 리미티드 ,가솔린,98260,2016,흰색,경기,2300,4WD
84206,포드,익스플로러,2.3 리미티드 ,가솔린,58718,2017,흰색,서울,2990,4WD
84245,포드,머스탱,쿠페,가솔린,57935,2012,흰색,경기,1520,2WD
84257,포드,익스플로러,2.3 리미티드 ,가솔린,93039,2018,흰색,서울,2939,4WD
84271,포드,익스플로러,2.3 리미티드 ,가솔린,25459,2018,흰색,서울,9999,4WD
84274,포드,익스플로러,2.3 리미티드 ,가솔린,57733,2016,흰색,서울,2750,4WD
84304,포드,익스플로러,2.3 리미티드 ,가솔린,58718,2017,흰색,서울,2990,4WD
84334,포드,익스플로러,3.5 리미티드 ,가솔린,60370,2014,흰색,경기,1870,4WD
84410,포드,익스플로러,2.3 리미티드 ,가솔린,40475,2018,흰색,대구,3680,4WD
84425,포드,익스플로러,2.3 리미티드 ,가솔린,64941,2018,흰색,대구,3350,4WD
84432,포드,익스플로러,2.3 리미티드 ,가솔린,59557,2017,흰색,광주,3250,4WD
84486,포드,익스플로러,2.3 리미티드 ,가솔린,31676,2018,흰색,대구,3620,4WD
84498,포드,익스플로러,2.3 리미티드 ,가솔린,53420,2017,흰색,서울,3150,4WD
84504,포드,익스플로러,2.3 리미티드 ,가솔린,17875,2020,흰색,경기,5070,4WD
84596,포드,몬데오,2.0 트렌드,디젤,43360,2015,흰색,경기,1399,2WD
84629,포드,익스플로러,2.3 리미티드 ,가솔린,16710,2020,흰색,경기,4830,4WD
84635,포드,익스플로러,3.5 리미티드 ,가솔린,157338,2014,흰색,경기,1569,4WD
84657,포드,익스플로러,2.3 리미티드 ,가솔린,17875,2020,흰색,경기,5070,4WD
84737,포드,익스플로러,2.3 리미티드 ,가솔린,16710,2020,흰색,경기,4830,4WD
84755,포드,몬데오,2.0 트렌드,디젤,110570,2015,흰색,인천,950,2WD
84763,포드,몬데오,2.0 트렌드,디젤,66334,2016,흰색,경기,1290,2WD
84835,포드,몬데오,2.0 트렌드,디젤,110570,2015,흰색,인천,950,2WD
84928,포드,F150,5.4L,가솔린,150892,2008,흰색,충남,2740,2WD
84932,포드,이스케이프,2.0,가솔린,158415,2014,흰색,경기,830,2WD
84937,포드,익스플로러,2.3 리미티드 ,가솔린,68537,2017,흰색,대전,3120,4WD
84946,포드,익스플로러,2.3 리미티드 ,가솔린,88474,2018,흰색,경기,2850,4WD
84982,포드,익스플로러,2.3 리미티드 ,가솔린,35256,2016,흰색,경기,2930,4WD
85017,포드,익스플로러,2.3 리미티드 ,가솔린,68537,2017,흰색,대전,3120,4WD
85028,포드,퓨전,2.0 티타늄 에코부스트,가솔린,194000,2013,흰색,서울,770,2WD
85059,포드,익스플로러,2.3 리미티드 ,가솔린,35256,2016,흰색,경기,2930,4WD
85081,포드,익스플로러,2.3 리미티드 ,가솔린,88474,2018,흰색,경기,2850,4WD
85107,포드,익스플로러,2.0 에코부스트 ,가솔린,119023,2013,흰색,경기,1550,2WD
85113,포드,익스플로러,2.3 리미티드 ,가솔린,58512,2016,흰색,경기,2790,4WD
85138,포드,몬데오,2.0 트렌드,디젤,43359,2017,흰색,경기,1650,2WD
85148,포드,머스탱,쿠페,가솔린,65879,2017,흰색,경기,2699,2WD
85157,포드,익스플로러,3.5 리미티드 ,가솔린,168805,2013,흰색,부산,1490,4WD
85298,포드,몬데오,2.0 트렌드,디젤,43359,2017,흰색,경기,1650,2WD
85314,포드,머스탱,쿠페,가솔린,107372,2012,흰색,대구,1390,2WD
85333,포드,익스플로러,2.3 리미티드 ,가솔린,51515,2020,흰색,대구,4740,4WD
85352,포드,익스플로러,2.3 리미티드 ,가솔린,79603,2018,흰색,광주,3250,4WD
85359,포드,익스플로러,2.3 리미티드 ,가솔린,22276,2019,흰색,대전,3590,4WD
85402,포드,익스플로러,2.3 리미티드 ,가솔린,40454,2017,흰색,서울,3333,4WD
85435,포드,익스플로러,2.3 리미티드 ,가솔린,78314,2017,흰색,경기,3000,4WD
85437,포드,익스플로러,2.3 리미티드 ,가솔린,10665,2020,흰색,서울,5090,4WD
85453,포드,익스플로러,2.3 리미티드 ,가솔린,51515,2020,흰색,대구,4740,4WD
85523,포드,익스플로러,2.3 리미티드 ,가솔린,51699,2016,흰색,서울,2690,4WD
85572,포드,F150,5.0L,가솔린,8174,2018,흰색,대구,4777,2WD
85585,포드,머스탱,쿠페,가솔린,70438,2017,흰색,경기,2450,2WD
85661,포드,익스플로러,2.0 에코부스트 ,가솔린,91000,2015,흰색,인천,1720,2WD
85664,포드,몬데오,2.0 트렌드,디젤,108000,2016,흰색,인천,1100,2WD
85746,포드,머스탱,쿠페,가솔린,68743,2015,흰색,경기,2400,2WD
85845,포드,F150,3.5L,가솔린,139915,2011,흰색,서울,3290,2WD
85854,포드,이스케이프,2.0,가솔린,67000,2014,흰색,대구,1390,2WD
85864,포드,머스탱,컨버터블,가솔린,125400,2015,흰색,대구,2990,2WD
85888,포드,익스플로러,2.3 리미티드 ,가솔린,96745,2016,흰색,경기,2420,4WD
85930,포드,익스플로러,2.3 리미티드 ,가솔린,96745,2016,흰색,경기,2420,4WD
85985,포드,익스플로러,2.3 리미티드 ,가솔린,73889,2016,흰색,인천,2650,4WD
85994,포드,익스플로러,2.3 리미티드 ,가솔린,16897,2020,흰색,부산,5090,4WD
86072,포드,익스플로러,2.3 리미티드 ,가솔린,73889,2016,흰색,인천,2650,4WD
86074,포드,익스플로러,2.0 에코부스트 ,가솔린,144335,2013,흰색,경기,1330,2WD
86089,포드,익스플로러,2.3 리미티드 ,가솔린,16897,2020,흰색,부산,5090,4WD
86093,포드,토러스,3.5 Limited,가솔린,81801,2011,흰색,부산,590,2WD
86137,포드,익스플로러,3.5 리미티드 ,가솔린,43560,2018,흰색,대구,3390,4WD
86210,포드,퓨전,2.0 에코부스트,가솔린,127510,2013,흰색,서울,830,2WD
86294,포드,퓨전,2.0 에코부스트,가솔린,127510,2013,흰색,서울,830,2WD
86306,포드,익스플로러,2.3 리미티드 ,가솔린,54804,2017,흰색,인천,2930,4WD
86317,포드,퓨전,2.0 티타늄 에코부스트,가솔린,52660,2013,흰색,대구,1090,2WD
86452,포드,익스플로러,2.3 리미티드 ,가솔린,54804,2017,흰색,인천,2930,4WD
86458,포드,몬데오,2.0 티타늄,디젤,82428,2016,흰색,경기,1400,2WD
86487,포드,익스플로러,2.3 리미티드 ,가솔린,16000,2019,흰색,서울,3770,4WD
86538,포드,몬데오,2.0 티타늄,디젤,82428,2016,흰색,경기,1400,2WD
86551,포드,퓨전,2.5,가솔린,141000,2011,흰색,경기,349,2WD
86556,포드,익스플로러,3.5 리미티드 ,가솔린,53086,2015,흰색,서울,2250,4WD
86618,포드,익스플로러,2.3 리미티드 ,가솔린,148546,2016,흰색,경기,2240,4WD
86626,포드,익스플로러,3.5 리미티드 ,가솔린,53086,2015,흰색,서울,2250,4WD
86628,포드,토러스,2.0 Limited 에코부스트,가솔린,111983,2015,흰색,경기,1020,2WD
86692,포드,익스플로러,3.5 리미티드 ,가솔린,66008,2014,흰색,경기,1990,4WD
86776,포드,몬데오,2.0 트렌드,디젤,71006,2016,흰색,경기,1360,2WD
86779,포드,익스플로러,3.5 리미티드 ,가솔린,40097,2018,흰색,경기,9999,4WD
86786,포드,익스플로러,2.3 리미티드 ,가솔린,35434,2020,흰색,경기,4690,4WD
86824,포드,몬데오,2.0 트렌드,디젤,64263,2017,흰색,경기,1689,2WD
86879,포드,익스플로러,2.3 리미티드 ,가솔린,35434,2020,흰색,경기,4690,4WD
86907,포드,익스플로러,2.3 리미티드 ,가솔린,47499,2016,흰색,서울,3050,4WD
86915,포드,몬데오,2.0 트렌드,디젤,71006,2016,흰색,경기,1360,2WD
86923,포드,익스플로러,3.5 리미티드 ,가솔린,40097,2018,흰색,경기,9999,4WD
86943,포드,몬데오,2.0 트렌드,디젤,51553,2016,흰색,경기,9999,2WD
86990,포드,익스플로러,2.3 리미티드 ,가솔린,20259,2018,흰색,경기,3650,4WD
87063,포드,익스플로러,2.3 리미티드 ,가솔린,20259,2018,흰색,경기,3650,4WD
87078,포드,익스플로러,2.3 리미티드 ,가솔린,63014,2017,흰색,서울,2990,4WD
87082,포드,퓨전,2.0 에코부스트,가솔린,81066,2015,흰색,경기,1250,2WD
87101,포드,익스플로러,2.3 리미티드 ,가솔린,10384,2020,흰색,서울,4970,4WD
87164,포드,머스탱,컨버터블,가솔린,80498,2014,흰색,경기,2820,2WD
87188,포드,몬데오,2.0 트렌드,디젤,25739,2019,흰색,경기,2250,2WD
87200,포드,익스플로러,2.3 리미티드 ,가솔린,10384,2020,흰색,서울,4970,4WD
87250,포드,익스플로러,2.3 리미티드 ,가솔린,53958,2018,흰색,대구,3450,4WD
87253,포드,머스탱,컨버터블,가솔린,80498,2014,흰색,경기,2820,2WD
87265,포드,F150,5.4L,가솔린,139885,2010,흰색,대구,3990,2WD
87272,포드,익스플로러,2.3 리미티드 ,가솔린,13014,2020,흰색,경기,4750,4WD
87300,포드,익스플로러,3.5 리미티드 ,가솔린,51000,2015,흰색,충남,2230,4WD
87330,포드,포커스,2.0  티타늄 해치백,디젤,110000,2014,흰색,대구,810,2WD
87377,포드,익스플로러,2.3 리미티드 ,가솔린,29510,2019,흰색,대구,3690,4WD
87403,포드,익스플로러,3.5 리미티드 ,가솔린,55470,2013,흰색,경기,1890,4WD
87414,포드,이스케이프,2.0,가솔린,62526,2015,흰색,경기,1480,2WD
87562,포드,익스플로러,2.3 리미티드 ,가솔린,65730,2017,흰색,대구,2990,4WD
87594,포드,익스플로러,3.5 리미티드 ,가솔린,147796,2015,흰색,서울,1700,4WD
87679,포드,익스플로러,2.3 리미티드 ,가솔린,152739,2017,흰색,인천,2120,4WD
87697,포드,익스플로러,2.3 리미티드 ,가솔린,55243,2019,흰색,부산,3480,4WD
87698,포드,F150,3.5L,가솔린,137187,2013,흰색,부산,3590,2WD
87780,포드,익스플로러,2.3 리미티드 ,가솔린,55243,2019,흰색,부산,3480,4WD
87781,포드,F150,3.5L,가솔린,137187,2013,흰색,부산,3590,2WD
87782,포드,익스플로러,2.3 리미티드 ,가솔린,16027,2020,흰색,경기,4950,4WD
87811,포드,익스플로러,2.3 리미티드 ,가솔린,103510,2018,흰색,대전,2770,4WD
87821,포드,익스플로러,2.3 리미티드 ,가솔린,72599,2016,흰색,인천,2710,4WD
87839,포드,퓨전,2.0 티타늄 에코부스트,가솔린,69439,2015,흰색,경기,1200,2WD
87861,포드,익스플로러,2.3 리미티드 ,가솔린,16027,2020,흰색,경기,4950,4WD
87865,포드,익스플로러,2.3 리미티드 ,가솔린,56611,2016,흰색,대구,2890,4WD
87880,포드,머스탱,쿠페,가솔린,64603,2017,흰색,경기,2750,2WD
87883,포드,익스플로러,2.3 리미티드 ,가솔린,27712,2017,흰색,경기,3140,4WD
87899,포드,익스플로러,3.5 리미티드 ,가솔린,78340,2014,흰색,경기,2000,4WD
87925,포드,익스플로러,2.3 리미티드 ,가솔린,103510,2018,흰색,대전,2770,4WD
87933,포드,E-Series,E-350,가솔린,14484,2011,흰색,서울,5500,2WD
87981,포드,익스플로러,2.3 리미티드 ,가솔린,67659,2017,흰색,대구,3180,4WD
87988,포드,머스탱,쿠페,가솔린,64603,2017,흰색,경기,2750,2WD
88003,포드,익스플로러,2.3 리미티드 ,가솔린,50000,2017,흰색,전북,3090,4WD
88061,포드,익스플로러,3.5 리미티드 ,가솔린,163000,2014,흰색,광주,1500,4WD
88067,포드,익스플로러,2.3 리미티드 ,가솔린,24833,2020,흰색,부산,4750,4WD
88085,포드,익스플로러,3.5 리미티드 ,가솔린,73953,2015,흰색,경기,2200,4WD
88109,포드,익스플로러,2.3 리미티드 ,가솔린,82344,2017,흰색,경기,2880,4WD
88114,포드,익스플로러,2.3 리미티드 ,가솔린,60030,2019,흰색,경기,3570,4WD
88125,포드,익스플로러,2.3 리미티드 ,가솔린,39451,2018,흰색,부산,3648,4WD
88137,포드,익스플로러,2.3 리미티드 ,가솔린,82344,2017,흰색,경기,2880,4WD
88154,포드,익스플로러,3.5 리미티드 ,가솔린,89880,2015,흰색,대전,1890,4WD
88165,포드,토러스,3.5 Limited,가솔린,120000,2011,흰색,경기,439,2WD
88204,포드,익스플로러,2.3 리미티드 ,가솔린,121200,2017,흰색,경기,2410,4WD
88222,포드,F150,2.7L,가솔린,55900,2018,흰색,충남,5950,2WD
88231,포드,이스케이프,2.0,가솔린,64000,2015,흰색,부산,1450,2WD
88283,포드,F150,3.5L,가솔린+LPG,24328,2017,흰색,경기,7850,2WD
88298,포드,포커스,2.0  트렌드,디젤,104240,2013,흰색,대전,570,2WD
88309,포드,포커스,2.0  트렌드,디젤,104240,2013,흰색,대전,570,2WD
88326,포드,익스플로러,2.3 리미티드 ,가솔린+LPG,201000,2016,흰색,대전,1980,4WD
88349,포드,포커스,2.0  트렌드,디젤,144000,2014,흰색,경기,400,2WD
88394,포드,익스플로러,3.5 리미티드 ,가솔린,101449,2015,흰색,경기,1690,4WD
88420,포드,머스탱,컨버터블,가솔린,190000,2008,흰색,제주,790,2WD
88422,포드,포커스,2.0  트렌드 해치백,디젤,126000,2013,흰색,서울,500,2WD
88445,포드,몬데오,2.0 트렌드,디젤,31693,2017,흰색,서울,1720,2WD
88446,포드,익스플로러,2.3 리미티드 ,가솔린,37033,2018,흰색,서울,3450,4WD
88458,포드,익스플로러,3.5 리미티드 ,가솔린,170906,2014,흰색,경기,1450,4WD
88557,포드,익스플로러,2.3 리미티드 ,가솔린,56698,2020,흰색,경기,4450,4WD
88587,포드,익스플로러,2.3 리미티드 ,가솔린,34821,2017,흰색,대구,3150,4WD
88677,포드,익스플로러,2.3 리미티드 ,가솔린,109418,2017,흰색,경기,2555,4WD
88694,포드,익스플로러,2.3 리미티드 ,가솔린,50375,2018,흰색,경남,3530,4WD
88700,포드,몬데오,2.0 트렌드,디젤,38000,2018,흰색,인천,1850,2WD
88705,포드,익스플로러,2.3 리미티드 ,가솔린,50375,2018,흰색,경남,3530,4WD
88738,포드,포커스,2.0  트렌드,디젤,154423,2013,흰색,서울,490,2WD
88756,포드,몬데오,2.0 트렌드,디젤,38295,2018,흰색,인천,1850,2WD
88762,포드,익스플로러,2.3 리미티드 ,가솔린,18513,2020,흰색,대구,5150,4WD
88763,포드,익스플로러,3.5 리미티드 ,가솔린,18525,2018,흰색,경기,3800,4WD
88772,포드,익스플로러,2.3 리미티드 ,가솔린,60026,2019,흰색,경기,3550,4WD
88774,포드,익스플로러,3.5 리미티드 ,가솔린,92127,2018,흰색,서울,2820,4WD
88775,포드,익스플로러,2.3 리미티드 ,가솔린,201570,2017,흰색,서울,1870,4WD
88839,포드,익스플로러,2.3 리미티드 ,가솔린,37050,2018,흰색,서울,3450,4WD
88887,포드,익스플로러,3.5 리미티드 ,가솔린,56454,2014,흰색,경기,1950,4WD
88910,포드,익스플로러,2.3 리미티드 ,가솔린,112000,2016,흰색,경기,2489,4WD
88986,포드,포커스,1.5  티타늄 해치백,디젤,177270,2016,흰색,인천,950,2WD
89204,포드,익스플로러,2.3 리미티드 ,가솔린,78259,2018,흰색,경기,3170,4WD
89210,포드,익스플로러,2.3 리미티드 ,가솔린,42409,2018,흰색,경기,3610,4WD
89213,포드,익스플로러,3.5 리미티드 ,가솔린,41238,2017,흰색,경기,3190,4WD
89253,포드,익스플로러,3.5 리미티드 ,가솔린,93355,2016,흰색,경기,2450,4WD
89297,포드,익스플로러,3.5 리미티드 ,가솔린,93355,2016,흰색,경기,2450,4WD
89300,포드,머스탱,쿠페,가솔린,9490,2020,흰색,경기,4090,2WD
89340,포드,익스플로러,2.3 리미티드 ,가솔린,38239,2018,흰색,부산,3450,4WD
89359,포드,익스플로러,2.3 리미티드 ,가솔린,38239,2018,흰색,부산,3450,4WD
89388,포드,익스플로러,2.3 리미티드 ,가솔린,8549,2020,흰색,경기,5100,4WD
89446,포드,머스탱,쿠페,가솔린,66901,2014,흰색,부산,2410,2WD
89469,포드,익스플로러,3.5 리미티드 ,가솔린,147993,2011,흰색,인천,1160,4WD
89476,포드,익스플로러,2.3 리미티드 ,가솔린,98509,2016,흰색,인천,2550,4WD
89511,포드,머스탱,쿠페,가솔린,66901,2014,흰색,부산,2410,2WD
89517,포드,익스플로러,2.3 리미티드 ,가솔린,47044,2019,흰색,대구,3850,4WD
89542,포드,익스플로러,2.3 리미티드 ,가솔린,42000,2020,흰색,경기,4600,4WD
89547,포드,포커스,2.0  스포츠 해치백,디젤,70719,2014,흰색,경기,820,2WD
89588,포드,익스플로러,2.3 리미티드 ,가솔린,55337,2018,흰색,부산,3330,4WD
89612,포드,토러스,3.5 SHO 에코부스트,가솔린,162787,2013,흰색,경기,990,2WD
89618,포드,토러스,3.5 SEL,가솔린,83000,2011,흰색,경기,650,2WD
89632,포드,익스플로러,2.3 리미티드 ,가솔린,55337,2018,흰색,부산,3330,4WD
89639,포드,익스플로러,2.3 리미티드 ,가솔린,16475,2018,흰색,서울,3840,4WD
89683,포드,포커스,2.0  트렌드,디젤,158062,2013,흰색,경기,459,2WD
89812,포드,익스플로러,2.3 리미티드 ,가솔린,58429,2017,흰색,대구,2990,4WD
89814,포드,익스플로러,3.5 리미티드 ,가솔린,93815,2013,흰색,대구,1690,4WD
89840,포드,익스플로러,3.5 리미티드 ,가솔린,90119,2016,흰색,경기,2499,4WD
89868,포드,익스플로러,2.3 리미티드 ,가솔린,31974,2019,흰색,대전,3830,4WD
89897,포드,이스케이프,1.6,가솔린,111561,2013,흰색,서울,900,2WD
89911,포드,이스케이프,1.6,가솔린,111561,2013,흰색,서울,900,2WD
89930,포드,익스플로러,3.5 리미티드 ,가솔린,130000,2013,흰색,대구,1490,4WD
90014,포드,익스플로러,Limited 4.0 ,가솔린,178087,2014,흰색,대전,1499,4WD
90029,포드,익스플로러,2.3 리미티드 ,가솔린,85462,2017,흰색,대전,2930,4WD
90117,포드,F150,3.5L,가솔린,290000,2016,흰색,경기,3200,2WD
90118,포드,F150,3.5L,가솔린,282065,2016,흰색,경기,2900,2WD
90119,포드,F150,3.5L,가솔린,197131,2017,흰색,경기,3200,2WD
90166,포드,익스플로러,2.3 리미티드 ,가솔린,27613,2018,흰색,울산,3849,4WD
90175,포드,F150,3.5L,가솔린,133954,2013,흰색,대구,3900,2WD
90212,포드,익스플로러,2.3 리미티드 ,가솔린,58164,2018,흰색,부산,3550,4WD
90224,포드,익스플로러,2.3 리미티드 ,가솔린,58164,2018,흰색,부산,3550,4WD
90261,포드,익스플로러,3.5 리미티드 ,가솔린,51489,2018,흰색,대전,3050,4WD
90295,포드,익스플로러,3.5 리미티드 ,가솔린,141249,2013,흰색,인천,1490,4WD
90300,포드,익스플로러,3.5 리미티드 ,가솔린,61896,2015,흰색,경기,2350,4WD
90321,포드,익스플로러,2.3 리미티드 ,가솔린,5414,2021,흰색,충북,5200,4WD
90326,포드,익스플로러,2.3 리미티드 ,가솔린,25386,2019,흰색,전북,3850,4WD
90343,포드,익스플로러,3.5 리미티드 ,가솔린,134784,2016,흰색,경기,2250,4WD
90368,포드,익스플로러,2.3 리미티드 ,가솔린,52059,2017,흰색,경기,3050,4WD
90377,포드,익스플로러,2.3 리미티드 ,가솔린,181625,2017,흰색,경기,2050,4WD
90429,포드,익스플로러,3.5 리미티드 ,가솔린,47684,2014,흰색,서울,2190,4WD
90491,포드,F150,3.5L,가솔린,45150,2018,흰색,경기,8900,2WD
90543,포드,익스플로러,3.5 리미티드 ,가솔린,61137,2016,흰색,서울,2650,4WD
90592,포드,F150,5.4L,가솔린,142480,2010,흰색,경기,3000,2WD
90609,포드,익스플로러,2.3 리미티드 ,가솔린,74870,2016,흰색,경북,2750,4WD
90615,포드,몬데오,2.0 트렌드,디젤,87327,2015,흰색,경기,1090,2WD
90661,포드,익스플로러,3.5 리미티드 ,가솔린,95883,2014,흰색,경기,1800,4WD
90679,포드,익스플로러,2.3 리미티드 ,가솔린,70634,2018,흰색,경기,3080,4WD
90684,포드,익스플로러,2.3 리미티드 ,가솔린,70634,2018,흰색,경기,3080,4WD
90687,포드,몬데오,2.0 트렌드,디젤,31074,2019,흰색,부산,2350,2WD
90720,포드,익스플로러,2.3 리미티드 ,가솔린,2400,2021,흰색,경기,5400,4WD
90743,포드,익스플로러,2.3 리미티드 ,가솔린,29100,2020,흰색,부산,0,4WD
90748,포드,이스케이프,1.6,가솔린,85019,2013,흰색,경기,1090,2WD
90753,포드,이스케이프,1.6,가솔린,85019,2013,흰색,경기,1090,2WD
90790,포드,익스플로러,2.3 리미티드 ,가솔린,60448,2016,흰색,경기,2970,4WD
90796,포드,F150,4.2L,가솔린,65000,2003,흰색,경기,1950,2WD
90800,포드,몬데오,2.0 트렌드,디젤,92000,2015,흰색,경기,980,2WD
90819,포드,익스플로러,2.0 에코부스트 ,가솔린,121300,2014,흰색,서울,1500,2WD
90843,포드,F150,4.6L,가솔린,144000,2010,흰색,대구,2890,2WD
90872,포드,익스플로러,2.3 리미티드 ,가솔린,76600,2019,흰색,경기,3350,4WD
91030,포드,익스플로러,2.3 리미티드 ,가솔린,56000,2017,흰색,경기,3180,4WD
91083,포드,익스플로러,2.3 리미티드 ,가솔린,88531,2016,흰색,경기,2500,4WD
91096,포드,이스케이프,1.6,가솔린,54521,2013,흰색,서울,1290,2WD
91132,포드,익스플로러,2.3 리미티드 ,가솔린,70683,2019,흰색,경기,3400,4WD
91162,포드,익스플로러,2.3 리미티드 ,가솔린,30000,2020,흰색,경남,4850,4WD
91182,포드,익스플로러,2.3 리미티드 ,가솔린,16000,2018,흰색,서울,3850,4WD
91192,포드,토러스,2.0 Limited 에코부스트,가솔린,105000,2013,흰색,서울,880,2WD
91257,포드,익스플로러,3.5 리미티드 ,가솔린,41480,2015,흰색,경기,2300,4WD
91261,포드,익스플로러,3.5 리미티드 ,가솔린,41480,2015,흰색,경기,2300,4WD
91297,포드,머스탱,쿠페,가솔린,45861,2016,흰색,충북,2770,2WD
91306,포드,익스플로러,2.3 리미티드 ,가솔린,18133,2020,흰색,서울,4930,4WD
91307,포드,익스플로러,3.5 리미티드 ,가솔린,14486,2018,흰색,부산,3490,4WD
91312,포드,익스플로러,3.5 리미티드 ,가솔린,14486,2018,흰색,부산,3490,4WD
91320,포드,F150,5.4L,가솔린,145007,2010,흰색,충남,2570,2WD
91380,포드,익스플로러,2.3 리미티드 ,가솔린,109240,2017,흰색,부산,2599,4WD
91385,포드,F150,3.5L,가솔린,46773,2017,흰색,충북,6300,2WD
91414,포드,포커스,2.0  트렌드,디젤,76470,2015,흰색,인천,790,2WD
91500,포드,익스플로러,2.3 리미티드 ,가솔린,13608,2020,흰색,서울,5050,4WD
91595,포드,익스플로러,2.3 리미티드 ,가솔린,51226,2016,흰색,서울,2900,4WD
91606,포드,익스플로러,2.3 리미티드 ,가솔린,6300,2021,흰색,경기,5430,4WD
91653,포드,익스플로러,3.5 리미티드 ,가솔린,41911,2015,흰색,경기,2200,4WD
91655,포드,익스플로러,3.5 리미티드 ,가솔린,41911,2015,흰색,경기,2200,4WD
91659,포드,포커스,2.0 SEL 해치백,가솔린,91000,2012,흰색,경기,550,2WD
91675,포드,익스플로러,3.5 리미티드 ,가솔린,95162,2013,흰색,경남,1590,4WD
91716,포드,익스플로러,3.5 리미티드 ,가솔린,158770,2013,흰색,부산,1270,4WD
91752,포드,익스플로러,2.3 리미티드 ,가솔린,59691,2019,흰색,경기,3680,4WD
91771,포드,몬데오,2.0 티타늄,디젤,75207,2017,흰색,경기,1490,2WD
91781,포드,익스플로러,2.3 리미티드 ,가솔린,22316,2018,흰색,경기,3650,4WD
91848,포드,머스탱,컨버터블,가솔린,209151,2012,흰색,서울,1340,2WD
91916,포드,익스플로러,2.3 리미티드 ,가솔린,58025,2018,흰색,부산,3150,4WD
92019,포드,익스플로러,2.3 리미티드 ,가솔린,5783,2020,흰색,경기,5100,4WD
92083,포드,포커스,2.0  트렌드 해치백,디젤,133000,2015,흰색,인천,630,2WD
92170,포드,익스플로러,2.3 리미티드 ,가솔린,105200,2018,흰색,서울,2850,4WD
92172,포드,익스플로러,2.3 리미티드 ,가솔린,15000,2020,흰색,서울,5200,4WD
92240,포드,쿠가,2.0  트렌디,디젤,71237,2016,흰색,경기,1220,2WD
92242,포드,쿠가,2.0  트렌디,디젤,71237,2016,흰색,경기,1220,2WD
92299,포드,몬데오,2.0 트렌드,디젤,94900,2017,흰색,경기,1300,2WD
92332,포드,머스탱,쿠페,가솔린,47556,2015,흰색,경기,2550,2WD
92352,포드,익스플로러,3.5 리미티드 ,가솔린,96993,2015,흰색,대전,1950,4WD
92353,포드,익스플로러,2.3 리미티드 ,가솔린,114550,2017,흰색,경기,2490,4WD
92367,포드,퓨전,2.5,가솔린,135231,2011,흰색,울산,480,2WD
92422,포드,E-Series,E-350,가솔린,59000,2013,흰색,경기,3900,2WD
92440,포드,익스플로러,2.3 리미티드 ,가솔린,71248,2018,흰색,경기,2999,4WD
92540,포드,익스플로러,3.5 리미티드 ,가솔린,73445,2014,흰색,경기,1949,4WD
92681,포드,익스플로러,3.5 리미티드 ,가솔린,150956,2014,흰색,경기,1550,4WD
92717,포드,익스플로러,3.5 리미티드 ,가솔린,55000,2014,흰색,경기,1980,4WD
92746,포드,익스플로러,2.3 리미티드 ,가솔린,95795,2018,흰색,충남,2820,4WD
92749,포드,익스플로러,2.3 리미티드 ,가솔린,22400,2020,흰색,대구,4690,4WD
92814,포드,익스플로러,3.5 리미티드 ,가솔린,124844,2012,흰색,인천,1330,4WD
92815,포드,F150,3.5L,가솔린,65000,2017,흰색,서울,7700,2WD
92842,포드,익스플로러,2.3 리미티드 ,가솔린,50860,2018,흰색,경남,3510,4WD
92905,포드,익스플로러,2.3 리미티드 ,가솔린,121238,2017,흰색,경기,2320,4WD
92976,포드,몬데오,2.0 티타늄,디젤,92000,2017,흰색,광주,1490,2WD
92995,포드,익스플로러,2.3 리미티드 ,가솔린,39097,2018,흰색,경북,3700,4WD
93001,포드,익스플로러,2.3 리미티드 ,가솔린,141746,2016,흰색,경기,2250,4WD
93041,포드,토러스,2.0 Limited 에코부스트,가솔린,64432,2014,흰색,광주,1250,2WD
93258,포드,익스플로러,2.3 리미티드 ,가솔린,24946,2020,흰색,부산,4620,4WD
93297,포드,익스플로러,2.3 리미티드 ,가솔린,58349,2017,흰색,경기,2950,4WD
93298,포드,익스플로러,2.3 리미티드 ,가솔린,58349,2017,흰색,경기,2950,4WD
93321,포드,몬데오,2.0 트렌드,디젤,24333,2017,흰색,경기,1900,2WD
93365,포드,익스플로러,2.3 리미티드 ,가솔린,63000,2017,흰색,충남,3199,4WD
93406,포드,익스플로러,3.5 리미티드 ,가솔린,147927,2013,흰색,충남,1580,4WD
93416,포드,몬데오,2.0 트렌드,디젤,25563,2019,흰색,경기,2250,2WD
93417,포드,몬데오,2.0 트렌드,디젤,25563,2019,흰색,경기,2250,2WD
93494,포드,익스플로러,3.5 리미티드 ,가솔린,81043,2014,흰색,경기,1820,4WD
93496,포드,익스플로러,3.5 리미티드 ,가솔린,81043,2014,흰색,경기,1820,4WD
93544,포드,익스플로러,3.5 리미티드 ,가솔린,114000,2013,흰색,경기,1430,4WD
93604,포드,이스케이프,2.0,가솔린,102038,2013,흰색,울산,1230,2WD
93648,포드,포커스,2.0 티타늄 해치백,가솔린,68392,2012,흰색,대전,550,2WD
93654,포드,익스플로러,3.5 리미티드 ,가솔린,111167,2015,흰색,서울,1750,4WD
93720,포드,몬데오,2.0 티타늄,디젤,122787,2016,흰색,경기,1190,2WD
93727,포드,익스플로러,2.3 리미티드 ,가솔린,46637,2018,흰색,대구,3490,4WD
93728,포드,익스플로러,2.3 리미티드 ,가솔린,46637,2018,흰색,대구,3490,4WD
93755,포드,몬데오,2.0 트렌드,디젤,153850,2015,흰색,경기,899,2WD
93782,포드,익스플로러,2.3 리미티드 ,가솔린,110051,2017,흰색,경기,2620,4WD
93783,포드,익스플로러,2.3 리미티드 ,가솔린,110051,2017,흰색,경기,2620,4WD
93785,포드,트랜짓,3.7,가솔린,96000,2016,흰색,서울,3390,2WD
93818,포드,익스플로러,3.5 리미티드 ,가솔린,45168,2015,흰색,서울,2120,4WD
93888,포드,익스플로러,2.3 리미티드 ,가솔린,53885,2017,흰색,광주,3080,4WD
93889,포드,익스플로러,2.3 리미티드 ,가솔린,53885,2017,흰색,광주,3080,4WD
93925,포드,F150,2.7L,가솔린,35858,2018,흰색,광주,6000,2WD
93963,포드,익스플로러,2.3 리미티드 ,가솔린,98600,2016,흰색,경기,2500,4WD
94010,포드,익스플로러,2.3 리미티드 ,가솔린,74000,2018,흰색,광주,3290,4WD
94020,포드,익스플로러,2.3 리미티드 ,가솔린,18111,2018,흰색,인천,3650,4WD
94045,포드,토러스,2.0 Limited 에코부스트,가솔린,60056,2014,흰색,경기,1270,2WD
94046,포드,토러스,2.0 Limited 에코부스트,가솔린,60056,2014,흰색,경기,1270,2WD
94067,포드,E-Series,E-150,가솔린,99000,2012,흰색,대전,3500,2WD
94068,포드,E-Series,E-150,가솔린,20839,2011,흰색,대전,3900,2WD
94076,포드,익스플로러,2.3 리미티드 ,가솔린,101550,2016,흰색,경기,2390,4WD
94094,포드,F150,3.5L,가솔린,15621,2017,흰색,경기,7290,2WD
94156,포드,익스페디션,플래티넘 ,가솔린,3000,2021,흰색,충남,8100,4WD
94175,포드,익스플로러,2.3 리미티드 ,가솔린,101829,2017,흰색,경기,2600,4WD
94316,포드,익스플로러,2.3 리미티드 ,가솔린,26068,2019,흰색,충북,3950,4WD
94415,포드,익스플로러,2.3 리미티드 ,가솔린,22000,2017,흰색,부산,3250,4WD
94431,포드,익스플로러,3.5 리미티드 ,가솔린,73958,2015,흰색,경기,2290,4WD
94432,포드,F350,6.2,가솔린,23000,2020,흰색,부산,7900,2WD
94463,포드,익스플로러,3.5 리미티드 ,가솔린,59000,2015,흰색,인천,1850,4WD
94487,포드,F350,5.4,가솔린,130000,2008,흰색,광주,3250,2WD
