,brand,name,info,type,km,year,color,location,price,wd
61865,포르쉐,카이엔,3.0 ,디젤,183494,2011,검정색,경기,2680,2WD
61876,포르쉐,파나메라,2.9 4S,가솔린,3098,2018,검정색,서울,15900,2WD
61878,포르쉐,파나메라,4.8 S,가솔린,141363,2010,검정색,경기,3500,2WD
61883,포르쉐,파나메라,2.9 4S,가솔린,34440,2018,검정색,서울,13900,2WD
61891,포르쉐,파나메라,4.8 S,가솔린,73040,2010,검정색,경기,4290,2WD
61900,포르쉐,파나메라,3.0 ,가솔린,43476,2018,검정색,경기,13449,AWD
61901,포르쉐,카이엔,3.0 쿠페,가솔린,24968,2020,검정색,경기,14500,2WD
61903,포르쉐,박스터,2.5 GTS,가솔린,20839,2018,검정색,경기,12099,2WD
61952,포르쉐,카이엔,4.8 터보,가솔린,77745,2015,검정색,대구,7499,2WD
61960,포르쉐,파나메라,3.6  에디션,가솔린,87724,2016,검정색,서울,6950,AWD
61962,포르쉐,박스터,S 2.5,가솔린,23837,2017,검정색,경기,10900,2WD
61972,포르쉐,카이엔,3.0  플래티넘 에디션,디젤,125268,2014,검정색,서울,3890,2WD
61974,포르쉐,카이엔,3.6 GTS,가솔린,107452,2016,검정색,경기,6990,2WD
61989,포르쉐,카이엔,3.6 GTS,가솔린,65900,2016,검정색,광주,8300,2WD
62036,포르쉐,박스터,S 2.5,가솔린,23837,2017,검정색,경기,10900,2WD
62136,포르쉐,박스터,S 2.5,가솔린,20679,2020,검정색,서울,11302,2WD
62139,포르쉐,파나메라,4.0 터보,가솔린,18287,2019,검정색,전북,20490,2WD
62152,포르쉐,카이엔,3.0 쿠페,가솔린,29000,2020,검정색,서울,14300,2WD
62153,포르쉐,박스터,S 2.5,가솔린,19224,2020,검정색,부산,10500,2WD
62160,포르쉐,파나메라,4.8 4S,가솔린,99492,2010,검정색,서울,3849,2WD
62178,포르쉐,카이엔,3.0 ,디젤,83000,2016,검정색,경기,6850,2WD
62256,포르쉐,911,타르가 4 GTS,가솔린,47500,2016,검정색,서울,13000,2WD
62280,포르쉐,카이엔,4.8 S,가솔린,115048,2012,검정색,경기,3480,2WD
62303,포르쉐,카이엔,3.0 ,디젤,175474,2014,검정색,광주,3509,2WD
62339,포르쉐,파나메라,4.8 4S,가솔린,77818,2011,검정색,경기,4999,2WD
62340,포르쉐,박스터,2.7,가솔린,129612,2007,검정색,경기,2750,2WD
62379,포르쉐,파나메라,4.0 터보,가솔린,9330,2020,검정색,서울,24250,2WD
62404,포르쉐,파나메라,4.0 GTS,가솔린,18150,2018,검정색,경기,20500,2WD
62405,포르쉐,파나메라,4.0 터보,가솔린,18150,2018,검정색,경기,20500,2WD
62406,포르쉐,911,카레라 4S,가솔린,8730,2020,검정색,경기,20900,2WD
62407,포르쉐,파나메라,3.0 ,가솔린,17800,2018,검정색,경기,14300,AWD
62408,포르쉐,911,카레라 4 GTS 카브리올레,가솔린,13000,2018,검정색,경기,17300,2WD
62461,포르쉐,마칸,3.0 S ,디젤,77125,2015,검정색,경기,5600,2WD
62520,포르쉐,마칸,3.0 S ,디젤,77125,2015,검정색,경기,5600,2WD
62525,포르쉐,카이엔,3.0 S E-하이브리드,가솔린+전기,37204,2017,검정색,부산,8150,2WD
62531,포르쉐,파나메라,3.0 ,가솔린,34000,2018,검정색,서울,13500,AWD
62647,포르쉐,파나메라,4.8 GTS,가솔린,66952,2014,검정색,경기,9500,2WD
62671,포르쉐,카이맨,S 3.4,가솔린,123961,2007,검정색,광주,2850,2WD
62730,포르쉐,박스터,S 2.5,가솔린,33612,2018,검정색,경기,8700,2WD
62758,포르쉐,마칸,3.6 터보,가솔린,44949,2014,검정색,경기,6880,2WD
62813,포르쉐,마칸,3.6 터보,가솔린,44949,2014,검정색,경기,6880,2WD
62842,포르쉐,카이엔,4.5 S,가솔린,98288,2006,검정색,경기,1390,2WD
62882,포르쉐,박스터,S 3.4,가솔린,64514,2011,검정색,경기,4790,2WD
62954,포르쉐,카이엔,3.0 ,디젤,104039,2016,검정색,경기,6459,2WD
62997,포르쉐,911,카레라 카브리올레,가솔린,43050,2012,검정색,경기,8970,2WD
63007,포르쉐,파나메라,3.0 ,디젤,165000,2014,검정색,경북,4590,2WD
63123,포르쉐,카이엔,3.0 ,디젤,96895,2016,검정색,경기,6500,2WD
63168,포르쉐,카이엔,3.6,가솔린,98856,2013,검정색,서울,3950,2WD
63195,포르쉐,카이엔,3.0 ,디젤,96895,2016,검정색,경기,6500,2WD
63208,포르쉐,타이칸,4S,전기,5930,2021,검정색,경기,18750,2WD
63256,포르쉐,박스터,S 3.4,가솔린,67000,2010,검정색,서울,4200,2WD
63293,포르쉐,카이엔,3.0,가솔린,2696,2020,검정색,서울,12850,2WD
63337,포르쉐,카이엔,3.0 쿠페,가솔린,10000,2020,검정색,대구,14800,2WD
63403,포르쉐,파나메라,4.8 터보,가솔린,146000,2010,검정색,경기,5500,2WD
63417,포르쉐,파나메라,3.6 ,가솔린,93837,2014,검정색,경기,5790,2WD
63425,포르쉐,카이엔,4.0 터보 쿠페,가솔린,21304,2020,검정색,서울,20000,2WD
63449,포르쉐,파나메라,3.0 ,가솔린,28254,2018,검정색,대구,13400,AWD
63480,포르쉐,파나메라,3.6 ,가솔린,93837,2014,검정색,경기,5790,2WD
63489,포르쉐,카이엔,4.8 GTS,가솔린,68232,2013,검정색,경기,5960,2WD
63763,포르쉐,911,카레라 블랙에디션,가솔린,61986,2012,검정색,경기,6380,2WD
63782,포르쉐,박스터,S 2.5,가솔린,54000,2017,검정색,경기,8750,2WD
63798,포르쉐,카이엔,3.2,가솔린,191654,2006,검정색,충남,950,2WD
63863,포르쉐,파나메라,4.0 GTS,가솔린,6384,2020,검정색,경남,20207,2WD
64061,포르쉐,박스터,S 2.5,가솔린,6548,2017,검정색,서울,9100,2WD
64193,포르쉐,911,타르가 4 GTS,가솔린,13915,2019,검정색,경기,18750,2WD
64202,포르쉐,박스터,2.7,가솔린,94999,2013,검정색,인천,5500,2WD
64270,포르쉐,카이엔,3.6 GTS,가솔린,46535,2017,검정색,경기,8900,2WD
64309,포르쉐,카이엔,3.0  플래티넘 에디션,디젤,76350,2014,검정색,경기,4990,2WD
64359,포르쉐,파나메라,3.0 ,디젤,240000,2014,검정색,경기,4150,2WD
64393,포르쉐,카이엔,3.0,가솔린,55900,2019,검정색,서울,10890,2WD
64440,포르쉐,파나메라,3.6 ,가솔린,76894,2013,검정색,경기,4280,AWD
64467,포르쉐,카이엔,3.0 ,디젤,138173,2013,검정색,경기,3290,2WD
64469,포르쉐,카이엔,3.0  플래티넘 에디션,디젤,99000,2017,검정색,경기,7410,2WD
64482,포르쉐,파나메라,2.9  E-하이브리드,가솔린+전기,57000,2018,검정색,서울,14000,AWD
64577,포르쉐,카이엔,4.0 터보 쿠페,가솔린,20,2021,검정색,부산,22000,2WD
64578,포르쉐,파나메라,4.8 GTS,가솔린,151781,2013,검정색,경기,5600,2WD
64585,포르쉐,파나메라,4.8 GTS,가솔린,97912,2013,검정색,서울,6500,2WD
64645,포르쉐,파나메라,3.6 ,가솔린,102869,2011,검정색,광주,3880,2WD
64671,포르쉐,파나메라,4.0 터보,가솔린,19692,2018,검정색,서울,19990,2WD
64714,포르쉐,박스터,S 3.2,가솔린,147830,2004,검정색,경기,1780,2WD
64723,포르쉐,카이엔,3.0,가솔린,31000,2019,검정색,경기,12300,2WD
64834,포르쉐,카이엔,3.0  플래티넘 에디션,디젤,102095,2014,검정색,경기,3390,2WD
64906,포르쉐,카이엔,3.0 ,디젤,120900,2011,검정색,경기,3290,2WD
64909,포르쉐,카이엔,4.2 S ,디젤,115799,2016,검정색,서울,6499,2WD
64913,포르쉐,카이엔,4.8 GTS,가솔린,54650,2013,검정색,경기,5990,2WD
64935,포르쉐,파나메라,3.6 ,가솔린,151970,2011,검정색,경기,3590,2WD
64941,포르쉐,마칸,3.0 S ,디젤,97744,2015,검정색,경기,5150,2WD
64945,포르쉐,카이엔,3.0 E-하이브리드,가솔린+전기,11000,2021,검정색,대구,15940,2WD
64954,포르쉐,파나메라,3.6 ,가솔린,96305,2012,검정색,경기,4390,AWD
64958,포르쉐,카이맨,S 3.4,가솔린,86748,2007,검정색,서울,2990,2WD
64966,포르쉐,마칸,3.6 터보,가솔린,149086,2015,검정색,경기,5399,2WD
64996,포르쉐,박스터,S 3.4,가솔린,63058,2013,검정색,충남,6850,2WD
65010,포르쉐,마칸,3.0 S ,디젤,32000,2017,검정색,경기,7490,2WD
65049,포르쉐,파나메라,4.8 GTS,가솔린,133371,2013,검정색,경기,6220,2WD
65057,포르쉐,파나메라,4.8 GTS,가솔린,133371,2013,검정색,경기,6220,2WD
65106,포르쉐,파나메라,4.8 터보,가솔린,67013,2012,검정색,경기,5750,2WD
65170,포르쉐,카이엔,4.8 S,가솔린,83007,2011,검정색,서울,3390,2WD
65184,포르쉐,카이엔,4.0 터보 쿠페,가솔린,28099,2020,검정색,서울,19900,2WD
65225,포르쉐,카이엔,3.0,가솔린,12900,2019,검정색,서울,11990,2WD
65281,포르쉐,박스터,S 3.4,가솔린,52793,2011,검정색,경기,4690,2WD
65292,포르쉐,박스터,S 3.4,가솔린,57715,2013,검정색,경기,5990,2WD
65339,포르쉐,911,카레라 4 카브리올레,가솔린,61000,2017,검정색,경기,11500,2WD
65401,포르쉐,파나메라,3.0 ,디젤,70044,2014,검정색,경기,6980,2WD
65431,포르쉐,카이엔,3.6 GTS,가솔린,152669,2017,검정색,서울,6790,2WD
65445,포르쉐,911,터보 S,가솔린,136528,2015,검정색,경기,9990,2WD
65554,포르쉐,카이엔,3.0,가솔린,37800,2020,검정색,서울,14200,2WD
65586,포르쉐,마칸,3.0 S ,디젤,51986,2017,검정색,전북,5950,2WD
65600,포르쉐,마칸,3.0 S ,디젤,46632,2015,검정색,경기,6690,2WD
65620,포르쉐,911,터보 S,가솔린,4500,2021,검정색,대구,28900,2WD
65627,포르쉐,911,카레라 S,가솔린,69463,2008,검정색,경기,4799,2WD
65636,포르쉐,파나메라,4.8 터보,가솔린,131942,2010,검정색,경기,4980,2WD
65642,포르쉐,카이엔,3.0  플래티넘 에디션,디젤,137222,2014,검정색,경기,4200,2WD
65677,포르쉐,카이엔,3.0 ,디젤,194218,2015,검정색,경기,4600,2WD
65681,포르쉐,911,카레라 4S,가솔린,16000,2020,검정색,광주,18500,2WD
65758,포르쉐,카이엔,3.0 ,디젤,93374,2014,검정색,부산,5150,2WD
65795,포르쉐,카이엔,3.0 ,디젤,93374,2014,검정색,부산,5150,2WD
65856,포르쉐,파나메라,4.0 GTS,가솔린,60000,2019,검정색,경기,17890,2WD
65879,포르쉐,카이엔,3.0 ,디젤,156029,2012,검정색,충북,3290,2WD
65985,포르쉐,911,카레라 4S,가솔린,57045,2010,검정색,경기,6650,2WD
66046,포르쉐,911,카레라 4,가솔린,22081,2017,검정색,경기,10200,2WD
66141,포르쉐,카이엔,3.6,가솔린,92887,2012,검정색,경기,3930,2WD
66245,포르쉐,파나메라,4.8 터보,가솔린,93000,2010,검정색,경기,4390,2WD
66265,포르쉐,파나메라,3.0 ,가솔린,67698,2018,검정색,서울,12500,AWD
66269,포르쉐,카이엔,3.0  플래티넘 에디션,디젤,80012,2017,검정색,경기,6950,2WD
66282,포르쉐,파나메라,3.0 ,가솔린,67698,2018,검정색,서울,12500,AWD
66349,포르쉐,박스터,S 2.5,가솔린,66719,2017,검정색,경기,9000,2WD
66351,포르쉐,카이엔,4.5 터보,가솔린,147589,2006,검정색,경기,1580,2WD
66413,포르쉐,911,카레라 4S 카브리올레,가솔린,4550,2021,검정색,서울,22200,2WD
66415,포르쉐,카이맨,2.0,가솔린,9230,2020,검정색,서울,9800,2WD
66416,포르쉐,파나메라,2.9  E-하이브리드,가솔린+전기,38000,2019,검정색,서울,16000,AWD
66417,포르쉐,박스터,2.5 GTS,가솔린,30700,2019,검정색,서울,11600,2WD
66418,포르쉐,파나메라,3.0 ,가솔린,45100,2019,검정색,서울,14500,AWD
66419,포르쉐,파나메라,4.0 GTS,가솔린,22900,2020,검정색,서울,19800,2WD
66432,포르쉐,카이엔,3.0  플래티넘 에디션,디젤,130955,2017,검정색,경남,6200,2WD
66471,포르쉐,파나메라,3.0 ,디젤,81515,2015,검정색,경기,6590,2WD
66527,포르쉐,파나메라,3.6 ,가솔린,95000,2011,검정색,부산,3700,2WD
66530,포르쉐,박스터,2.7,가솔린,64358,2016,검정색,경기,6249,2WD
66532,포르쉐,박스터,S 2.5,가솔린,17836,2020,검정색,경기,11599,2WD
66537,포르쉐,박스터,S 2.5,가솔린,8300,2018,검정색,서울,11300,2WD
66543,포르쉐,카이엔,3.0 ,디젤,218706,2012,검정색,경기,2549,2WD
66545,포르쉐,박스터,2.7,가솔린,64358,2016,검정색,경기,6249,2WD
66546,포르쉐,박스터,S 2.5,가솔린,17836,2020,검정색,경기,11599,2WD
66548,포르쉐,카이엔,4.8 S,가솔린,133116,2011,검정색,대구,2890,2WD
66576,포르쉐,카이엔,3.6,가솔린,109214,2012,검정색,경기,3810,2WD
66598,포르쉐,911,터보,가솔린,158828,2008,검정색,경기,5650,2WD
66644,포르쉐,카이맨,S 3.4,가솔린,67824,2008,검정색,경기,3250,2WD
66653,포르쉐,박스터,S 3.4,가솔린,43200,2008,검정색,부산,3633,2WD
66655,포르쉐,카이엔,3.0,가솔린,17258,2020,검정색,부산,12950,2WD
66676,포르쉐,카이엔,3.0 쿠페,가솔린,2617,2021,검정색,서울,17200,2WD
66683,포르쉐,911,터보 카브리올레,가솔린,28662,2010,검정색,서울,10700,2WD
66718,포르쉐,마칸,3.6 터보,가솔린,59914,2016,검정색,경기,7999,2WD
66748,포르쉐,카이엔,3.0 ,디젤,77710,2011,검정색,경기,3699,2WD
66767,포르쉐,파나메라,3.6  에디션,가솔린,28000,2016,검정색,인천,7900,2WD
66835,포르쉐,파나메라,4.0 GTS,가솔린,31600,2019,검정색,서울,16900,2WD
66852,포르쉐,파나메라,3.6  에디션,가솔린,80794,2016,검정색,경기,6800,AWD
66875,포르쉐,파나메라,3.0 ,가솔린,37889,2018,검정색,경기,8600,AWD
66879,포르쉐,카이엔,3.0,가솔린,22894,2020,검정색,부산,13699,2WD
66881,포르쉐,카이엔,3.0,가솔린,22894,2020,검정색,부산,13699,2WD
66953,포르쉐,박스터,2.7,가솔린,83116,2016,검정색,경기,5800,2WD
66967,포르쉐,카이엔,4.8 터보 S,가솔린,199560,2014,검정색,경기,4480,2WD
67043,포르쉐,파나메라,4.8 GTS,가솔린,153577,2013,검정색,경기,5530,2WD
67046,포르쉐,파나메라,3.6 ,가솔린,148656,2011,검정색,인천,3650,2WD
67047,포르쉐,박스터,2.5 GTS,가솔린,28211,2018,검정색,경기,10790,2WD
67048,포르쉐,타이칸,4S,전기,3695,2021,검정색,경기,18650,2WD
67052,포르쉐,타이칸,4S,전기,3695,2021,검정색,경기,18650,2WD
67068,포르쉐,카이엔,3.0  플래티넘 에디션,디젤,61134,2017,검정색,경기,7550,2WD
67097,포르쉐,타이칸,4S,전기,11000,2021,검정색,경기,16570,2WD
67106,포르쉐,파나메라,2.9 ,가솔린,17708,2018,검정색,경기,15500,AWD
67127,포르쉐,카이엔,4.2 S ,디젤,80000,2014,검정색,서울,6700,2WD
67171,포르쉐,카이엔,4.5 S,가솔린,151462,2005,검정색,경기,830,2WD
67172,포르쉐,마칸,3.0 GTS,가솔린,76552,2017,검정색,경기,8800,2WD
67192,포르쉐,카이엔,3.0 ,디젤,183000,2012,검정색,대구,3700,2WD
67207,포르쉐,파나메라,3.6  에디션,가솔린,64938,2016,검정색,경기,7900,AWD
67268,포르쉐,911,카레라 4 GTS,가솔린,39010,2018,검정색,서울,14914,2WD
67271,포르쉐,마칸,3.0 GTS,가솔린,78688,2017,검정색,경남,6800,2WD
67300,포르쉐,파나메라,4.0 터보,가솔린,27858,2017,검정색,경기,18400,2WD
67319,포르쉐,파나메라,4.8 GTS,가솔린,79854,2015,검정색,경기,8800,2WD
67334,포르쉐,카이엔,3.0 ,디젤,240779,2011,검정색,대구,2450,2WD
67337,포르쉐,파나메라,4.8 GTS,가솔린,51028,2016,검정색,경기,10400,2WD
67354,포르쉐,카이엔,4.8 GTS,가솔린,130000,2013,검정색,서울,4850,2WD
67365,포르쉐,박스터,2.7,가솔린,108452,2015,검정색,경기,5280,2WD
67385,포르쉐,카이엔,3.0 ,디젤,77500,2011,검정색,경기,3699,2WD
67390,포르쉐,카이맨,S 3.4,가솔린,109171,2007,검정색,경기,2980,2WD
67422,포르쉐,파나메라,3.0 ,가솔린,67118,2018,검정색,경기,12800,AWD
67510,포르쉐,마칸,3.0 S ,디젤,76000,2017,검정색,부산,6550,2WD
67517,포르쉐,카이엔,3.6 GTS,가솔린,46515,2017,검정색,경기,8900,2WD
67540,포르쉐,카이엔,3.0 ,디젤,159000,2015,검정색,경기,5490,2WD
67571,포르쉐,카이엔,4.8 터보,가솔린,120084,2008,검정색,경기,1760,2WD
67574,포르쉐,카이엔,4.8 터보,가솔린,173710,2008,검정색,서울,2450,2WD
67580,포르쉐,카이엔,3.0 ,디젤,160000,2015,검정색,대구,4599,2WD
67583,포르쉐,파나메라,2.9 4S,가솔린,32000,2018,검정색,서울,15190,2WD
67608,포르쉐,파나메라,4.8 터보 S,가솔린,97000,2012,검정색,경기,6700,2WD
67641,포르쉐,파나메라,2.9 4S,가솔린,14891,2018,검정색,경기,16500,2WD
67686,포르쉐,파나메라,3.0 ,가솔린,76609,2018,검정색,대구,12790,AWD
67703,포르쉐,카이엔,3.0 ,디젤,258089,2012,검정색,경기,2490,2WD
67720,포르쉐,파나메라,3.6 ,가솔린,121565,2011,검정색,울산,3650,AWD
67732,포르쉐,911,카레라 4S,가솔린,141000,2007,검정색,대구,3600,2WD
67856,포르쉐,박스터,S 2.5,가솔린,8800,2020,검정색,부산,8593,2WD
67875,포르쉐,파나메라,3.0  플래티넘 에디션,디젤,152763,2014,검정색,전북,3990,2WD
67905,포르쉐,파나메라,4.0 터보,가솔린,60008,2018,검정색,경기,18200,2WD
67906,포르쉐,파나메라,4.0 터보,가솔린,60008,2018,검정색,경기,18200,2WD
67949,포르쉐,911,카레라 S,가솔린,1800,2021,검정색,서울,20700,2WD
67990,포르쉐,카이엔,3.0 쿠페,가솔린,8000,2021,검정색,경기,8686,2WD
68007,포르쉐,파나메라,3.6 ,가솔린,76000,2011,검정색,대전,4000,2WD
68009,포르쉐,마칸,3.0 S ,디젤,106800,2017,검정색,경기,6350,2WD
68010,포르쉐,카이엔,3.6 GTS,가솔린,56230,2018,검정색,경기,9900,2WD
68048,포르쉐,파나메라,3.6  에디션,가솔린,137189,2016,검정색,경기,6000,AWD
68073,포르쉐,카이엔,3.0,가솔린,32271,2019,검정색,경기,12000,2WD
68074,포르쉐,911,터보 S,가솔린,29273,2014,검정색,경기,14200,2WD
68075,포르쉐,카이맨,2.7,가솔린,57801,2015,검정색,경기,5700,2WD
68202,포르쉐,파나메라,2.9  E-하이브리드,가솔린+전기,20326,2018,검정색,부산,14650,AWD
68235,포르쉐,카이엔,3.0 ,디젤,134000,2013,검정색,전남,3650,2WD
68248,포르쉐,카이엔,4.8 터보 S,가솔린,97951,2014,검정색,경기,99999,2WD
68261,포르쉐,파나메라,3.6  에디션,가솔린,63103,2016,검정색,대구,7389,AWD
68274,포르쉐,파나메라,3.6 ,가솔린,186900,2011,검정색,경기,2899,AWD
68306,포르쉐,파나메라,2.9 4S,가솔린,24701,2018,검정색,경기,17500,2WD
68349,포르쉐,911,카레라 4S,가솔린,71100,2013,검정색,대구,9250,2WD
68352,포르쉐,카이엔,3.0,가솔린,32637,2019,검정색,경기,12800,2WD
68382,포르쉐,911,카레라 4S 카브리올레,가솔린,33000,2015,검정색,경기,11500,2WD
68412,포르쉐,박스터,2.7,가솔린,111235,2015,검정색,경기,5320,2WD
68424,포르쉐,파나메라,3.0 ,가솔린,1703,2020,검정색,경기,16000,AWD
68425,포르쉐,파나메라,3.0 ,가솔린,43582,2018,검정색,경기,11913,AWD
68443,포르쉐,카이엔,4.8 GTS,가솔린,74000,2013,검정색,서울,5700,2WD
68459,포르쉐,카이엔,3.0 ,디젤,104899,2015,검정색,경기,4999,2WD
68512,포르쉐,카이엔,3.0  플래티넘 에디션,디젤,79780,2017,검정색,경기,7350,2WD
68516,포르쉐,카이엔,3.0  플래티넘 에디션,디젤,79780,2017,검정색,경기,7350,2WD
68547,포르쉐,911,카레라 4S,가솔린,143112,2007,검정색,경기,2990,2WD
68606,포르쉐,카이엔,3.0 ,디젤,148594,2016,검정색,경기,5950,2WD
68607,포르쉐,911,카레라 4 GTS,가솔린,21000,2017,검정색,광주,15250,2WD
68614,포르쉐,911,터보 S,가솔린,33084,2015,검정색,경기,16361,2WD
68625,포르쉐,카이엔,4.0 터보,가솔린,3044,2021,검정색,서울,20400,2WD
68724,포르쉐,911,카레라 4S 카브리올레,가솔린,8952,2021,검정색,경기,24500,2WD
68729,포르쉐,카이엔,3.0 ,디젤,108556,2016,검정색,경남,6500,2WD
68774,포르쉐,카이맨,S 3.4,가솔린,66000,2008,검정색,부산,3590,2WD
68777,포르쉐,카이맨,2.0,가솔린,69100,2018,검정색,인천,6950,2WD
68791,포르쉐,911,카레라 S,가솔린,7300,2021,검정색,서울,20032,2WD
68894,포르쉐,카이맨,2.5 GTS,가솔린,10008,2018,검정색,경기,9950,2WD
68910,포르쉐,파나메라,3.0 ,가솔린,46723,2018,검정색,경기,12999,AWD
68922,포르쉐,911,카레라 4S 카브리올레,가솔린,6000,2020,검정색,서울,19200,2WD
68943,포르쉐,마칸,2.0,가솔린,62000,2018,검정색,대구,7300,2WD
68950,포르쉐,카이엔,3.6 GTS,가솔린,22000,2017,검정색,경기,12000,2WD
68995,포르쉐,카이엔,4.2 S ,디젤,111360,2015,검정색,경기,7299,2WD
69100,포르쉐,카이엔,3.0 ,디젤,142604,2015,검정색,광주,4850,2WD
69108,포르쉐,파나메라,3.0 ,가솔린,34700,2018,검정색,서울,12700,AWD
69224,포르쉐,박스터,2.0,가솔린,37231,2019,검정색,경기,9970,2WD
69227,포르쉐,박스터,2.5,가솔린,160000,1997,검정색,서울,1290,2WD
69270,포르쉐,911,카레라 4 GTS 카브리올레,가솔린,45000,2018,검정색,서울,15600,2WD
69292,포르쉐,파나메라,3.0 ,가솔린,23658,2018,검정색,경남,12700,AWD
69313,포르쉐,파나메라,4.0 GTS,가솔린,16000,2020,검정색,서울,20672,2WD
69393,포르쉐,파나메라,2.9  E-하이브리드,가솔린+전기,13000,2020,검정색,서울,17500,AWD
69422,포르쉐,카이엔,3.0 ,디젤,63417,2015,검정색,인천,6500,2WD
69486,포르쉐,파나메라,3.0 ,가솔린,51000,2018,검정색,서울,13500,AWD
69487,포르쉐,911,카레라 블랙에디션,가솔린,27500,2016,검정색,경기,10850,2WD
69491,포르쉐,911,터보 S,가솔린,46519,2015,검정색,서울,13990,2WD
69499,포르쉐,파나메라,3.0  에디션,디젤,182095,2016,검정색,인천,6150,2WD
69502,포르쉐,파나메라,2.9 4S,가솔린,60167,2017,검정색,충북,13500,2WD
69528,포르쉐,파나메라,4.0 터보,가솔린,25180,2018,검정색,대구,15600,2WD
69529,포르쉐,파나메라,4.0 터보,가솔린,25180,2018,검정색,대구,15600,2WD
69530,포르쉐,911,터보 카브리올레,가솔린,140504,2008,검정색,서울,6100,2WD
69536,포르쉐,카이엔,4.8 터보,가솔린,180000,2008,검정색,서울,2300,2WD
69538,포르쉐,카이엔,3.0,가솔린,29000,2019,검정색,대구,12800,2WD
69548,포르쉐,파나메라,3.0 ,가솔린,13950,2018,검정색,제주,14798,AWD
69558,포르쉐,카이맨,2.5 GTS,가솔린,39000,2019,검정색,경북,12999,2WD
69566,포르쉐,카이엔,4.8 S,가솔린,89000,2011,검정색,경기,4500,2WD
69583,포르쉐,파나메라,4.8 GTS,가솔린,39781,2013,검정색,경기,7290,2WD
69619,포르쉐,파나메라,2.9  E-하이브리드,가솔린+전기,13000,2020,검정색,대전,19000,AWD
69633,포르쉐,파나메라,3.0 ,가솔린,11000,2019,검정색,인천,13200,AWD
69648,포르쉐,카이맨,2.9,가솔린,84000,2011,검정색,대전,2930,2WD
69697,포르쉐,파나메라,3.6  플래티넘 에디션,가솔린,74000,2016,검정색,경기,6250,AWD
69704,포르쉐,911,카레라,가솔린,85150,2005,검정색,서울,3990,2WD
69718,포르쉐,카이엔,4.8 GTS,가솔린,91000,2013,검정색,경기,5600,2WD
69728,포르쉐,카이엔,4.8 S,가솔린,151000,2008,검정색,경기,1800,2WD
69794,포르쉐,카이맨,2.5 GTS,가솔린,10017,2020,기타,경기,11000,2WD
69842,포르쉐,카이맨,2.0,가솔린,45597,2018,기타,경기,4250,2WD
69862,포르쉐,마칸,3.0 S ,디젤,115000,2015,기타,서울,5190,2WD
69872,포르쉐,카이엔,3.0,가솔린,37575,2019,기타,경기,12550,2WD
69881,포르쉐,911,카레라 S,가솔린,62000,2017,기타,서울,11100,2WD
69918,포르쉐,파나메라,3.6 ,가솔린,100064,2013,기타,경기,4250,AWD
69939,포르쉐,파나메라,3.6 ,가솔린,100064,2013,기타,경기,4250,AWD
69950,포르쉐,마칸,2.9 GTS,가솔린,690,2021,기타,서울,12500,2WD
69965,포르쉐,911,카레라 S 카브리올레,가솔린,75216,2013,기타,경기,8500,2WD
69968,포르쉐,카이엔,4.8 터보,가솔린,167000,2012,기타,경기,4900,2WD
70008,포르쉐,파나메라,3.0 ,디젤,112421,2015,기타,경기,4599,2WD
70050,포르쉐,박스터,2.5 GTS,가솔린,17829,2018,기타,인천,11300,2WD
70085,포르쉐,911,카레라 S,가솔린,2823,2021,기타,경기,18800,2WD
70086,포르쉐,파나메라,3.0 ,가솔린,38400,2018,기타,경기,14000,AWD
70087,포르쉐,카이엔,3.0,가솔린,24280,2020,기타,경기,13600,2WD
70106,포르쉐,카이엔,4.8 S,가솔린,186372,2011,기타,경기,2549,2WD
70111,포르쉐,카이엔,4.8 터보,가솔린,100538,2011,기타,대구,4350,2WD
70185,포르쉐,마칸,3.0 S ,디젤,102402,2017,기타,서울,5900,2WD
70224,포르쉐,파나메라,3.6  에디션,가솔린,78424,2016,기타,경기,6950,AWD
70232,포르쉐,마칸,3.0 S ,디젤,86980,2017,기타,대구,6650,2WD
70236,포르쉐,파나메라,3.6 ,가솔린,100679,2015,기타,광주,5460,AWD
70242,포르쉐,파나메라,3.6  에디션,가솔린,78424,2016,기타,경기,6950,AWD
70305,포르쉐,카이엔,3.0 ,디젤,91149,2016,기타,경기,6600,2WD
70325,포르쉐,카이엔,3.0 ,디젤,91149,2016,기타,경기,6600,2WD
70348,포르쉐,카이엔,3.0 ,디젤,82817,2015,기타,경기,5990,2WD
70373,포르쉐,파나메라,3.0 ,가솔린,33061,2018,기타,서울,13950,AWD
70430,포르쉐,마칸,3.0 S ,디젤,70703,2016,기타,경기,5350,2WD
70441,포르쉐,마칸,3.6 터보,가솔린,36050,2016,기타,경기,6980,2WD
70453,포르쉐,마칸,3.6 터보,가솔린,36050,2016,기타,경기,6980,2WD
70494,포르쉐,911,카레라 4,가솔린,2900,2020,기타,서울,18100,2WD
70505,포르쉐,파나메라,4.8 4S,가솔린,79479,2011,기타,서울,4650,2WD
70519,포르쉐,마칸,3.0 S ,디젤,102401,2017,기타,서울,5900,2WD
70526,포르쉐,마칸,2.0,가솔린,50406,2018,기타,서울,7390,2WD
70663,포르쉐,박스터,2.5 GTS,가솔린,23033,2018,기타,부산,10750,2WD
70665,포르쉐,마칸,2.0,가솔린,21858,2017,기타,경기,7520,2WD
70667,포르쉐,카이엔,3.6,가솔린,84251,2011,기타,서울,3830,2WD
70673,포르쉐,박스터,2.5 GTS,가솔린,23033,2018,기타,부산,10750,2WD
70821,포르쉐,마칸,3.0 S ,디젤,92589,2017,기타,경기,6900,2WD
70825,포르쉐,카이맨,S 3.4,가솔린,104066,2008,기타,경기,3150,2WD
70874,포르쉐,카이엔,3.0,가솔린,36000,2019,기타,경기,12300,2WD
70894,포르쉐,타이칸,4S,전기,10859,2021,기타,서울,17500,2WD
70906,포르쉐,911,GT3,가솔린,13500,2018,기타,대구,22500,2WD
70908,포르쉐,파나메라,4.8 4S,가솔린,169864,2012,기타,경기,3599,2WD
70925,포르쉐,파나메라,3.6 ,가솔린,106286,2013,기타,서울,4880,AWD
71012,포르쉐,마칸,3.0 S ,디젤,19947,2017,기타,대구,7950,2WD
71050,포르쉐,파나메라,3.0 ,가솔린,41000,2018,기타,서울,13250,AWD
71117,포르쉐,박스터,S 3.4,가솔린,138000,2007,기타,경기,3400,2WD
71124,포르쉐,파나메라,3.0 ,디젤,106322,2013,기타,서울,4650,2WD
71259,포르쉐,마칸,3.0 S ,디젤,79000,2015,기타,인천,6050,2WD
71314,포르쉐,마칸,2.0,가솔린,71258,2015,기타,경기,5590,2WD
71319,포르쉐,마칸,3.0 S ,디젤,146537,2015,기타,경기,4590,2WD
71366,포르쉐,카이엔,3.0,가솔린,29628,2019,기타,경기,12300,2WD
71369,포르쉐,박스터,S 2.5,가솔린,44000,2017,기타,서울,8130,2WD
71373,포르쉐,카이맨,4.0 GTS,가솔린,8600,2021,기타,전북,13000,2WD
71376,포르쉐,카이엔,3.0 ,디젤,73355,2016,기타,경기,7500,2WD
71385,포르쉐,911,카레라 S,가솔린,4776,2020,기타,서울,16741,2WD
71411,포르쉐,마칸,3.0 S,가솔린,38537,2015,기타,서울,99999,2WD
71432,포르쉐,파나메라,4.0 GTS,가솔린,12807,2019,기타,경기,20900,2WD
71437,포르쉐,파나메라,3.0 S 하이브리드,가솔린+전기,170152,2012,기타,경기,3800,2WD
71469,포르쉐,카이엔,3.0  플래티넘 에디션,디젤,122347,2016,기타,울산,5980,2WD
71471,포르쉐,파나메라,4.0 GTS,가솔린,12807,2019,기타,경기,20900,2WD
71507,포르쉐,파나메라,3.0 ,가솔린,47279,2018,기타,서울,13300,AWD
71515,포르쉐,마칸,3.0 S ,디젤,85417,2015,기타,충남,5980,2WD
71516,포르쉐,마칸,3.0 S ,디젤,85417,2015,기타,충남,5980,2WD
71525,포르쉐,911,카레라 4S,가솔린,3400,2020,기타,서울,20500,2WD
71558,포르쉐,박스터,S 3.4,가솔린,57061,2012,기타,경기,5180,2WD
71590,포르쉐,911,터보 S 카브리올레,가솔린,37010,2014,기타,경남,15500,2WD
71597,포르쉐,마칸,2.0,가솔린,41000,2018,기타,서울,8200,2WD
71611,포르쉐,911,카레라 카브리올레,가솔린,4746,2021,기타,경기,21900,2WD
71620,포르쉐,카이엔,3.0,가솔린,27000,2019,기타,서울,11900,2WD
71622,포르쉐,파나메라,3.6 ,가솔린,102530,2011,기타,서울,3600,2WD
71685,포르쉐,카이엔,3.0 쿠페,가솔린,8763,2020,기타,경기,15779,2WD
71686,포르쉐,파나메라,2.9 4S,가솔린,22197,2018,기타,경기,16000,2WD
71739,포르쉐,마칸,3.0 S ,디젤,37000,2017,기타,경기,7150,2WD
71814,포르쉐,마칸,2.0,가솔린,60200,2018,기타,대전,7000,2WD
71815,포르쉐,카이맨,S 3.4,가솔린,56500,2015,기타,경기,6800,2WD
71843,포르쉐,박스터,2.0,가솔린,27500,2017,기타,경기,7950,2WD
71865,포르쉐,카이엔,3.0,가솔린,49023,2019,기타,경기,11190,2WD
71867,포르쉐,카이엔,3.0 ,디젤,148061,2014,기타,경기,4190,2WD
71872,포르쉐,911,터보,가솔린,98000,2008,기타,충북,6500,2WD
71919,포르쉐,마칸,2.0,가솔린,72831,2018,기타,경기,7100,2WD
71921,포르쉐,911,터보 S,가솔린,41081,2016,기타,서울,14600,2WD
71925,포르쉐,파나메라,4.0 GTS,가솔린,9162,2020,기타,경기,5500,2WD
71951,포르쉐,911,터보 S 카브리올레,가솔린,33500,2014,기타,경기,14500,2WD
71955,포르쉐,박스터,2.0,가솔린,23000,2018,기타,서울,8600,2WD
71994,포르쉐,마칸,3.0 S,가솔린,105000,2015,기타,경기,6000,2WD
71995,포르쉐,911,카레라 4S,가솔린,130000,2007,기타,충남,4000,2WD
72028,포르쉐,카이맨,2.7,가솔린,121200,2007,기타,부산,2690,2WD
72029,포르쉐,카이엔,3.0,가솔린,19897,2019,기타,서울,12600,2WD
72045,포르쉐,911,카레라 S,가솔린,857,2021,기타,서울,20000,2WD
72050,포르쉐,카이엔,3.6 GTS,가솔린,107461,2016,기타,경기,6990,2WD
72067,포르쉐,카이엔,3.6,가솔린,58674,2016,기타,광주,7470,2WD
72107,포르쉐,카이엔,3.0 ,디젤,158817,2013,기타,경기,3550,2WD
72108,포르쉐,파나메라,4.8 GTS,가솔린,160776,2013,기타,인천,5300,2WD
72109,포르쉐,카이엔,3.0 ,디젤,104749,2016,기타,서울,5990,2WD
72110,포르쉐,카이엔,3.0 ,디젤,104749,2016,기타,서울,5990,2WD
72115,포르쉐,카이엔,3.0,가솔린,11500,2019,기타,서울,11700,2WD
72121,포르쉐,카이엔,3.0 ,디젤,87768,2013,기타,경기,3790,2WD
72132,포르쉐,파나메라,3.6  에디션,가솔린,74362,2016,기타,경기,7300,AWD
72135,포르쉐,파나메라,3.6  에디션,가솔린,74362,2016,기타,경기,7300,AWD
72153,포르쉐,파나메라,3.0 ,가솔린,4397,2020,기타,부산,15480,AWD
72154,포르쉐,파나메라,3.0 ,가솔린,4397,2020,기타,부산,15480,AWD
72186,포르쉐,카이엔,3.0 ,디젤,54351,2015,기타,경기,6490,2WD
72214,포르쉐,911,타르가 4S,가솔린,3400,2021,기타,서울,33300,2WD
72220,포르쉐,911,터보 S,가솔린,19865,2014,기타,서울,15350,2WD
72257,포르쉐,마칸,2.0,가솔린,25625,2019,기타,경기,8450,2WD
72280,포르쉐,카이엔,3.0 ,디젤,168118,2012,기타,경기,2700,2WD
72301,포르쉐,파나메라,3.6 ,가솔린,99914,2011,기타,경기,3890,2WD
72308,포르쉐,파나메라,3.6 ,가솔린,87000,2014,기타,경기,5500,AWD
72344,포르쉐,911,GT3 RS,가솔린,12200,2016,기타,서울,22000,2WD
72350,포르쉐,박스터,S 2.5,가솔린,71113,2017,기타,경기,8850,2WD
72382,포르쉐,카이엔,3.0 E-하이브리드 쿠페,가솔린+전기,15600,2020,기타,서울,16100,2WD
72400,포르쉐,박스터,2.0,가솔린,35745,2019,기타,부산,8455,2WD
72406,포르쉐,박스터,S 2.5,가솔린,47720,2017,기타,서울,8900,2WD
72417,포르쉐,911,카레라 4 카브리올레,가솔린,8205,2020,기타,인천,19000,2WD
72447,포르쉐,카이맨,2.7,가솔린,105000,2007,기타,서울,2350,2WD
72518,포르쉐,911,카레라 4,가솔린,65778,1992,기타,서울,12000,2WD
72547,포르쉐,카이맨,S 3.4,가솔린,88785,2014,회색,서울,5690,2WD
72551,포르쉐,박스터,S 2.5,가솔린,70827,2018,회색,경기,7000,2WD
72592,포르쉐,카이맨,S 3.4,가솔린,88785,2014,회색,서울,5690,2WD
72605,포르쉐,카이엔,3.0,가솔린,62473,2019,회색,부산,11599,2WD
72641,포르쉐,카이엔,3.0,가솔린,62473,2019,회색,부산,11599,2WD
72704,포르쉐,카이엔,3.0 E-하이브리드,가솔린+전기,14913,2019,회색,경기,13900,2WD
72721,포르쉐,카이맨,2.7,가솔린,69500,2015,회색,경기,5549,2WD
72768,포르쉐,파나메라,4.8 GTS,가솔린,93710,2016,회색,경기,8100,2WD
72771,포르쉐,카이맨,2.0,가솔린,21331,2020,회색,경기,9499,2WD
72777,포르쉐,카이맨,2.7,가솔린,69500,2015,회색,경기,5549,2WD
72778,포르쉐,파나메라,4.0 GTS,가솔린,30,2021,회색,대구,26500,2WD
72780,포르쉐,카이맨,S 3.4,가솔린,91742,2014,회색,경기,5650,2WD
72793,포르쉐,파나메라,3.0 ,디젤,88083,2014,회색,경기,5900,2WD
72803,포르쉐,파나메라,4.8 GTS,가솔린,93710,2016,회색,경기,8100,2WD
72813,포르쉐,파나메라,3.0 ,디젤,88083,2014,회색,경기,5900,2WD
72833,포르쉐,파나메라,3.0 ,가솔린,11311,2020,회색,경기,16650,AWD
72863,포르쉐,파나메라,3.0 ,가솔린,11311,2020,회색,경기,16650,AWD
72877,포르쉐,파나메라,4.8 터보 S,가솔린,70939,2014,회색,경기,7690,2WD
72943,포르쉐,박스터,2.0,가솔린,17143,2018,회색,경기,9120,2WD
73003,포르쉐,카이엔,3.0 쿠페,가솔린,7727,2020,회색,경기,12899,2WD
73045,포르쉐,박스터,S 2.5,가솔린,17748,2017,회색,경기,10300,2WD
73046,포르쉐,911,카레라 4,가솔린,29000,2018,회색,경기,13000,2WD
73133,포르쉐,박스터,2.7,가솔린,143390,2002,회색,경기,1450,2WD
73236,포르쉐,카이엔,3.0 쿠페,가솔린,25935,2020,회색,서울,13600,2WD
73248,포르쉐,카이맨,2.7,가솔린,76864,2014,회색,경기,4750,2WD
73254,포르쉐,카이엔,3.0 쿠페,가솔린,25935,2020,회색,서울,13600,2WD
73263,포르쉐,파나메라,2.9 4S 이그제큐티브,가솔린,52000,2018,회색,부산,17500,2WD
73342,포르쉐,카이엔,3.0,가솔린,26684,2019,회색,서울,10999,2WD
73402,포르쉐,박스터,4.0 GTS,가솔린,10000,2021,회색,충북,14900,2WD
73515,포르쉐,마칸,2.9 GTS,가솔린,5222,2020,회색,서울,12300,2WD
73538,포르쉐,마칸,3.0 S ,디젤,214231,2015,회색,대구,3490,2WD
73583,포르쉐,911,카레라 4 GTS 카브리올레,가솔린,31081,2018,회색,서울,16900,2WD
73584,포르쉐,파나메라,4.0 GTS,가솔린,39706,2019,회색,서울,18300,2WD
73585,포르쉐,파나메라,3.0 ,가솔린,17358,2018,회색,서울,13000,AWD
73598,포르쉐,카이엔,3.0 ,디젤,103203,2015,회색,경기,5490,2WD
73655,포르쉐,파나메라,3.0 ,디젤,147136,2012,회색,경기,4100,2WD
73725,포르쉐,마칸,2.0,가솔린,92523,2018,회색,경기,6999,2WD
73794,포르쉐,파나메라,4.8 4S,가솔린,93194,2011,회색,서울,4350,2WD
73807,포르쉐,911,카레라 4S,가솔린,6900,2020,회색,서울,22600,2WD
73808,포르쉐,파나메라,3.0 ,가솔린,28000,2018,회색,서울,13800,AWD
73810,포르쉐,카이엔,3.0,가솔린,45332,2020,회색,경기,11100,2WD
73849,포르쉐,카이엔,3.0,가솔린,45332,2020,회색,경기,11100,2WD
73882,포르쉐,마칸,2.0,가솔린,33383,2017,회색,경기,7540,2WD
73946,포르쉐,카이엔,3.0 ,디젤,105000,2015,회색,대구,5350,2WD
73993,포르쉐,마칸,3.6 터보,가솔린,41796,2014,회색,경기,6560,2WD
73996,포르쉐,파나메라,4.8 4S,가솔린,124000,2010,회색,서울,4050,2WD
74023,포르쉐,박스터,2.0,가솔린,56428,2019,회색,경기,9000,2WD
74078,포르쉐,911,카레라 4 GTS,가솔린,34630,2019,회색,서울,14990,2WD
74129,포르쉐,카이엔,3.0 ,디젤,126256,2014,회색,부산,4090,2WD
74131,포르쉐,911,카레라 4,가솔린,142000,2002,회색,경기,3990,2WD
74146,포르쉐,카이엔,3.0,가솔린,23565,2019,회색,경기,13150,2WD
74151,포르쉐,파나메라,3.6 ,가솔린,65312,2011,회색,경기,4350,2WD
74152,포르쉐,카이엔,3.0 ,디젤,126256,2014,회색,부산,4090,2WD
74186,포르쉐,파나메라,4.8 4S,가솔린,71226,2011,회색,경기,4690,2WD
74318,포르쉐,911,카레라 4S,가솔린,104739,2009,회색,대전,5200,2WD
74387,포르쉐,파나메라,4.0 터보,가솔린,47471,2018,회색,서울,16900,2WD
74403,포르쉐,파나메라,4.8 GTS,가솔린,117796,2014,회색,대전,6200,2WD
74451,포르쉐,카이엔,3.0 ,디젤,148000,2012,회색,인천,2900,2WD
74501,포르쉐,마칸,3.0 S ,디젤,107832,2015,회색,경기,5350,2WD
74528,포르쉐,파나메라,4.8 S,가솔린,122456,2010,회색,경기,3880,2WD
74551,포르쉐,911,카레라 4S,가솔린,95000,2009,회색,경기,4000,2WD
74561,포르쉐,파나메라,3.0 S,가솔린,95600,2014,회색,대구,5750,2WD
74566,포르쉐,파나메라,3.0 ,디젤,130106,2015,회색,인천,5800,2WD
74658,포르쉐,마칸,3.0 S ,디젤,169373,2015,회색,경기,4690,2WD
74734,포르쉐,카이엔,4.8 터보,가솔린,149404,2011,회색,경기,3900,2WD
74787,포르쉐,카이엔,4.5 S,가솔린,80928,2006,회색,서울,1620,2WD
74805,포르쉐,카이엔,4.2 S ,디젤,109685,2014,회색,경기,5950,2WD
74806,포르쉐,파나메라,3.0 ,디젤,146475,2014,회색,경기,5500,2WD
74902,포르쉐,파나메라,3.6  에디션,가솔린,68624,2016,회색,경기,7690,AWD
74939,포르쉐,파나메라,4.0 터보,가솔린,47300,2018,회색,서울,18500,2WD
74986,포르쉐,카이맨,2.7,가솔린,29506,2014,회색,경기,5690,2WD
75066,포르쉐,911,타르가 4 GTS,가솔린,112000,2016,회색,경기,8590,2WD
75080,포르쉐,파나메라,4.8 터보,가솔린,149390,2014,회색,경기,6630,2WD
75113,포르쉐,파나메라,2.9  E-하이브리드,가솔린+전기,12500,2020,회색,서울,16300,AWD
75224,포르쉐,카이맨,S 3.4,가솔린,35793,2006,회색,경기,3350,2WD
75281,포르쉐,카이맨,S 3.4,가솔린,54146,2014,회색,경기,5100,2WD
75453,포르쉐,파나메라,2.9 4S,가솔린,51500,2018,회색,부산,13600,2WD
75504,포르쉐,파나메라,3.0 ,가솔린,42705,2018,회색,서울,13290,AWD
75521,포르쉐,파나메라,3.6 ,가솔린,88571,2014,회색,경기,5400,AWD
75534,포르쉐,파나메라,3.6 ,가솔린,115306,2014,회색,경기,6100,AWD
75559,포르쉐,파나메라,4.0 터보,가솔린,19330,2018,회색,경기,18800,2WD
75562,포르쉐,파나메라,2.9 ,가솔린,18979,2017,회색,경기,14100,AWD
75668,포르쉐,파나메라,2.9  E-하이브리드,가솔린+전기,26107,2018,회색,경기,14500,AWD
75707,포르쉐,파나메라,3.0 ,가솔린,42705,2018,회색,서울,13290,AWD
75812,포르쉐,카이엔,4.8 S,가솔린,123492,2008,회색,부산,1650,2WD
75822,포르쉐,파나메라,3.6 ,가솔린,89505,2014,회색,경기,5750,AWD
75826,포르쉐,파나메라,3.6 ,가솔린,89505,2014,회색,경기,5750,AWD
75884,포르쉐,카이맨,2.0,가솔린,37503,2018,회색,경기,7290,2WD
75933,포르쉐,카이엔,3.0 ,디젤,129252,2012,회색,대구,2999,2WD
75994,포르쉐,파나메라,3.0  에디션,디젤,98251,2016,회색,경기,6799,2WD
76043,포르쉐,카이엔,3.0  플래티넘 에디션,디젤,146000,2014,회색,광주,3900,2WD
76114,포르쉐,파나메라,3.0 ,가솔린,29500,2020,회색,서울,15200,AWD
76122,포르쉐,카이엔,4.5 S,가솔린,93142,2006,회색,대구,1599,2WD
76173,포르쉐,카이맨,2.5 GTS,가솔린,17000,2019,회색,서울,10100,2WD
76202,포르쉐,카이엔,4.5 터보,가솔린,174519,2004,회색,경기,999,2WD
76242,포르쉐,911,카레라 4S,가솔린,86386,2014,회색,서울,8700,2WD
76259,포르쉐,마칸,3.0 GTS,가솔린,20795,2017,회색,서울,9300,2WD
76387,포르쉐,카이엔,4.8 GTS,가솔린,150000,2010,회색,서울,5900,2WD
76395,포르쉐,파나메라,2.9 4S 이그제큐티브,가솔린,64138,2017,회색,충북,14900,2WD
76402,포르쉐,박스터,2.0,가솔린,54000,2018,회색,서울,7700,2WD
76406,포르쉐,카이엔,3.0,가솔린,29452,2019,회색,경기,11930,2WD
76407,포르쉐,카이엔,3.0,가솔린,29452,2019,회색,경기,11930,2WD
76443,포르쉐,박스터,2.0,가솔린,150000,2017,회색,경기,5750,2WD
76502,포르쉐,마칸,3.0 S,가솔린,150300,2015,회색,경기,5700,2WD
76534,포르쉐,카이엔,3.0 ,디젤,179000,2015,회색,경북,4790,2WD
76562,포르쉐,911,카레라 4S,가솔린,1200,2021,회색,서울,23000,2WD
76564,포르쉐,파나메라,3.6 ,가솔린,103720,2011,회색,대구,3670,AWD
76585,포르쉐,박스터,S 2.5,가솔린,45418,2017,회색,경기,9999,2WD
76600,포르쉐,박스터,S 2.5,가솔린,26844,2018,회색,대구,9042,2WD
76602,포르쉐,파나메라,2.9  E-하이브리드,가솔린+전기,41202,2018,회색,충북,13900,AWD
76629,포르쉐,카이엔,3.0 쿠페,가솔린,7500,2020,회색,경기,14100,2WD
76661,포르쉐,마칸,3.6 터보,가솔린,68700,2017,회색,경기,8300,2WD
76665,포르쉐,박스터,2.0,가솔린,16415,2019,회색,부산,8600,2WD
76689,포르쉐,911,카레라 4S 카브리올레,가솔린,1454,2021,기타,경기,22990,2WD
76716,포르쉐,카이맨,4.0 GTS,가솔린,7000,2021,기타,대구,13570,2WD
76730,포르쉐,마칸,3.0 S ,디젤,57952,2015,기타,서울,5590,2WD
76813,포르쉐,911,카레라 4S,가솔린,14488,2020,흰색,경기,14910,2WD
77153,포르쉐,박스터,4.0 스파이더,가솔린,20,2022,흰색,인천,20800,2WD
77163,포르쉐,파나메라,3.0 ,디젤,95583,2013,흰색,충남,5550,2WD
77171,포르쉐,파나메라,2.9 4S,가솔린,24838,2018,흰색,대구,15280,2WD
77205,포르쉐,박스터,2.5 GTS,가솔린,34800,2019,흰색,경기,12300,2WD
77226,포르쉐,카이엔,4.8 S,가솔린,109404,2011,흰색,경남,3200,2WD
77303,포르쉐,911,카레라 4 카브리올레,가솔린,101232,2013,기타,서울,8800,2WD
77307,포르쉐,911,카레라 4 카브리올레,가솔린,101232,2013,기타,서울,8800,2WD
77325,포르쉐,박스터,2.0,가솔린,26126,2018,기타,경기,7399,2WD
77342,포르쉐,911,터보 S,가솔린,29540,2014,기타,서울,13900,2WD
77354,포르쉐,박스터,S 2.5,가솔린,14603,2018,기타,경기,11200,2WD
77358,포르쉐,박스터,3.4 GTS,가솔린,72508,2016,기타,경기,8099,2WD
77363,포르쉐,마칸,2.9 GTS,가솔린,2310,2021,기타,경기,11000,2WD
77369,포르쉐,박스터,2.7,가솔린,128886,2014,기타,광주,4999,2WD
77370,포르쉐,박스터,3.4 GTS,가솔린,105826,2015,기타,경기,7080,2WD
77378,포르쉐,박스터,2.7,가솔린,128886,2014,기타,광주,4999,2WD
77396,포르쉐,911,카레라 4 GTS,가솔린,15000,2018,기타,서울,14600,2WD
77399,포르쉐,박스터,2.0,가솔린,53000,2018,기타,경기,7690,2WD
77407,포르쉐,박스터,2.7,가솔린,64018,2014,기타,경기,6090,2WD
77419,포르쉐,박스터,2.7,가솔린,64018,2014,기타,경기,6090,2WD
77423,포르쉐,박스터,S 2.5,가솔린,49085,2018,기타,경기,9390,2WD
77428,포르쉐,박스터,S 2.5,가솔린,49085,2018,기타,경기,9390,2WD
77431,포르쉐,박스터,S 2.5,가솔린,14624,2017,기타,서울,10199,2WD
77433,포르쉐,파나메라,3.0 ,가솔린,15890,2018,기타,서울,13500,AWD
77438,포르쉐,파나메라,3.0 ,가솔린,15890,2018,기타,서울,13500,AWD
77445,포르쉐,박스터,4.0 GTS,가솔린,1100,2021,기타,서울,15600,2WD
77446,포르쉐,911,카레라 4S 카브리올레,가솔린,500,2021,기타,서울,24200,2WD
77453,포르쉐,911,카레라 4S 카브리올레,가솔린,11000,2020,기타,경기,21500,2WD
77474,포르쉐,911,카레라 S,가솔린,103710,2005,기타,서울,3333,2WD
77478,포르쉐,박스터,2.0,가솔린,15527,2020,기타,서울,9900,2WD
77485,포르쉐,911,카레라 4,가솔린,26000,2019,기타,인천,12500,2WD
77491,포르쉐,박스터,2.5 GTS,가솔린,32963,2018,기타,서울,10750,2WD
77504,포르쉐,박스터,S 2.5,가솔린,78266,2017,기타,서울,8800,2WD
77508,포르쉐,박스터,S 2.5,가솔린,78266,2017,기타,서울,8800,2WD
77529,포르쉐,박스터,S 2.5,가솔린,57000,2017,기타,경기,8990,2WD
77534,포르쉐,카이맨,S 3.4,가솔린,100000,2006,기타,인천,3690,2WD
77538,포르쉐,911,카레라 4S 카브리올레,가솔린,15800,2017,기타,서울,14900,2WD
77559,포르쉐,911,터보 S,가솔린,73179,2014,기타,서울,12400,2WD
77560,포르쉐,911,터보 S,가솔린,73179,2014,기타,서울,12400,2WD
77566,포르쉐,911,카레라 4 GTS 카브리올레,가솔린,21687,2015,기타,경기,11300,2WD
77572,포르쉐,박스터,S 3.4,가솔린,70859,2015,기타,경기,6029,2WD
77574,포르쉐,박스터,S 3.4,가솔린,70859,2015,기타,경기,6029,2WD
77617,포르쉐,박스터,2.5 GTS,가솔린,25409,2019,기타,대구,12150,2WD
77643,포르쉐,카이맨,S 3.4,가솔린,135386,2009,기타,경기,3450,2WD
77668,포르쉐,박스터,S 2.5,가솔린,18610,2017,기타,경남,10500,2WD
77669,포르쉐,911,카레라 S,가솔린,153713,2005,기타,광주,3150,2WD
77677,포르쉐,박스터,2.7,가솔린,194454,2001,기타,경기,1399,2WD
77683,포르쉐,911,카레라 4 GTS,가솔린,18858,2018,기타,경기,16393,2WD
77700,포르쉐,911,카레라 4 카브리올레,가솔린,40375,2013,기타,인천,10500,2WD
77701,포르쉐,911,카레라 4 카브리올레,가솔린,40375,2013,기타,인천,10500,2WD
77708,포르쉐,박스터,S 2.5,가솔린,13214,2017,기타,부산,10450,2WD
77715,포르쉐,박스터,S 2.5,가솔린,13214,2017,기타,부산,10450,2WD
77731,포르쉐,카이맨,2.5 GTS,가솔린,16558,2019,기타,서울,9900,2WD
77743,포르쉐,911,터보 S,가솔린,38194,2016,기타,대구,14800,2WD
77779,포르쉐,박스터,2.5 GTS,가솔린,36000,2019,기타,서울,11300,2WD
77780,포르쉐,카이맨,2.5 GTS,가솔린,9620,2020,기타,서울,11400,2WD
77784,포르쉐,카이맨,S 3.4,가솔린,55065,2014,기타,경기,6200,2WD
77794,포르쉐,카이맨,S 3.4,가솔린,55065,2014,기타,경기,6200,2WD
77801,포르쉐,박스터,2.0,가솔린,46908,2019,기타,서울,7350,2WD
77813,포르쉐,911,카레라 4S,가솔린,10300,2020,기타,서울,20500,2WD
77848,포르쉐,박스터,2.5 GTS,가솔린,31400,2018,기타,서울,2450,2WD
77870,포르쉐,박스터,S 2.5,가솔린,19734,2018,기타,경기,12100,2WD
77895,포르쉐,카이맨,4.0 GTS,가솔린,5605,2021,기타,경기,13900,2WD
77896,포르쉐,박스터,S 2.5,가솔린,6100,2020,기타,서울,11850,2WD
77897,포르쉐,박스터,2.5 GTS,가솔린,17186,2018,기타,서울,11300,2WD
77898,포르쉐,파나메라,4.8 GTS,가솔린,80500,2014,기타,부산,8700,2WD
77903,포르쉐,박스터,2.7,가솔린,137000,2001,기타,전남,1290,2WD
77905,포르쉐,박스터,2.5 GTS,가솔린,36177,2019,기타,경기,8900,2WD
77922,포르쉐,박스터,2.0,가솔린,26400,2017,기타,경기,8100,2WD
77923,포르쉐,911,터보 S,가솔린,45387,2014,기타,울산,14300,2WD
77925,포르쉐,박스터,2.5 GTS,가솔린,24965,2019,기타,경기,13200,2WD
77926,포르쉐,파나메라,4.8 GTS,가솔린,115000,2013,기타,강원,5750,2WD
77958,포르쉐,박스터,2.5 GTS,가솔린,21000,2019,기타,경기,10850,2WD
77974,포르쉐,박스터,2.7,가솔린,80237,2016,기타,경기,5910,2WD
77979,포르쉐,911,카레라 GTS,가솔린,60603,2018,기타,경기,13700,2WD
77995,포르쉐,박스터,S 3.4,가솔린,66780,2013,기타,경기,6599,2WD
77997,포르쉐,박스터,S 2.5,가솔린,13214,2017,기타,부산,209,2WD
78000,포르쉐,박스터,2.0,가솔린,13900,2018,기타,경기,8700,2WD
78006,포르쉐,박스터,S 2.5,가솔린,72649,2017,기타,경기,8399,2WD
78007,포르쉐,911,카레라 S 카브리올레,가솔린,15000,2020,기타,서울,20500,2WD
78012,포르쉐,박스터,2.0,가솔린,44805,2018,기타,서울,8300,2WD
78042,포르쉐,박스터,2.5 GTS,가솔린,17180,2018,기타,서울,11300,2WD
78068,포르쉐,911,터보 S,가솔린,31400,2015,기타,경남,15000,2WD
78080,포르쉐,파나메라,4.8 GTS,가솔린,83000,2013,기타,경기,5999,2WD
78109,포르쉐,박스터,3.4 GTS,가솔린,48000,2016,기타,경기,8290,2WD
78111,포르쉐,박스터,2.0,가솔린,5000,2020,기타,서울,9500,2WD
78122,포르쉐,박스터,S 2.5,가솔린,70000,2017,기타,인천,8400,2WD
78123,포르쉐,카이맨,2.5 GTS,가솔린,26000,2018,기타,경기,10100,2WD
78126,포르쉐,911,카레라 4,가솔린,35287,2017,기타,경기,12300,2WD
78127,포르쉐,911,카레라 4,가솔린,35287,2017,기타,경기,12300,2WD
78140,포르쉐,박스터,2.0,가솔린,36000,2019,기타,경남,9500,2WD
78146,포르쉐,911,카레라 4S 카브리올레,가솔린,139000,2013,기타,서울,8800,2WD
78331,포르쉐,박스터,S 2.5,가솔린,28585,2017,회색,경기,8600,2WD
78365,포르쉐,박스터,S 2.5,가솔린,28585,2017,회색,경기,8600,2WD
78458,포르쉐,박스터,2.5 GTS,가솔린,12043,2020,회색,경기,11999,2WD
78616,포르쉐,마칸,3.0 GTS,가솔린,37000,2017,회색,서울,7650,2WD
78658,포르쉐,파나메라,2.9 4S,가솔린,38532,2017,회색,경기,13900,2WD
78685,포르쉐,파나메라,2.9 4S,가솔린,38532,2017,회색,경기,13900,2WD
78729,포르쉐,박스터,S 2.5,가솔린,45565,2017,회색,서울,9130,2WD
78734,포르쉐,카이맨,2.5 GTS,가솔린,51586,2018,회색,인천,8790,2WD
78749,포르쉐,박스터,S 2.5,가솔린,45565,2017,회색,서울,9130,2WD
78763,포르쉐,카이맨,2.5 GTS,가솔린,51586,2018,회색,인천,8790,2WD
78781,포르쉐,박스터,2.7,가솔린,75424,2015,회색,서울,5890,2WD
78998,포르쉐,911,카레라 S,가솔린,8400,2020,회색,부산,18000,2WD
79062,포르쉐,911,카레라 4S 카브리올레,가솔린,12800,2020,회색,서울,21800,2WD
79151,포르쉐,911,카레라 4 GTS 카브리올레,가솔린,83052,2015,회색,경기,11850,2WD
79259,포르쉐,카이맨,2.5 GTS,가솔린,34500,2018,회색,울산,9490,2WD
79360,포르쉐,911,터보,가솔린,35000,2015,회색,서울,12900,2WD
79691,포르쉐,박스터,4.0 25th 에디션,가솔린,600,2021,회색,경기,19000,2WD
79695,포르쉐,카이엔,3.2,가솔린,165530,2006,회색,경기,1570,2WD
79733,포르쉐,카이맨,2.7,가솔린,49889,2007,회색,경기,2799,2WD
80276,포르쉐,911,카레라 4 카브리올레,가솔린,2880,2020,회색,서울,20000,2WD
80399,포르쉐,파나메라,4.0 GTS,가솔린,60964,2019,회색,부산,16850,2WD
80537,포르쉐,카이엔,4.5 터보,가솔린,143700,2003,회색,서울,2500,2WD
80793,포르쉐,카이엔,3.6,가솔린,100088,2008,회색,경기,1270,2WD
80906,포르쉐,카이맨,S 3.4,가솔린,118827,2008,회색,서울,2999,2WD
81163,포르쉐,카이엔,3.0 E-하이브리드 쿠페,가솔린+전기,8100,2021,회색,서울,16800,2WD
81171,포르쉐,카이엔,3.2,가솔린,198200,2004,회색,대구,799,2WD
81292,포르쉐,박스터,2.5,가솔린,305600,2000,회색,경기,1000,2WD
81351,포르쉐,911,카레라 4S,가솔린,81833,2013,회색,서울,7300,2WD
81371,포르쉐,911,카레라 S,가솔린,60000,2013,회색,서울,8299,2WD
81391,포르쉐,911,카레라,가솔린,14079,2018,회색,경기,11700,2WD
81426,포르쉐,파나메라,3.6  에디션,가솔린,159906,2016,회색,광주,7050,AWD
81455,포르쉐,파나메라,2.9 4S,가솔린,67191,2017,회색,서울,12850,2WD
81480,포르쉐,911,카레라 4,가솔린,9900,2020,회색,서울,17600,2WD
81568,포르쉐,911,카레라 S 카브리올레,가솔린,4700,2021,회색,서울,18325,2WD
81674,포르쉐,911,터보,가솔린,66500,2008,회색,경기,7200,2WD
81723,포르쉐,박스터,3.4 GTS,가솔린,39978,2015,회색,경기,8981,2WD
81724,포르쉐,카이맨,4.0 GTS,가솔린,7000,2021,회색,경기,14700,2WD
81866,포르쉐,911,터보 S,가솔린,6979,2021,회색,인천,31900,2WD
81939,포르쉐,박스터,S 3.4,가솔린,79200,2013,회색,경기,9999,2WD
81946,포르쉐,박스터,2.7,가솔린,135800,1999,회색,충남,2200,2WD
82003,포르쉐,박스터,2.5 GTS,가솔린,21222,2019,회색,서울,10990,2WD
82039,포르쉐,911,카레라 4,가솔린,37494,2017,회색,경기,11370,2WD
82096,포르쉐,카이엔,3.0,가솔린,3000,2021,회색,서울,13900,2WD
82133,포르쉐,파나메라,3.6  에디션,가솔린,72853,2016,회색,서울,7500,AWD
82166,포르쉐,파나메라,2.9  E-하이브리드,가솔린+전기,9994,2020,회색,서울,15600,AWD
82287,포르쉐,파나메라,3.0 ,가솔린,33505,2020,회색,경기,16100,AWD
82432,포르쉐,카이엔,4.8 터보,가솔린,75113,2008,회색,서울,2600,2WD
82441,포르쉐,박스터,4.0 GTS,가솔린,1844,2021,회색,서울,16500,2WD
82465,포르쉐,파나메라,4.0 터보,가솔린,59159,2018,회색,서울,15890,2WD
82484,포르쉐,박스터,4.0 GTS,가솔린,1913,2021,회색,경기,15993,2WD
82486,포르쉐,파나메라,3.6 ,가솔린,102945,2011,회색,서울,3870,AWD
82516,포르쉐,카이엔,4.5 터보,가솔린,75112,2008,회색,서울,2390,2WD
82561,포르쉐,911,카레라 S 카브리올레,가솔린,3700,2021,회색,경남,29447,2WD
82573,포르쉐,카이엔,3.0 E-하이브리드 쿠페,가솔린+전기,13500,2021,회색,대전,15600,2WD
82622,포르쉐,박스터,2.5 GTS,가솔린,41000,2018,기타,경기,11150,2WD
82631,포르쉐,911,카레라 4S,가솔린,105160,2017,기타,서울,9500,2WD
82643,포르쉐,박스터,2.5 GTS,가솔린,35114,2018,기타,서울,9990,2WD
82672,포르쉐,박스터,S 2.5,가솔린,38000,2018,기타,경남,9850,2WD
82688,포르쉐,911,카레라 4S,가솔린,28000,2017,기타,서울,14500,2WD
82696,포르쉐,911,카레라 GTS,가솔린,18035,2017,기타,경기,14300,2WD
82737,포르쉐,911,터보 S,가솔린,23878,2018,기타,경기,19500,2WD
82738,포르쉐,911,터보 S,가솔린,23878,2018,기타,경기,19500,2WD
82781,포르쉐,카이엔,3.0,가솔린,30562,2019,흰색,부산,11699,2WD
82782,포르쉐,박스터,2.5 GTS,가솔린,22898,2018,흰색,부산,11550,2WD
82799,포르쉐,파나메라,2.9 4S,가솔린,46659,2018,흰색,서울,14200,2WD
82830,포르쉐,카이엔,4.8 터보,가솔린,140484,2009,흰색,대구,4100,2WD
82838,포르쉐,카이맨,2.0,가솔린,28000,2019,흰색,서울,9390,2WD
82871,포르쉐,박스터,4.0 GTS,가솔린,2000,2021,흰색,부산,14200,2WD
82879,포르쉐,카이엔,4.8 S,가솔린,146596,2011,흰색,경기,2880,2WD
82891,포르쉐,파나메라,2.9 4S,가솔린,46659,2018,흰색,서울,14200,2WD
82964,포르쉐,파나메라,3.6 ,가솔린,146536,2012,흰색,경기,3750,AWD
83002,포르쉐,박스터,2.5 GTS,가솔린,20193,2018,흰색,경기,12000,2WD
83006,포르쉐,마칸,3.0 S ,디젤,37790,2017,흰색,경기,7899,2WD
83104,포르쉐,파나메라,4.0 GTS,가솔린,9592,2019,흰색,서울,17900,2WD
83109,포르쉐,911,카레라 4 GTS,가솔린,10577,2018,흰색,서울,15000,2WD
83111,포르쉐,박스터,4.0 스파이더,가솔린,2419,2020,흰색,서울,18900,2WD
83117,포르쉐,마칸,3.0 S ,디젤,37790,2017,흰색,경기,7899,2WD
83120,포르쉐,카이엔,3.0 쿠페,가솔린,20153,2020,흰색,경기,15000,2WD
83126,포르쉐,박스터,S 2.5,가솔린,57980,2017,흰색,경기,7999,2WD
83127,포르쉐,박스터,2.5 GTS,가솔린,20193,2018,흰색,경기,12000,2WD
83135,포르쉐,카이엔,3.6 플래티넘 에디션,가솔린,36556,2017,흰색,대구,8390,2WD
83171,포르쉐,파나메라,3.0 ,가솔린,56311,2018,흰색,경기,12750,AWD
83248,포르쉐,카이엔,3.0,가솔린,16000,2019,흰색,경기,10700,2WD
83270,포르쉐,박스터,2.5 GTS,가솔린,49096,2018,흰색,경기,11299,2WD
83351,포르쉐,카이엔,4.8 GTS,가솔린,151285,2014,흰색,경기,4999,2WD
83372,포르쉐,카이엔,4.0 터보,가솔린,5268,2020,흰색,경기,19450,2WD
83391,포르쉐,박스터,2.0,가솔린,49035,2019,흰색,서울,8300,2WD
83400,포르쉐,박스터,2.0,가솔린,46740,2018,흰색,경기,9400,2WD
83466,포르쉐,카이엔,4.0 터보,가솔린,5268,2020,흰색,경기,19450,2WD
83478,포르쉐,카이엔,3.0  플래티넘 에디션,디젤,57809,2017,흰색,서울,7850,2WD
83488,포르쉐,박스터,S 2.5,가솔린,33571,2017,흰색,서울,7890,2WD
83540,포르쉐,카이엔,3.0  플래티넘 에디션,디젤,75553,2017,흰색,부산,7430,2WD
83591,포르쉐,파나메라,3.0 ,가솔린,21000,2018,흰색,서울,13500,AWD
83597,포르쉐,카이엔,3.0  플래티넘 에디션,디젤,57809,2017,흰색,서울,7850,2WD
83619,포르쉐,파나메라,3.0 ,가솔린,85000,2018,흰색,서울,14554,AWD
83640,포르쉐,카이엔,3.0 쿠페,가솔린,9054,2020,흰색,서울,14200,2WD
83650,포르쉐,카이엔,3.0 ,디젤,58521,2016,흰색,서울,7290,2WD
83652,포르쉐,파나메라,4.8 4S,가솔린,87207,2010,흰색,광주,5590,2WD
83736,포르쉐,박스터,S 3.4,가솔린,102598,2015,흰색,경기,6090,2WD
83796,포르쉐,파나메라,2.9  E-하이브리드,가솔린+전기,37696,2018,흰색,서울,14950,AWD
83815,포르쉐,파나메라,4.0 터보,가솔린,48550,2017,흰색,경기,18230,2WD
83837,포르쉐,박스터,S 3.4,가솔린,102598,2015,흰색,경기,6090,2WD
83852,포르쉐,911,터보 S,가솔린,63000,2015,흰색,서울,10499,2WD
83861,포르쉐,파나메라,2.9  E-하이브리드,가솔린+전기,37696,2018,흰색,서울,14950,AWD
83875,포르쉐,카이엔,3.0 쿠페,가솔린,14000,2020,흰색,경기,13300,2WD
83915,포르쉐,파나메라,3.0 ,가솔린,25000,2018,흰색,경기,14300,AWD
83916,포르쉐,박스터,2.0,가솔린,19500,2018,흰색,경기,9150,2WD
83917,포르쉐,파나메라,2.9  E-하이브리드,가솔린+전기,24800,2018,흰색,경기,15500,AWD
83918,포르쉐,911,카레라 GTS 카브리올레,가솔린,11500,2019,흰색,경기,17000,2WD
83919,포르쉐,카이엔,4.0 터보,가솔린,8251,2020,흰색,경기,18500,2WD
83920,포르쉐,카이엔,4.0 터보,가솔린,8251,2020,흰색,경기,18500,2WD
83921,포르쉐,파나메라,3.0 ,가솔린,46450,2018,흰색,경기,13200,AWD
83922,포르쉐,카이엔,3.0,가솔린,5750,2020,흰색,경기,14300,2WD
83923,포르쉐,파나메라,4.8 GTS,가솔린,85000,2015,흰색,경기,8900,2WD
83968,포르쉐,박스터,S 2.5,가솔린,34119,2017,흰색,경기,9880,2WD
84017,포르쉐,카이엔,3.0 ,디젤,69197,2016,흰색,서울,7040,2WD
84022,포르쉐,911,터보,가솔린,56101,2014,흰색,서울,12370,2WD
84051,포르쉐,카이엔,4.8 터보,가솔린,146602,2008,흰색,대구,1980,2WD
84063,포르쉐,박스터,S 2.5,가솔린,34119,2017,흰색,경기,9880,2WD
84066,포르쉐,박스터,S 3.4,가솔린,48602,2013,흰색,경기,6290,2WD
84068,포르쉐,박스터,S 3.4,가솔린,48602,2013,흰색,경기,6290,2WD
84243,포르쉐,박스터,3.4 GTS,가솔린,74000,2015,흰색,경기,7690,2WD
84246,포르쉐,파나메라,3.0 ,가솔린,64000,2018,흰색,서울,11600,AWD
84364,포르쉐,마칸,3.0 S ,디젤,54996,2015,흰색,경기,6350,2WD
84375,포르쉐,마칸,2.0,가솔린,32284,2018,흰색,경기,8280,2WD
84388,포르쉐,카이엔,4.8 GTS,가솔린,75268,2013,흰색,경기,5700,2WD
84421,포르쉐,카이엔,4.8 GTS,가솔린,82000,2013,흰색,서울,5550,2WD
84437,포르쉐,마칸,3.0 S ,디젤,54996,2015,흰색,경기,6350,2WD
84455,포르쉐,마칸,3.6 터보,가솔린,57814,2014,흰색,경기,7399,2WD
84462,포르쉐,파나메라,3.0 ,가솔린,37656,2018,흰색,대구,13480,AWD
84491,포르쉐,파나메라,2.9 ,가솔린,1050,2021,흰색,대구,19448,AWD
84532,포르쉐,카이엔,3.0 ,디젤,134250,2013,흰색,경기,3350,2WD
84582,포르쉐,파나메라,4.8 GTS,가솔린,62320,2016,흰색,경기,9590,2WD
84649,포르쉐,카이엔,3.0  플래티넘 에디션,디젤,63026,2017,흰색,경기,6730,2WD
84692,포르쉐,박스터,S 3.4,가솔린,104740,2013,흰색,대구,5790,2WD
84781,포르쉐,카이엔,3.0  플래티넘 에디션,디젤,92704,2017,흰색,서울,7100,2WD
84783,포르쉐,박스터,S 3.4,가솔린,104740,2013,흰색,대구,5790,2WD
84805,포르쉐,마칸,3.0 S ,디젤,27500,2017,흰색,광주,7400,2WD
84847,포르쉐,카이엔,3.0 ,디젤,225321,2015,흰색,대구,4650,2WD
84866,포르쉐,카이엔,3.0  플래티넘 에디션,디젤,92704,2017,흰색,서울,7100,2WD
84965,포르쉐,마칸,3.0 GTS,가솔린,67665,2018,흰색,광주,8590,2WD
84985,포르쉐,마칸,3.0 S ,디젤,61329,2015,흰색,대구,5999,2WD
85010,포르쉐,타이칸,터보,전기,1000,2021,흰색,경기,21500,2WD
85102,포르쉐,911,카레라 카브리올레,가솔린,7100,2020,흰색,인천,17000,2WD
85216,포르쉐,마칸,3.0 S ,디젤,46757,2015,흰색,대구,6250,2WD
85253,포르쉐,카이엔,4.0 터보 쿠페,가솔린,17335,2020,흰색,서울,20000,2WD
85256,포르쉐,박스터,2.5 GTS,가솔린,14900,2020,흰색,서울,4700,2WD
85263,포르쉐,카이엔,3.6 GTS,가솔린,41792,2016,흰색,경기,8990,2WD
85303,포르쉐,카이엔,3.0,가솔린,13000,2021,흰색,대구,16378,2WD
85330,포르쉐,카이엔,3.0 ,디젤,118422,2013,흰색,경기,4300,2WD
85368,포르쉐,박스터,2.5 GTS,가솔린,21142,2019,흰색,경기,10590,2WD
85376,포르쉐,카이엔,4.0 터보 쿠페,가솔린,17335,2020,흰색,서울,20000,2WD
85443,포르쉐,카이엔,3.0 ,디젤,118422,2013,흰색,경기,4300,2WD
85493,포르쉐,파나메라,4.8 4S,가솔린,187557,2012,흰색,경기,2990,2WD
85521,포르쉐,마칸,3.0 S ,디젤,179355,2016,흰색,광주,4660,2WD
85686,포르쉐,파나메라,4.0 GTS,가솔린,28316,2020,흰색,서울,21300,2WD
85687,포르쉐,파나메라,3.0 ,가솔린,45049,2018,흰색,서울,14350,AWD
85688,포르쉐,타이칸,터보 S,전기,619,2021,흰색,서울,28500,2WD
85689,포르쉐,타이칸,터보 S,전기,2367,2021,흰색,서울,27000,2WD
85739,포르쉐,카이엔,3.0 ,디젤,79893,2016,흰색,서울,6090,2WD
85780,포르쉐,파나메라,3.0 ,디젤,97784,2013,흰색,서울,5150,2WD
85793,포르쉐,카이엔,4.8 S,가솔린,178152,2011,흰색,경기,2170,2WD
85841,포르쉐,박스터,S 3.4,가솔린,85001,2011,흰색,서울,4520,2WD
85880,포르쉐,파나메라,4.8 GTS,가솔린,67551,2014,흰색,경기,8770,2WD
86103,포르쉐,파나메라,2.9 4S,가솔린,24900,2017,흰색,서울,14900,2WD
86106,포르쉐,파나메라,3.6 ,가솔린,168000,2013,흰색,서울,3450,AWD
86167,포르쉐,마칸,3.0 S ,디젤,189496,2015,흰색,서울,5200,2WD
86174,포르쉐,911,카레라 S 카브리올레,가솔린,44802,2017,흰색,서울,13290,2WD
86260,포르쉐,박스터,2.5 GTS,가솔린,49090,2018,흰색,경기,11299,2WD
86277,포르쉐,마칸,2.9 GTS,가솔린,11932,2021,흰색,서울,12890,2WD
86279,포르쉐,박스터,2.5 GTS,가솔린,27718,2019,흰색,서울,11890,2WD
86281,포르쉐,박스터,2.5 GTS,가솔린,22868,2019,흰색,경기,10200,2WD
86283,포르쉐,마칸,3.0 S ,디젤,19857,2017,흰색,서울,8150,2WD
86298,포르쉐,박스터,2.5 GTS,가솔린,44467,2018,흰색,경기,11490,2WD
86339,포르쉐,마칸,3.0 S ,디젤,48900,2017,흰색,대구,7850,2WD
86353,포르쉐,카이엔,3.0  플래티넘 에디션,디젤,56806,2017,흰색,경기,7680,2WD
86365,포르쉐,카이엔,3.0,가솔린,13000,2021,흰색,서울,13860,2WD
86371,포르쉐,파나메라,3.0 ,가솔린,58000,2018,흰색,서울,11700,AWD
86374,포르쉐,파나메라,2.9 4S,가솔린,37198,2018,흰색,경기,14000,2WD
86377,포르쉐,마칸,3.0 S ,디젤,19857,2017,흰색,서울,8150,2WD
86432,포르쉐,박스터,2.5 GTS,가솔린,44467,2018,흰색,경기,11490,2WD
86478,포르쉐,카이엔,3.0 ,디젤,134000,2012,흰색,서울,3450,2WD
86479,포르쉐,박스터,S 3.4,가솔린,85298,2013,흰색,경기,6450,2WD
86522,포르쉐,파나메라,3.6  에디션,가솔린,118259,2016,흰색,경기,5980,AWD
86591,포르쉐,카이엔,3.6 GTS,가솔린,32154,2017,흰색,경기,8600,2WD
86664,포르쉐,파나메라,3.0 ,디젤,132834,2014,흰색,경기,5190,2WD
86704,포르쉐,911,카레라 GTS,가솔린,25977,2017,흰색,경기,13700,2WD
86724,포르쉐,마칸,3.0 S ,디젤,34603,2017,흰색,충남,7799,2WD
86734,포르쉐,마칸,2.0,가솔린,69377,2018,흰색,대구,6990,2WD
86747,포르쉐,카이엔,3.0  플래티넘 에디션,디젤,43579,2017,흰색,서울,7999,2WD
86793,포르쉐,마칸,3.0 S ,디젤,34603,2017,흰색,충남,7799,2WD
86797,포르쉐,파나메라,3.6 ,가솔린,113340,2013,흰색,경기,3390,AWD
86836,포르쉐,카이엔,3.0  플래티넘 에디션,디젤,43579,2017,흰색,서울,7999,2WD
86851,포르쉐,파나메라,3.6  에디션,가솔린,79650,2016,흰색,서울,7290,AWD
86958,포르쉐,911,터보,가솔린,21300,2016,흰색,서울,15200,2WD
87132,포르쉐,박스터,2.0,가솔린,103881,2017,흰색,서울,6600,2WD
87232,포르쉐,911,카레라 4S 카브리올레,가솔린,57586,2013,흰색,충남,10500,2WD
87279,포르쉐,파나메라,4.8 4S,가솔린,79021,2013,흰색,부산,4730,2WD
87291,포르쉐,911,카레라 4S 카브리올레,가솔린,57586,2013,흰색,충남,10500,2WD
87305,포르쉐,파나메라,2.9  E-하이브리드,가솔린+전기,29744,2020,흰색,부산,17499,AWD
87355,포르쉐,파나메라,3.6 ,가솔린,40200,2014,흰색,광주,6000,AWD
87383,포르쉐,파나메라,2.9  E-하이브리드,가솔린+전기,29744,2020,흰색,부산,17499,AWD
87444,포르쉐,카이엔,3.0 ,디젤,63300,2012,흰색,경기,3790,2WD
87640,포르쉐,카이엔,3.0  플래티넘 에디션,디젤,73419,2014,흰색,서울,5180,2WD
87742,포르쉐,911,카레라 4 GTS 카브리올레,가솔린,8513,2019,흰색,부산,13900,2WD
87744,포르쉐,카이엔,3.0  플래티넘 에디션,디젤,73419,2014,흰색,서울,5180,2WD
87797,포르쉐,박스터,S 2.5,가솔린,62000,2017,흰색,대구,8330,2WD
87818,포르쉐,카이엔,4.2 S ,디젤,248645,2014,흰색,경기,3400,2WD
87886,포르쉐,박스터,S 2.5,가솔린,74477,2017,흰색,경기,8800,2WD
87897,포르쉐,마칸,3.0 GTS,가솔린,58205,2017,흰색,서울,6190,2WD
87915,포르쉐,박스터,2.0,가솔린,16287,2019,흰색,경기,9941,2WD
87922,포르쉐,박스터,2.0,가솔린,16287,2019,흰색,경기,9941,2WD
87949,포르쉐,카이엔,3.6,가솔린,219200,2008,흰색,서울,999,2WD
87965,포르쉐,타이칸,4S,전기,1994,2021,흰색,경기,18750,2WD
87994,포르쉐,911,카레라 4 GTS,가솔린,52629,2017,흰색,경기,13800,2WD
88041,포르쉐,911,카레라 4S,가솔린,55522,2014,흰색,부산,9655,2WD
88090,포르쉐,카이엔,3.6 GTS,가솔린,93200,2016,흰색,인천,7599,2WD
88216,포르쉐,카이엔,3.0 ,디젤,60000,2016,흰색,대전,7150,2WD
88263,포르쉐,카이엔,3.0 ,디젤,152423,2011,흰색,경기,2990,2WD
88306,포르쉐,마칸,3.0 S ,디젤,174051,2015,흰색,대전,4850,2WD
88359,포르쉐,파나메라,3.6 ,가솔린,170385,2011,흰색,경기,2950,AWD
88375,포르쉐,카이엔,3.0 ,디젤,110000,2016,흰색,경기,5190,2WD
88463,포르쉐,카이엔,3.0 S E-하이브리드,가솔린+전기,173092,2015,흰색,경기,5450,2WD
88465,포르쉐,파나메라,3.6 ,가솔린,197705,2013,흰색,경기,3150,AWD
88487,포르쉐,파나메라,3.0 ,디젤,99643,2014,흰색,경기,6050,2WD
88493,포르쉐,카이엔,3.0 S E-하이브리드,가솔린+전기,53197,2015,흰색,경기,7300,2WD
88510,포르쉐,911,터보 S 카브리올레,가솔린,47000,2014,흰색,서울,15200,2WD
88527,포르쉐,파나메라,3.0 ,디젤,99643,2014,흰색,경기,6050,2WD
88532,포르쉐,카이엔,3.0 S E-하이브리드,가솔린+전기,53197,2015,흰색,경기,7300,2WD
88602,포르쉐,카이엔,3.0,가솔린,46020,2019,흰색,경기,11990,2WD
88622,포르쉐,박스터,2.0,가솔린,64166,2017,흰색,서울,7580,2WD
88645,포르쉐,911,터보 S,가솔린,39000,2014,흰색,경기,14900,2WD
88683,포르쉐,박스터,2.5 GTS,가솔린,51258,2018,흰색,서울,9100,2WD
88788,포르쉐,파나메라,3.0 ,가솔린,14300,2020,흰색,경기,15500,AWD
88892,포르쉐,파나메라,3.0 ,가솔린,33167,2018,흰색,경기,14499,AWD
88971,포르쉐,마칸,3.0 GTS,가솔린,17000,2018,흰색,경기,9599,2WD
88974,포르쉐,카이엔,3.0 ,디젤,157928,2012,흰색,경기,3190,2WD
89008,포르쉐,카이엔,3.0 ,디젤,85000,2015,흰색,전남,6900,2WD
89109,포르쉐,파나메라,3.0  에디션,디젤,77117,2016,흰색,서울,6990,2WD
89117,포르쉐,마칸,3.0 S ,디젤,114646,2017,흰색,부산,5990,2WD
89121,포르쉐,카이엔,3.0 ,디젤,125715,2012,흰색,경기,2599,2WD
89131,포르쉐,파나메라,3.0  에디션,디젤,77117,2016,흰색,서울,6990,2WD
89149,포르쉐,마칸,3.0 S ,디젤,114646,2017,흰색,부산,5990,2WD
89152,포르쉐,카이엔,3.0 ,디젤,91991,2015,흰색,인천,6350,2WD
89168,포르쉐,카이엔,3.0 ,디젤,91991,2015,흰색,인천,6350,2WD
89170,포르쉐,파나메라,3.6 ,가솔린,166698,2011,흰색,인천,3290,AWD
89304,포르쉐,박스터,2.0,가솔린,35571,2017,흰색,서울,8100,2WD
89347,포르쉐,파나메라,3.0 ,가솔린,66000,2018,흰색,대구,13300,AWD
89434,포르쉐,박스터,2.5 GTS,가솔린,68542,2018,흰색,대구,9780,2WD
89450,포르쉐,911,카레라 4 GTS,가솔린,33939,2018,흰색,대구,14000,2WD
89494,포르쉐,카이엔,3.0 ,디젤,121000,2012,흰색,서울,3550,2WD
89500,포르쉐,파나메라,3.0 ,가솔린,51238,2018,흰색,대구,13590,AWD
89529,포르쉐,카이맨,S 2.5,가솔린,29581,2017,흰색,대구,8650,2WD
89530,포르쉐,박스터,2.5 GTS,가솔린,24228,2018,흰색,대구,11350,2WD
89535,포르쉐,파나메라,3.6 ,가솔린,101683,2014,흰색,대구,5450,AWD
89564,포르쉐,마칸,3.0 S ,디젤,107127,2015,흰색,경기,4980,2WD
89572,포르쉐,마칸,3.0 S ,디젤,107127,2015,흰색,경기,4980,2WD
89585,포르쉐,카이엔,3.0 ,디젤,63044,2016,흰색,부산,7050,2WD
89598,포르쉐,카이엔,3.0 ,디젤,103000,2016,흰색,경기,5950,2WD
89599,포르쉐,911,카레라 S,가솔린,40000,2013,흰색,경기,7850,2WD
89622,포르쉐,박스터,2.7,가솔린,62082,2015,흰색,서울,5600,2WD
89629,포르쉐,카이엔,3.0 ,디젤,63044,2016,흰색,부산,7050,2WD
89637,포르쉐,파나메라,3.0 ,가솔린,41919,2018,흰색,서울,13250,AWD
89666,포르쉐,마칸,3.0 S ,디젤,150679,2015,흰색,인천,3999,2WD
89830,포르쉐,카이엔,3.0,가솔린,31000,2019,흰색,서울,10800,2WD
89920,포르쉐,카이맨,S 3.4,가솔린,84263,2014,흰색,경기,6130,2WD
89954,포르쉐,박스터,2.5 GTS,가솔린,30000,2019,흰색,경기,10290,2WD
89995,포르쉐,파나메라,3.0 ,가솔린,54394,2018,흰색,경기,12999,AWD
89996,포르쉐,카이맨,2.5 GTS,가솔린,15970,2018,흰색,경기,10800,2WD
90021,포르쉐,카이엔,3.0 ,디젤,112683,2013,흰색,서울,4040,2WD
90036,포르쉐,파나메라,4.8 터보,가솔린,52137,2014,흰색,전북,8640,2WD
90073,포르쉐,박스터,3.4 스파이더,가솔린,48606,2011,흰색,대구,6130,2WD
90082,포르쉐,파나메라,2.9  E-하이브리드,가솔린+전기,33100,2020,흰색,서울,15900,AWD
90083,포르쉐,카이맨,2.5 GTS,가솔린,34100,2018,흰색,서울,8800,2WD
90085,포르쉐,카이엔,3.0 쿠페,가솔린,30000,2020,흰색,서울,15600,2WD
90087,포르쉐,파나메라,2.9 ,가솔린,56180,2018,흰색,서울,11800,AWD
90088,포르쉐,파나메라,2.9  E-하이브리드,가솔린+전기,13800,2020,흰색,서울,18100,AWD
90089,포르쉐,카이맨,2.5 GTS,가솔린,21500,2019,흰색,서울,10100,2WD
90107,포르쉐,박스터,S 3.4,가솔린,82800,2015,흰색,강원,6150,2WD
90163,포르쉐,박스터,S 3.4,가솔린,109949,2011,흰색,인천,4270,2WD
90165,포르쉐,파나메라,3.0 ,가솔린,44386,2018,흰색,인천,15100,AWD
90204,포르쉐,마칸,3.0 S ,디젤,161829,2015,흰색,경기,4280,2WD
90240,포르쉐,박스터,S 3.2,가솔린,150000,2000,흰색,인천,1950,2WD
90350,포르쉐,카이엔,3.0 ,디젤,119373,2016,흰색,부산,6250,2WD
90365,포르쉐,파나메라,2.9  E-하이브리드,가솔린+전기,25246,2020,흰색,부산,17545,AWD
90366,포르쉐,카이엔,3.0 ,디젤,119373,2016,흰색,부산,6250,2WD
90410,포르쉐,카이맨,2.5 GTS,가솔린,23000,2019,흰색,부산,9550,2WD
90412,포르쉐,911,카레라 4S 카브리올레,가솔린,26123,2017,흰색,부산,14255,2WD
90503,포르쉐,카이엔,3.6 GTS,가솔린,103363,2016,흰색,경기,8590,2WD
90633,포르쉐,카이엔,3.0 ,디젤,92036,2013,흰색,경남,4095,2WD
90638,포르쉐,카이맨,4.0 GT4,가솔린,2560,2020,흰색,서울,17500,2WD
90650,포르쉐,911,카레라 4S 카브리올레,가솔린,2885,2021,흰색,경기,21700,2WD
90768,포르쉐,카이엔,3.0 ,디젤,47000,2016,흰색,대구,7500,2WD
90781,포르쉐,파나메라,3.6  에디션,가솔린,87859,2016,흰색,서울,7550,AWD
90809,포르쉐,마칸,3.0 S ,디젤,100000,2015,흰색,부산,5700,2WD
90827,포르쉐,카이엔,4.0 터보,가솔린,12434,2018,흰색,경기,16500,2WD
90828,포르쉐,박스터,3.4 스파이더,가솔린,75972,2011,흰색,경기,6050,2WD
90930,포르쉐,타이칸,4S,전기,7000,2021,흰색,대전,19250,2WD
90969,포르쉐,마칸,3.0 S ,디젤,95217,2015,흰색,부산,5900,2WD
90970,포르쉐,마칸,2.0,가솔린,46957,2017,흰색,서울,7490,2WD
90989,포르쉐,카이엔,3.0  플래티넘 에디션,디젤,55246,2017,흰색,경기,7450,2WD
90992,포르쉐,카이엔,3.0  플래티넘 에디션,디젤,95235,2017,흰색,경기,6790,2WD
90997,포르쉐,파나메라,3.0 ,가솔린,28395,2020,흰색,경기,16299,AWD
91019,포르쉐,박스터,S 2.5,가솔린,37000,2017,흰색,전남,10500,2WD
91045,포르쉐,박스터,2.5 GTS,가솔린,24000,2018,흰색,광주,9900,2WD
91057,포르쉐,박스터,S 2.5,가솔린,21535,2018,흰색,경기,8700,2WD
91133,포르쉐,파나메라,3.0 ,가솔린,59636,2018,흰색,경기,12500,AWD
91171,포르쉐,박스터,S 2.5,가솔린,56660,2017,흰색,부산,8990,2WD
91173,포르쉐,파나메라,3.6 ,가솔린,113893,2014,흰색,경기,6600,AWD
91175,포르쉐,박스터,S 2.5,가솔린,56660,2017,흰색,부산,8990,2WD
91199,포르쉐,파나메라,3.0 ,가솔린,24562,2018,흰색,서울,14300,AWD
91213,포르쉐,마칸,3.6 터보,가솔린,60600,2015,흰색,경기,7220,2WD
91226,포르쉐,카이맨,2.0,가솔린,26563,2018,흰색,경기,7490,2WD
91314,포르쉐,파나메라,3.0 ,가솔린,51404,2018,흰색,경기,9999999,AWD
91337,포르쉐,911,카레라 S,가솔린,58261,2017,흰색,경기,12200,2WD
91403,포르쉐,카이엔,4.8 터보 S,가솔린,63912,2014,흰색,경기,7800,2WD
91437,포르쉐,911,카레라 4 GTS,가솔린,56257,2018,흰색,경기,12700,2WD
91460,포르쉐,박스터,2.0,가솔린,78647,2017,흰색,서울,7500,2WD
91482,포르쉐,카이엔,3.0  플래티넘 에디션,디젤,75531,2017,흰색,경기,7800,2WD
91485,포르쉐,박스터,S 3.4,가솔린,85244,2013,흰색,경기,6450,2WD
91544,포르쉐,마칸,3.0 S ,디젤,112970,2015,흰색,경기,4849,2WD
91576,포르쉐,카이엔,3.0 ,디젤,95125,2013,흰색,경기,4090,2WD
91580,포르쉐,파나메라,4.8 4S,가솔린,133000,2010,흰색,부산,4400,2WD
91582,포르쉐,카이엔,3.0 ,디젤,95125,2013,흰색,경기,4090,2WD
91635,포르쉐,911,카레라 4 GTS,가솔린,56000,2018,흰색,경기,12700,2WD
91642,포르쉐,카이엔,3.0,가솔린,20000,2019,흰색,서울,12900,2WD
91768,포르쉐,마칸,2.0,가솔린,127043,2015,흰색,경기,4250,2WD
91769,포르쉐,카이엔,3.0 ,디젤,105130,2014,흰색,대구,3990,2WD
91770,포르쉐,파나메라,2.9 ,가솔린,26500,2020,흰색,서울,15500,AWD
91799,포르쉐,파나메라,3.0 ,디젤,96491,2012,흰색,경기,4480,2WD
91829,포르쉐,파나메라,2.9 4S,가솔린,46000,2018,흰색,서울,14350,2WD
91879,포르쉐,파나메라,3.0  에디션,디젤,26800,2016,흰색,부산,8300,2WD
91888,포르쉐,카이엔,4.8 터보 S,가솔린,83701,2014,흰색,경기,6580,2WD
91894,포르쉐,카이엔,4.8 터보 S,가솔린,83701,2014,흰색,경기,6580,2WD
91939,포르쉐,박스터,2.7,가솔린,140604,2015,흰색,경기,4850,2WD
91966,포르쉐,마칸,3.6 터보,가솔린,47000,2017,흰색,서울,8800,2WD
91974,포르쉐,파나메라,4.8 터보,가솔린,40000,2014,흰색,서울,8350,2WD
91988,포르쉐,파나메라,3.6 ,가솔린,171953,2014,흰색,대전,4900,AWD
92045,포르쉐,박스터,S 2.5,가솔린,9800,2020,흰색,서울,10759,2WD
92061,포르쉐,카이엔,3.0 E-하이브리드,가솔린+전기,7800,2020,흰색,인천,14000,2WD
92079,포르쉐,파나메라,3.0 ,디젤,166000,2012,흰색,울산,3750,2WD
92097,포르쉐,파나메라,4.0 터보 이그제큐티브,가솔린,1600,2020,흰색,경기,27000,2WD
92099,포르쉐,박스터,2.0,가솔린,36000,2017,흰색,경기,8991,2WD
92103,포르쉐,카이엔,3.0 S E-하이브리드,가솔린+전기,90687,2015,흰색,경기,6700,2WD
92104,포르쉐,파나메라,4.8 GTS,가솔린,127708,2014,흰색,경기,7150,2WD
92107,포르쉐,파나메라,4.8 GTS,가솔린,127708,2014,흰색,경기,7150,2WD
92109,포르쉐,카이엔,3.0 S E-하이브리드,가솔린+전기,90687,2015,흰색,경기,6700,2WD
92128,포르쉐,카이엔,3.0,가솔린,29000,2019,흰색,대구,11700,2WD
92135,포르쉐,마칸,3.0 S ,디젤,80111,2017,흰색,서울,6450,2WD
92159,포르쉐,911,카레라 S,가솔린,159962,2012,흰색,경남,6390,2WD
92160,포르쉐,파나메라,3.6  에디션,가솔린,91596,2016,흰색,경기,6900,AWD
92228,포르쉐,박스터,S 2.5,가솔린,98480,2018,흰색,경남,8150,2WD
92233,포르쉐,카이엔,3.0,가솔린,19700,2019,흰색,대구,12300,2WD
92285,포르쉐,파나메라,2.9  E-하이브리드,가솔린+전기,43253,2019,흰색,경기,14700,AWD
92303,포르쉐,파나메라,3.0 4S,가솔린,51099,2014,흰색,경기,6900,2WD
92326,포르쉐,파나메라,2.9  E-하이브리드,가솔린+전기,31815,2019,흰색,경기,16000,AWD
92358,포르쉐,파나메라,3.0 S,가솔린,75500,2014,흰색,대구,6050,2WD
92414,포르쉐,박스터,S 2.5,가솔린,49700,2017,흰색,울산,8800,2WD
92432,포르쉐,파나메라,3.6 ,가솔린,119000,2011,흰색,경기,3750,AWD
92458,포르쉐,카이엔,4.2 S ,디젤,138600,2014,흰색,경남,5900,2WD
92481,포르쉐,카이엔,3.0  플래티넘 에디션,디젤,49343,2017,흰색,서울,99999,2WD
92502,포르쉐,카이엔,3.0 ,디젤,161288,2014,흰색,대전,3400,2WD
92515,포르쉐,카이엔,3.0 ,디젤,57039,2016,흰색,경기,7090,2WD
92518,포르쉐,카이엔,3.0 ,디젤,57039,2016,흰색,경기,7090,2WD
92523,포르쉐,파나메라,4.8 GTS,가솔린,125367,2013,흰색,경기,5800,2WD
92572,포르쉐,카이엔,3.0  플래티넘 에디션,디젤,125810,2017,흰색,서울,6370,2WD
92586,포르쉐,카이엔,3.0  플래티넘 에디션,디젤,125810,2017,흰색,서울,6370,2WD
92622,포르쉐,박스터,S 2.5,가솔린,80635,2017,흰색,경기,8200,2WD
92650,포르쉐,파나메라,3.0 ,가솔린,11000,2020,흰색,울산,14630,AWD
92667,포르쉐,타이칸,4S,전기,5180,2021,흰색,경기,19580,2WD
92669,포르쉐,박스터,S 2.5,가솔린,17000,2018,흰색,경기,9900,2WD
92753,포르쉐,카이엔,3.0 ,디젤,129123,2015,흰색,경기,4700,2WD
92770,포르쉐,파나메라,3.6  에디션,가솔린,97124,2016,흰색,경기,6199,AWD
92788,포르쉐,박스터,S 2.5,가솔린,30315,2017,흰색,경기,9350,2WD
92791,포르쉐,911,터보 S 카브리올레,가솔린,2411,2021,흰색,경기,29276,2WD
92793,포르쉐,카이엔,3.0,가솔린,10137,2020,흰색,경기,13700,2WD
92795,포르쉐,카이엔,3.0 ,디젤,85000,2016,흰색,울산,6990,2WD
92847,포르쉐,911,카레라 S,가솔린,14556,2020,흰색,전북,19100,2WD
92869,포르쉐,박스터,S 3.4,가솔린,77130,2013,흰색,서울,6300,2WD
92886,포르쉐,파나메라,4.0 터보,가솔린,28000,2018,흰색,서울,18890,2WD
92941,포르쉐,카이엔,4.8 GTS,가솔린,83064,2013,흰색,서울,5699,2WD
92943,포르쉐,파나메라,2.9 4S,가솔린,22907,2018,흰색,경기,16900,2WD
93058,포르쉐,파나메라,4.0 터보,가솔린,55708,2017,흰색,서울,16400,2WD
93075,포르쉐,박스터,2.0,가솔린,51042,2017,흰색,서울,7650,2WD
93112,포르쉐,카이엔,3.0,가솔린,24608,2019,흰색,인천,11000,2WD
93140,포르쉐,카이엔,3.6 GTS,가솔린,85900,2017,흰색,경기,8450,2WD
93192,포르쉐,카이엔,3.0 ,디젤,112000,2015,흰색,경남,5150,2WD
93201,포르쉐,파나메라,3.0 ,디젤,138100,2014,흰색,경기,5200,2WD
93236,포르쉐,카이엔,3.0  플래티넘 에디션,디젤,98996,2014,흰색,서울,4690,2WD
93237,포르쉐,카이엔,3.0  플래티넘 에디션,디젤,98996,2014,흰색,서울,4690,2WD
93242,포르쉐,파나메라,4.0 터보 S,가솔린,3200,2021,흰색,경기,33500,2WD
93244,포르쉐,911,터보 S,가솔린,139,2021,흰색,경기,31000,2WD
93245,포르쉐,카이엔,4.0 터보,가솔린,3500,2020,흰색,경기,18500,2WD
93288,포르쉐,파나메라,3.6  에디션,가솔린,81994,2016,흰색,서울,7850,AWD
93363,포르쉐,파나메라,3.6 ,가솔린,201262,2011,흰색,경기,2499,2WD
93388,포르쉐,카이엔,4.2 S ,디젤,139225,2014,흰색,서울,5490,2WD
93389,포르쉐,타이칸,4S,전기,6000,2021,흰색,서울,18300,2WD
93401,포르쉐,파나메라,3.6  에디션,가솔린,132657,2016,흰색,경기,5900,AWD
93425,포르쉐,박스터,2.0,가솔린,16166,2019,흰색,경기,9941,2WD
93439,포르쉐,박스터,S 2.5,가솔린,69149,2017,흰색,부산,8590,2WD
93445,포르쉐,911,카레라 S,가솔린,8621,2020,흰색,부산,19100,2WD
93456,포르쉐,911,카레라 S 카브리올레,가솔린,96000,2013,흰색,경기,8600,2WD
93502,포르쉐,박스터,2.0,가솔린,52318,2018,흰색,경기,8690,2WD
93512,포르쉐,카이엔,3.0 쿠페,가솔린,15000,2021,흰색,경남,15150,2WD
93569,포르쉐,박스터,4.0 GTS,가솔린,2000,2021,흰색,광주,15132,2WD
93619,포르쉐,카이엔,3.0  플래티넘 에디션,디젤,94028,2017,흰색,경기,7350,2WD
93621,포르쉐,카이엔,3.0  플래티넘 에디션,디젤,94028,2017,흰색,경기,7350,2WD
93644,포르쉐,마칸,3.0 S ,디젤,162275,2015,흰색,경기,4290,2WD
93662,포르쉐,박스터,2.7,가솔린,148454,2016,흰색,경남,5190,2WD
93677,포르쉐,카이엔,3.0 ,디젤,118000,2016,흰색,전남,5390,2WD
93690,포르쉐,카이엔,3.0 ,디젤,101000,2016,흰색,충북,6090,2WD
93711,포르쉐,마칸,2.0,가솔린,21736,2019,흰색,경기,8990,2WD
93726,포르쉐,카이엔,3.0 쿠페,가솔린,10000,2021,흰색,대구,14300,2WD
93875,포르쉐,마칸,3.0 S ,디젤,46026,2017,흰색,서울,7500,2WD
93928,포르쉐,911,GT3,가솔린,52357,2014,흰색,서울,14800,2WD
93930,포르쉐,마칸,2.0,가솔린,55000,2018,흰색,경기,7800,2WD
93933,포르쉐,카이엔,3.0 쿠페,가솔린,4618,2021,흰색,서울,3948,2WD
93958,포르쉐,911,타르가 4 GTS,가솔린,62500,2016,흰색,대구,11500,2WD
93981,포르쉐,카이엔,4.0 터보 쿠페,가솔린,16,2021,흰색,서울,21690,2WD
93983,포르쉐,박스터,2.5 GTS,가솔린,24000,2019,흰색,서울,11300,2WD
94024,포르쉐,파나메라,2.9  E-하이브리드,가솔린+전기,25283,2020,흰색,경기,17866,AWD
94042,포르쉐,카이엔,3.0  플래티넘 에디션,디젤,54788,2017,흰색,경기,7250,2WD
94071,포르쉐,박스터,4.0 GTS,가솔린,1650,2021,흰색,경기,15000,2WD
94084,포르쉐,파나메라,3.0 ,가솔린,58000,2018,흰색,충남,12900,AWD
94127,포르쉐,박스터,2.7,가솔린,46300,2016,흰색,인천,6980,2WD
94138,포르쉐,파나메라,3.6 ,가솔린,174000,2011,흰색,부산,3699,AWD
94150,포르쉐,파나메라,4.8 S,가솔린,65300,2010,흰색,광주,4430,2WD
94178,포르쉐,타이칸,4S,전기,8000,2021,흰색,부산,20000,2WD
94197,포르쉐,파나메라,4.0 GTS,가솔린,19000,2020,흰색,경기,20000,2WD
94282,포르쉐,911,터보 S 카브리올레,가솔린,55000,2015,흰색,경기,16300,2WD
94291,포르쉐,박스터,S 3.4,가솔린,45567,2015,흰색,강원,6580,2WD
94309,포르쉐,마칸,3.0 S ,디젤,105315,2016,흰색,대구,5630,2WD
94313,포르쉐,카이엔,3.6 GTS,가솔린,77005,2017,흰색,서울,8600,2WD
94322,포르쉐,911,카레라 S,가솔린,20196,2020,흰색,제주,16985,2WD
94324,포르쉐,911,터보,가솔린,141414,2002,흰색,대전,5500,2WD
94329,포르쉐,박스터,2.0,가솔린,57000,2017,흰색,경기,7690,2WD
94330,포르쉐,파나메라,4.8 터보,가솔린,111700,2014,흰색,경기,6400,2WD
94378,포르쉐,파나메라,4.8 GTS,가솔린,86094,2013,흰색,경기,5999,2WD
94412,포르쉐,파나메라,3.0 ,가솔린,55000,2018,흰색,경기,12150,AWD
94420,포르쉐,카이엔,3.0 ,디젤,164764,2014,흰색,광주,3299,2WD
94455,포르쉐,파나메라,2.9 4S,가솔린,29450,2017,흰색,서울,16600,2WD
94489,포르쉐,911,타르가 4 GTS,가솔린,32000,2016,흰색,대구,13800,2WD
94534,포르쉐,파나메라,3.6 ,가솔린,113180,2015,흰색,경기,5800,AWD
