,brand,name,info,type,km,year,color,location,price,wd
61943,푸조,508,2.0 BlueHDi 알뤼르,디젤,4579,2020,검정색,경기,3350,2WD
61994,푸조,508,2.0 BlueHDi 알뤼르,디젤,4579,2020,검정색,경기,3350,2WD
62052,푸조,3008,1.6 BlueHDi 알뤼르,디젤,119449,2017,검정색,경기,1799,2WD
62723,푸조,3008,2.0 BlueHDi GT,디젤,19305,2019,검정색,경기,3550,2WD
62802,푸조,508,2.0 알뤼르,디젤,120933,2011,검정색,경기,620,2WD
62862,푸조,3008,1.6 BlueHDi 알뤼르,디젤,44515,2018,검정색,경기,2420,2WD
62916,푸조,3008,1.6 BlueHDi 알뤼르,디젤,44515,2018,검정색,경기,2420,2WD
62994,푸조,508,1.6 e-HDi 에코 터보,디젤,207429,2015,검정색,전북,780,2WD
63178,푸조,508,2.0 펠린,디젤,61895,2016,검정색,전북,1690,2WD
63411,푸조,308,1.5 BlueHDi GT팩,디젤,2000,2021,검정색,인천,2660,2WD
63640,푸조,200,1.5 BlueHDi GT Line,디젤,26000,2021,검정색,서울,2750,2WD
63976,푸조,3008,1.6 BlueHDi GT Line,디젤,61710,2018,검정색,대구,2090,2WD
64104,푸조,206,1.6  RC 컨버터블,가솔린,70889,2007,검정색,경기,400,2WD
64188,푸조,3008,1.5 BlueHDi GT Line,디젤,39328,2019,검정색,인천,2870,2WD
64238,푸조,3008,1.5 BlueHDi GT Line,디젤,39328,2019,검정색,인천,2870,2WD
64249,푸조,500,1.5 BlueHDi GT Line,디젤,7100,2021,검정색,서울,3820,2WD
64412,푸조,508,2.0 알뤼르,디젤,75345,2015,검정색,경기,1390,2WD
64501,푸조,407,2.0 HDi,디젤,107261,2008,검정색,전북,499,2WD
64733,푸조,RCZ,1.6,가솔린,115011,2011,검정색,경기,1360,2WD
64746,푸조,200,1.6 e-HDi 펠린 L,디젤,25211,2016,검정색,경기,1030,2WD
64811,푸조,508,2.0 BlueHDi GT Line,디젤,74112,2019,검정색,인천,2740,2WD
64814,푸조,508,2.0 BlueHDi GT Line,디젤,74112,2019,검정색,인천,2740,2WD
65017,푸조,500,2.0 BlueHDi GT,디젤,64541,2018,검정색,전남,2950,2WD
65877,푸조,3008,2.0 BlueHDi GT,디젤,27032,2018,검정색,경기,2950,2WD
65921,푸조,508,2.0 알뤼르,디젤,58243,2014,검정색,부산,1280,2WD
65955,푸조,508,2.0 알뤼르,디젤,58243,2014,검정색,부산,1280,2WD
66169,푸조,508,2.0 BlueHDi 알뤼르,디젤,21000,2019,검정색,서울,2850,2WD
66170,푸조,308,1.5 BlueHDi GT Line,디젤,10000,2021,검정색,서울,2510,2WD
66171,푸조,308,1.5 BlueHDi GT팩,디젤,15300,2021,검정색,서울,2590,2WD
66442,푸조,3008,1.6 BlueHDi 알뤼르,디젤,89537,2018,검정색,경기,1950,2WD
66460,푸조,3008,1.5 BlueHDi GT Line,디젤,21715,2019,검정색,경기,2999,2WD
66480,푸조,3008,1.5 BlueHDi GT Line,디젤,21715,2019,검정색,경기,2999,2WD
66552,푸조,200,1.6 BlueHDi 펠린,디젤,85317,2016,검정색,경기,1100,2WD
67193,푸조,308,1.6 e-HDi,디젤,188730,2014,검정색,대전,530,2WD
67373,푸조,3008,1.6 BlueHDi GT Line,디젤,19000,2021,검정색,인천,1873,2WD
67636,푸조,3008,2.0 BlueHDi GT,디젤,8170,2019,검정색,대구,3240,2WD
67725,푸조,3008,1.6 e-HDi,디젤,136500,2015,검정색,전북,990,2WD
68398,푸조,3008,1.6 BlueHDi 알뤼르,디젤,53150,2018,검정색,서울,2299,2WD
68814,푸조,407,2.0 HDi,디젤,87485,2008,검정색,서울,600,2WD
69093,푸조,508,1.6 e-HDi 악티브,디젤,139532,2012,검정색,인천,590,2WD
69670,푸조,200,1.6 e-HDi 펠린 L,디젤,116000,2015,검정색,대구,690,2WD
69756,푸조,206,1.6 컨버터블,가솔린,152580,2004,검정색,경기,250,2WD
69779,푸조,3008,1.5 BlueHDi GT Line,디젤,36636,2019,기타,광주,2870,2WD
69888,푸조,207,1.6,가솔린,45435,2008,기타,경북,490,2WD
69916,푸조,308,1.5 BlueHDi GT Line,디젤,28233,2019,기타,경기,2300,2WD
69935,푸조,308,1.6 BlueHDi 알뤼르,디젤,54157,2017,기타,경기,1200,2WD
69947,푸조,308,1.6 BlueHDi 알뤼르,디젤,54157,2017,기타,경기,1200,2WD
69979,푸조,307,2.0 스포츠,가솔린,188107,2007,기타,경기,370,2WD
70009,푸조,508,1.5 BlueHDi GT,디젤,13,2021,기타,경기,3406,2WD
70193,푸조,3008,1.6 BlueHDi GT Line,디젤,48632,2018,기타,경기,2680,2WD
70288,푸조,207,1.6,가솔린,55559,2008,기타,충남,380,2WD
70378,푸조,308,1.6 e-HDi MCP,디젤,27000,2014,기타,경기,950,2WD
70399,푸조,308,1.5 BlueHDi GT Line,디젤,14747,2021,기타,서울,2350,2WD
70578,푸조,207,1.6,가솔린,99828,2008,기타,대구,339,2WD
70780,푸조,207,1.6,가솔린,114842,2009,기타,경기,580,2WD
70793,푸조,200,1.6 e-HDi 펠린 L,디젤,54909,2016,기타,서울,1050,2WD
70798,푸조,200,1.6 e-HDi 펠린 L,디젤,54909,2016,기타,서울,1050,2WD
70926,푸조,407,2.0 HDi,디젤,287111,2007,기타,경북,259,2WD
70952,푸조,208,1.6 BlueHDi 알뤼르 5도어,디젤,50513,2017,기타,경기,930,2WD
70953,푸조,207,1.6,가솔린,194640,2008,기타,경기,230,2WD
70959,푸조,508,2.0 BlueHDi GT Line,디젤,22780,2019,기타,대구,2990,2WD
71039,푸조,200,1.6 BlueHDi 알뤼르 GC,디젤,20128,2018,기타,경기,1650,2WD
71067,푸조,508,2.0 BlueHDi 알뤼르,디젤,30000,2019,기타,서울,2850,2WD
71068,푸조,200,EV GT Line,전기,5000,2021,기타,서울,3259,2WD
71121,푸조,207,1.6,가솔린,118083,2011,기타,대전,490,2WD
71130,푸조,500,1.6 BlueHDi 알뤼르,디젤,40000,2019,기타,전남,2770,2WD
71142,푸조,3008,1.5 BlueHDi GT Line,디젤,13027,2020,기타,서울,3199,2WD
71205,푸조,208,1.6 e-HDi 펠린 5도어,디젤,89170,2013,기타,인천,599,2WD
71263,푸조,3008,1.6 e-HDi,디젤,61833,2012,기타,경기,899,2WD
71265,푸조,206,1.6 컨버터블,가솔린,91600,2007,기타,경기,450,2WD
71370,푸조,3008,1.6 e-HDi,디젤,276829,2012,기타,경기,420,2WD
71379,푸조,208,1.6 e-HDi 펠린 5도어,디젤,144412,2013,기타,경북,580,2WD
71396,푸조,206,1.6 컨버터블,가솔린,73694,2007,기타,서울,495,2WD
71447,푸조,1007,1.6,가솔린,90217,2007,기타,서울,980,2WD
71509,푸조,3008,1.6 BlueHDi GT Line,디젤,57495,2018,기타,전북,2590,2WD
71531,푸조,206,1.6  RC 컨버터블,가솔린,151495,2007,기타,인천,540,2WD
71587,푸조,207,1.6,가솔린,67885,2011,기타,경기,780,2WD
71726,푸조,208,1.6 e-HDi 펠린 5도어,디젤,70602,2013,기타,충북,750,2WD
71887,푸조,207,1.6,가솔린,121315,2011,기타,인천,300,2WD
72053,푸조,207,1.6,가솔린,81000,2008,기타,경기,420,2WD
72245,푸조,200,1.6 e-HDi 펠린 S,디젤,55796,2016,기타,부산,1099,2WD
72247,푸조,200,1.6 e-HDi 펠린 S,디젤,55796,2016,기타,부산,1099,2WD
72256,푸조,3008,1.5 BlueHDi GT,디젤,14601,2019,기타,경기,2999,2WD
72311,푸조,508,2.0 럭스팩,디젤,61462,2015,기타,광주,1380,2WD
72440,푸조,3008,1.6 BlueHDi 알뤼르,디젤,73082,2018,기타,경기,2030,2WD
72441,푸조,3008,1.6 BlueHDi 알뤼르,디젤,73082,2018,기타,경기,2030,2WD
72452,푸조,3008,1.5 BlueHDi GT Line,디젤,54000,2019,기타,부산,2850,2WD
72542,푸조,3008,2.0 HDi,디젤,80394,2014,회색,서울,899,2WD
72560,푸조,3008,1.6 HDi,디젤,125604,2011,회색,경기,490,2WD
72624,푸조,3008,1.6 BlueHDi GT Line,디젤,19757,2018,회색,서울,2830,2WD
73022,푸조,308,1.6 e-HDi 에코 터보,디젤,260136,2014,회색,충남,490,2WD
73058,푸조,508,2.0 BlueHDi GT Line,디젤,7649,2020,회색,경기,3330,2WD
73131,푸조,500,1.6 BlueHDi 알뤼르,디젤,12834,2019,회색,부산,3290,2WD
73200,푸조,200,1.5 BlueHDi 알뤼르,디젤,73272,2019,회색,광주,1540,2WD
73207,푸조,3008,1.5 BlueHDi GT Line,디젤,24556,2019,회색,인천,2920,2WD
73225,푸조,308,1.5 BlueHDi 알뤼르,디젤,25317,2019,회색,경기,2100,2WD
73233,푸조,200,1.5 BlueHDi 알뤼르,디젤,73272,2019,회색,광주,1540,2WD
73235,푸조,3008,1.5 BlueHDi GT Line,디젤,24556,2019,회색,인천,2920,2WD
73363,푸조,200,1.6 e-HDi 펠린 L,디젤,102194,2015,회색,인천,790,2WD
73400,푸조,200,1.6 e-HDi 펠린 L,디젤,102194,2015,회색,인천,790,2WD
73401,푸조,3008,1.6 BlueHDi 악티브,디젤,161111,2016,회색,경기,800,2WD
73485,푸조,508,1.6 e-HDi 악티브,디젤,122637,2014,회색,경기,740,2WD
73693,푸조,3008,1.6 BlueHDi GT Line,디젤,71800,2019,회색,대구,9999,2WD
73704,푸조,508,1.6 e-HDi 악티브,디젤,155148,2015,회색,대구,999,2WD
73723,푸조,200,1.6 BlueHDi 알뤼르,디젤,67701,2017,회색,광주,1250,2WD
73728,푸조,500,1.6 BlueHDi 알뤼르,디젤,68312,2019,회색,경기,2540,2WD
73770,푸조,308,2.0 BlueHDi GT Line,디젤,63611,2016,회색,서울,1617,2WD
73784,푸조,308,1.5 BlueHDi 알뤼르,디젤,9249,2019,회색,경기,1960,2WD
73813,푸조,308,1.5 BlueHDi 알뤼르,디젤,9249,2019,회색,경기,1960,2WD
73838,푸조,3008,1.5 BlueHDi GT Line,디젤,10912,2019,회색,서울,3149,2WD
73940,푸조,508,1.6 BlueHDi GT-Line,디젤,45943,2017,회색,경기,1650,2WD
73965,푸조,508,1.6 BlueHDi GT-Line,디젤,45943,2017,회색,경기,1650,2WD
74027,푸조,3008,2.0 BlueHDi GT,디젤,118930,2018,회색,경기,2190,2WD
74099,푸조,200,1.6 BlueHDi 펠린,디젤,87623,2016,회색,경기,1150,2WD
74112,푸조,200,1.6 BlueHDi 펠린,디젤,87623,2016,회색,경기,1150,2WD
74562,푸조,3008,2.0 HDi,디젤,142630,2013,회색,인천,670,2WD
74563,푸조,508,1.6 BlueHDi 알뤼르,디젤,176400,2016,회색,인천,1040,2WD
74763,푸조,308,2.0 BlueHDi 악티브,디젤,99000,2017,회색,경북,1500,2WD
74850,푸조,200,1.6 BlueHDi 알뤼르,디젤,125944,2017,회색,인천,980,2WD
74868,푸조,3008,1.6 e-HDi,디젤,110000,2014,회색,서울,849,2WD
74987,푸조,3008,2.0 BlueHDi GT,디젤,10000,2020,회색,서울,3610,2WD
74988,푸조,508,2.0 BlueHDi 알뤼르,디젤,10000,2020,회색,서울,3150,2WD
74989,푸조,508,2.0 BlueHDi 알뤼르,디젤,19800,2019,회색,서울,2800,2WD
75077,푸조,500,1.5 BlueHDi GT Line,디젤,87590,2019,회색,경기,2780,2WD
75085,푸조,208,1.6 e-HDi 펠린 5도어,디젤,42950,2015,회색,인천,950,2WD
75108,푸조,200,1.6 BlueHDi 알뤼르 GC,디젤,98290,2017,회색,경기,1099,2WD
75359,푸조,508,2.0 BlueHDi 알뤼르,디젤,19000,2020,회색,서울,3280,2WD
75403,푸조,3008,1.6 BlueHDi 알뤼르,디젤,71800,2018,회색,경기,2190,2WD
75525,푸조,508,1.6 e-HDi 악티브,디젤,203472,2014,회색,경북,599,2WD
75699,푸조,508,2.0 BlueHDi GT Line,디젤,57235,2019,회색,경남,2770,2WD
75710,푸조,3008,1.6 BlueHDi GT Line,디젤,20002,2018,회색,경기,2689,2WD
75734,푸조,200,1.6 BlueHDi 악티브,디젤,49216,2017,회색,광주,1430,2WD
75757,푸조,508,2.0 알뤼르,디젤,144457,2012,회색,인천,700,2WD
75759,푸조,500,2.0 BlueHDi GT,디젤,40952,2019,회색,경기,2720,2WD
75836,푸조,200,1.6 e-HDi 악티브,디젤,62516,2016,회색,경기,950,2WD
75923,푸조,200,1.6 BlueHDi 알뤼르 GC,디젤,14350,2018,회색,경기,1760,2WD
75945,푸조,308,1.6 e-HDi,디젤,165750,2013,회색,경기,520,2WD
76171,푸조,3008,2.0 BlueHDi GT,디젤,49176,2018,회색,경기,2730,2WD
76172,푸조,3008,2.0 BlueHDi GT,디젤,49176,2018,회색,경기,2730,2WD
76181,푸조,208,1.6 BlueHDi 알뤼르 5도어,디젤,60288,2018,회색,대전,690,2WD
76323,푸조,200,1.6 e-HDi 펠린 L,디젤,120089,2015,회색,경기,720,2WD
76378,푸조,308,1.6 BlueHDi 악티브,디젤,98094,2016,회색,충북,1050,2WD
76463,푸조,308,1.6 e-HDi MCP,디젤,170000,2014,회색,울산,530,2WD
76508,푸조,208,1.6 BlueHDi 알뤼르 5도어,디젤,32000,2018,회색,대구,1320,2WD
76603,푸조,508,1.6 e-HDi 에코 터보,디젤,85396,2016,회색,충남,1089,2WD
76604,푸조,508,1.6 e-HDi 에코 터보,디젤,85396,2016,회색,충남,1089,2WD
76639,푸조,3008,1.5 BlueHDi GT Line,디젤,11964,2021,회색,경기,3230,2WD
76640,푸조,3008,1.5 BlueHDi GT Line,디젤,11964,2021,회색,경기,3230,2WD
76674,푸조,3008,2.0 BlueHDi GT,디젤,52888,2019,회색,경북,2900,2WD
76804,푸조,200,1.6 BlueHDi 악티브,디젤,51312,2016,기타,서울,1050,2WD
76867,푸조,207,1.6,가솔린,131705,2008,흰색,서울,490,2WD
76952,푸조,207,1.6,가솔린,109149,2008,흰색,광주,599,2WD
77084,푸조,207,1.6,가솔린,174114,2008,흰색,경기,419,2WD
77274,푸조,200,1.5 BlueHDi GT Line,디젤,1900,2021,흰색,서울,3150,2WD
77292,푸조,3008,1.6 BlueHDi GT Line,디젤,14000,2019,흰색,대구,3000,2WD
77310,푸조,308,1.6 HDi MCP,디젤,166968,2010,기타,경기,320,2WD
77458,푸조,508,2.0 BlueHDi 라 프리미어,디젤,40903,2019,기타,서울,3250,2WD
77463,푸조,508,2.0 BlueHDi 라 프리미어,디젤,40903,2019,기타,서울,3250,2WD
77492,푸조,206,1.6 컨버터블,가솔린,105401,2004,기타,경기,399,2WD
77577,푸조,206,1.6 컨버터블,가솔린,74451,2007,기타,경기,430,2WD
77600,푸조,208,1.6 e-HDi 펠린 5도어,디젤,116679,2016,기타,경기,680,2WD
77676,푸조,508,2.0 BlueHDi 라 프리미어,디젤,46417,2019,기타,경기,3299,2WD
77680,푸조,308,2.0 HDi,디젤,164912,2010,기타,경기,799,2WD
77728,푸조,308,2.0 HDi,디젤,62268,2010,기타,경기,1340,2WD
77732,푸조,207,1.6,가솔린,66310,2011,기타,경기,450,2WD
77753,푸조,307,2.0 클래식,가솔린,144000,2007,기타,경기,480,2WD
77762,푸조,200,1.5 BlueHDi 알뤼르,디젤,10000,2021,기타,서울,2600,2WD
77773,푸조,307,2.0 클래식,가솔린,105428,2008,기타,경기,480,2WD
77804,푸조,207,1.6,가솔린,117128,2008,기타,경기,499,2WD
77817,푸조,207,1.6,가솔린,108748,2008,기타,경기,290,2WD
77837,푸조,207,1.6,가솔린,57040,2013,기타,경기,999,2WD
77856,푸조,207,1.6,가솔린,77495,2011,기타,대구,380,2WD
77861,푸조,308,1.6 HDi MCP,디젤,167146,2010,기타,경기,355,2WD
78062,푸조,308,2.0 BlueHDi 펠린,디젤,139798,2015,기타,인천,920,2WD
78117,푸조,206,1.6 컨버터블,가솔린,119000,2004,기타,경기,450,2WD
78281,푸조,3008,1.6 e-HDi,디젤,62458,2015,회색,경기,1160,2WD
78284,푸조,3008,2.0 HDi,디젤,92417,2012,회색,경기,730,2WD
78428,푸조,308,2.0 HDi,디젤,238034,2009,회색,인천,340,2WD
78459,푸조,207,1.6,가솔린,127466,2008,회색,경기,299,2WD
78495,푸조,207,1.6,가솔린,136419,2008,회색,경기,250,2WD
78539,푸조,307,HDi 일반형,디젤,193044,2007,회색,경남,215,2WD
78542,푸조,307,HDi 일반형,디젤,188364,2007,회색,경남,245,2WD
78589,푸조,508,2.0 알뤼르,디젤,81972,2013,회색,경기,1050,2WD
78614,푸조,508,2.0 알뤼르,디젤,81972,2013,회색,경기,1050,2WD
78736,푸조,607,2.7 HDi,디젤,185698,2007,회색,경기,270,2WD
78747,푸조,308,1.6 BlueHDi 악티브,디젤,59027,2016,회색,경기,1130,2WD
78761,푸조,200,1.6 BlueHDi 액세스,디젤,151905,2016,회색,경기,670,2WD
78764,푸조,207,1.6,가솔린,96526,2008,회색,경기,610,2WD
78816,푸조,308,2.0 BlueHDi 악티브,디젤,122892,2015,회색,대구,830,2WD
78866,푸조,508,2.0 럭스팩,디젤,67789,2016,회색,충북,1300,2WD
78873,푸조,207,1.6,가솔린,140000,2007,회색,서울,390,2WD
78898,푸조,308,1.6 HDi MCP,디젤,48076,2011,회색,대구,660,2WD
79005,푸조,207,1.6,가솔린,41915,2014,회색,경기,1150,2WD
79012,푸조,308,2.0 BlueHDi 악티브,디젤,58221,2015,회색,광주,1120,2WD
79033,푸조,308,2.0 BlueHDi 악티브,디젤,58221,2015,회색,광주,1120,2WD
79170,푸조,3008,2.0 HDi,디젤,110992,2011,회색,인천,699,2WD
79178,푸조,207,1.6,가솔린,154746,2007,회색,경기,399,2WD
79180,푸조,3008,1.6 e-HDi,디젤,101664,2013,회색,대구,1035,2WD
79234,푸조,307,HDi 일반형,디젤,192182,2007,회색,경기,160,2WD
79295,푸조,308,1.6 e-HDi MCP,디젤,48000,2012,회색,부산,690,2WD
79312,푸조,508,1.6 e-HDi 악티브,디젤,109027,2013,회색,인천,1040,2WD
79334,푸조,407,2.0 HDi,디젤,77897,2008,회색,경기,369,2WD
79345,푸조,206,1.6 컨버터블,가솔린,96940,2004,회색,충남,450,2WD
79392,푸조,207,1.6,가솔린,109500,2011,회색,인천,360,2WD
79543,푸조,407,2.0 HDi,디젤,97289,2008,회색,경기,370,2WD
79734,푸조,508,1.6 BlueHDi 알뤼르,디젤,145900,2015,회색,인천,860,2WD
79878,푸조,508,1.6 e-HDi 악티브,디젤,135792,2011,회색,인천,620,2WD
79880,푸조,207,1.6,가솔린,102334,2011,회색,인천,350,2WD
79886,푸조,308,1.6 e-HDi MCP,디젤,81146,2013,회색,경기,599,2WD
79948,푸조,200,1.6 BlueHDi 알뤼르,디젤,35655,2018,회색,인천,1390,2WD
80071,푸조,407,2.0 HDi,디젤,99850,2008,회색,경기,1050,2WD
80111,푸조,208,1.6 e-HDi 펠린 5도어,디젤,90860,2014,회색,경기,550,2WD
80113,푸조,207,1.6,가솔린,191081,2008,회색,경기,349,2WD
80114,푸조,407,2.0 HDi,디젤,159502,2008,회색,경기,299,2WD
80118,푸조,308,2.0 HDi,디젤,123847,2009,회색,경기,390,2WD
80124,푸조,508,1.6 BlueHDi GT-Line,디젤,42500,2016,회색,경기,1720,2WD
80143,푸조,308,1.5 BlueHDi GT Line,디젤,10000,2021,회색,서울,2310,2WD
80166,푸조,207,1.6,가솔린,128895,2011,회색,서울,299,2WD
80185,푸조,308,1.6 e-HDi,디젤,197651,2012,회색,부산,400,2WD
80219,푸조,508,1.6 e-HDi 악티브,디젤,131712,2012,회색,서울,590,2WD
80445,푸조,508,1.6 e-HDi 악티브,디젤,145166,2012,회색,부산,570,2WD
80642,푸조,508,1.6 BlueHDi GT-Line,디젤,171061,2016,회색,충남,999,2WD
80700,푸조,308,2.0 BlueHDi 악티브,디젤,154784,2015,회색,경북,830,2WD
80808,푸조,407,2.0 HDi,디젤,105840,2009,회색,경북,370,2WD
80813,푸조,508,1.6 e-HDi 악티브,디젤,177255,2012,회색,경기,520,2WD
80985,푸조,206,1.6 컨버터블,가솔린,144290,2006,회색,경기,399,2WD
81250,푸조,508,2.0 알뤼르,디젤,43631,2015,회색,부산,1490,2WD
81252,푸조,508,2.0 알뤼르,디젤,43631,2015,회색,부산,1490,2WD
81273,푸조,207,1.6,가솔린,140000,2008,회색,제주,730,2WD
81304,푸조,308,1.6 HDi MCP,디젤,155246,2011,회색,부산,340,2WD
81408,푸조,206,1.6 퀵실버 컨버터블,가솔린,36860,2007,회색,서울,630,2WD
81553,푸조,407,2.0 HDi,디젤,210430,2008,회색,부산,330,2WD
81565,푸조,307,2.0,가솔린,162503,2004,회색,강원,280,2WD
81615,푸조,200,1.6 e-HDi 펠린 S,디젤,113670,2015,회색,광주,820,2WD
81622,푸조,308,1.6 HDi MCP,디젤,204946,2010,회색,경기,330,2WD
81758,푸조,308,2.0 BlueHDi 알뤼르,디젤,75000,2015,회색,대구,759,2WD
81777,푸조,307,HDi 일반형,디젤,250555,2008,회색,대구,250,2WD
81943,푸조,206,1.6 컨버터블,가솔린,132541,2007,회색,경기,260,2WD
82111,푸조,3008,2.0 HDi,디젤,78244,2015,회색,경기,999,2WD
82118,푸조,308,2.0 BlueHDi 펠린,디젤,60180,2015,회색,인천,1289,2WD
82119,푸조,3008,2.0 HDi,디젤,78244,2015,회색,경기,999,2WD
82120,푸조,407,2.0 HDi,디젤,49695,2006,회색,경기,580,2WD
82130,푸조,3008,1.6 아웃도어,디젤,235527,2012,회색,경기,399,2WD
82233,푸조,500,1.6 BlueHDi 알뤼르,디젤,68312,2019,회색,경기,2600,2WD
82285,푸조,307,2.0,가솔린,168493,2007,회색,경기,250,2WD
82295,푸조,3008,2.0 BlueHDi GT,디젤,10000,2020,회색,서울,3660,2WD
82760,푸조,3008,1.5 BlueHDi GT Line,디젤,27133,2020,흰색,광주,3090,2WD
82807,푸조,508,2.0 럭스팩,디젤,86183,2016,흰색,인천,1380,2WD
82873,푸조,3008,1.5 BlueHDi 알뤼르,디젤,51769,2019,흰색,대구,2550,2WD
82903,푸조,200,1.6 e-HDi 펠린 L,디젤,61332,2016,흰색,경기,1089,2WD
82910,푸조,200,1.6 BlueHDi 알뤼르,디젤,24782,2017,흰색,경기,1680,2WD
82913,푸조,200,1.6 e-HDi 펠린 L,디젤,72008,2015,흰색,경기,1120,2WD
82986,푸조,208,알뤼르,전기,4920,2021,흰색,서울,2790,2WD
83016,푸조,200,1.6 e-HDi 펠린 L,디젤,61332,2016,흰색,경기,1089,2WD
83028,푸조,3008,1.6 e-HDi,디젤,79357,2015,흰색,경기,1250,2WD
83061,푸조,200,1.6 e-HDi 펠린 L,디젤,72008,2015,흰색,경기,1120,2WD
83064,푸조,200,1.6 BlueHDi 알뤼르,디젤,24782,2017,흰색,경기,1680,2WD
83105,푸조,3008,1.6 BlueHDi 알뤼르,디젤,77822,2018,흰색,경기,2140,2WD
83128,푸조,3008,1.5 BlueHDi 알뤼르,디젤,11000,2019,흰색,대구,2750,2WD
83152,푸조,3008,1.6 e-HDi,디젤,79357,2015,흰색,경기,1250,2WD
83185,푸조,3008,1.6 BlueHDi 알뤼르,디젤,52740,2018,흰색,서울,2290,2WD
83221,푸조,500,1.5 BlueHDi GT Line,디젤,66658,2019,흰색,경기,3150,2WD
83260,푸조,3008,1.6 BlueHDi 알뤼르,디젤,52740,2018,흰색,서울,2290,2WD
83304,푸조,200,1.6 BlueHDi 펠린,디젤,79397,2016,흰색,서울,1050,2WD
83338,푸조,500,1.5 BlueHDi GT Line,디젤,66658,2019,흰색,경기,3150,2WD
83390,푸조,200,1.6 BlueHDi 펠린,디젤,79397,2016,흰색,서울,1050,2WD
83402,푸조,200,1.6 BlueHDi 악티브,디젤,111591,2016,흰색,경기,850,2WD
83460,푸조,3008,2.0 BlueHDi GT,디젤,41316,2018,흰색,경기,2849,2WD
83476,푸조,3008,1.6 BlueHDi GT Line,디젤,38332,2017,흰색,경기,2550,2WD
83518,푸조,200,1.6 BlueHDi 악티브,디젤,111591,2016,흰색,경기,850,2WD
83536,푸조,3008,2.0 BlueHDi GT,디젤,41316,2018,흰색,경기,2849,2WD
83561,푸조,308,2.0 HDi,디젤,190664,2010,흰색,경기,999,2WD
83598,푸조,3008,1.6 BlueHDi GT Line,디젤,38332,2017,흰색,경기,2550,2WD
83603,푸조,508,2.0 BlueHDi 알뤼르,디젤,9160,2020,흰색,경기,3290,2WD
83628,푸조,3008,1.5 BlueHDi GT Line,디젤,18464,2020,흰색,대구,3190,2WD
83709,푸조,200,1.6 BlueHDi 펠린,디젤,98907,2017,흰색,경기,990,2WD
83710,푸조,200,1.6 e-HDi 펠린 L,디젤,89390,2015,흰색,경기,890,2WD
83737,푸조,200,1.6 BlueHDi 악티브,디젤,16068,2016,흰색,경기,1440,2WD
83774,푸조,308,1.5 BlueHDi 알뤼르,디젤,31046,2019,흰색,대구,1950,2WD
83777,푸조,200,1.6 e-HDi 펠린,디젤,157797,2015,흰색,인천,740,2WD
83781,푸조,200,1.6 e-HDi 펠린 L,디젤,89390,2015,흰색,경기,890,2WD
83785,푸조,200,1.6 BlueHDi 펠린,디젤,98907,2017,흰색,경기,990,2WD
83838,푸조,200,1.6 BlueHDi 악티브,디젤,16068,2016,흰색,경기,1440,2WD
83893,푸조,200,1.6 BlueHDi 펠린,디젤,111290,2016,흰색,서울,830,2WD
83955,푸조,308,1.6 e-HDi,디젤,168913,2013,흰색,경기,550,2WD
83969,푸조,200,1.6 BlueHDi 펠린,디젤,111290,2016,흰색,서울,830,2WD
83993,푸조,200,1.6 BlueHDi 펠린,디젤,70475,2017,흰색,경기,1160,2WD
84027,푸조,200,1.6 BlueHDi 악티브,디젤,54228,2016,흰색,서울,1250,2WD
84092,푸조,200,1.6 BlueHDi 펠린,디젤,70475,2017,흰색,경기,1160,2WD
84128,푸조,200,1.5 BlueHDi 알뤼르,디젤,22364,2019,흰색,경기,1970,2WD
84199,푸조,3008,1.5 BlueHDi GT Line,디젤,16006,2019,흰색,경기,3050,2WD
84229,푸조,3008,1.6 아웃도어,디젤,135464,2017,흰색,대전,1099,2WD
84284,푸조,3008,1.6 e-HDi,디젤,274900,2012,흰색,대구,490,2WD
84440,푸조,200,1.6 BlueHDi 펠린,디젤,53007,2016,흰색,경기,1070,2WD
84478,푸조,308,1.5 BlueHDi GT Line,디젤,8334,2020,흰색,경기,2570,2WD
84481,푸조,508,2.0 BlueHDi 알뤼르,디젤,18497,2019,흰색,경기,3090,2WD
84489,푸조,508,1.6 e-HDi 악티브 프리미엄,디젤,166947,2015,흰색,경기,950,2WD
84495,푸조,200,1.6 BlueHDi 펠린,디젤,53007,2016,흰색,경기,1070,2WD
84523,푸조,200,1.5 BlueHDi GT Line,디젤,3038,2021,흰색,서울,3131,2WD
84664,푸조,200,1.6 BlueHDi 펠린,디젤,58941,2016,흰색,서울,880,2WD
84679,푸조,200,1.6 BlueHDi 펠린,디젤,187586,2016,흰색,경기,570,2WD
84722,푸조,308,1.6 e-HDi,디젤,108732,2013,흰색,경기,680,2WD
84780,푸조,3008,2.0 HDi,디젤,96878,2011,흰색,경기,780,2WD
84997,푸조,508,1.6 e-HDi 악티브,디젤,55822,2015,흰색,경기,1499,2WD
85042,푸조,200,1.6 BlueHDi 악티브,디젤,70445,2016,흰색,인천,1050,2WD
85064,푸조,208,1.6 e-HDi 에코 5도어,디젤,39349,2015,흰색,서울,864,2WD
85170,푸조,200,1.6 BlueHDi 악티브,디젤,70445,2016,흰색,인천,1050,2WD
85175,푸조,3008,1.6 e-HDi,디젤,129241,2012,흰색,인천,590,2WD
85197,푸조,308,1.6 BlueHDi 알뤼르,디젤,87430,2017,흰색,서울,1050,2WD
85243,푸조,200,1.6 e-HDi 악티브,디젤,63432,2016,흰색,경기,970,2WD
85290,푸조,200,1.6 e-HDi 펠린 L,디젤,116951,2015,흰색,서울,830,2WD
85318,푸조,308,1.6 BlueHDi 알뤼르,디젤,96175,2015,흰색,전북,890,2WD
85324,푸조,200,1.6 BlueHDi 알뤼르,디젤,63693,2017,흰색,부산,1690,2WD
85341,푸조,200,1.6 e-HDi 악티브,디젤,63432,2016,흰색,경기,970,2WD
85384,푸조,3008,1.6 BlueHDi 알뤼르,디젤,46336,2019,흰색,경기,2380,2WD
85428,푸조,200,1.6 BlueHDi 알뤼르,디젤,63693,2017,흰색,부산,1690,2WD
85467,푸조,3008,1.6 BlueHDi 알뤼르,디젤,46336,2019,흰색,경기,2380,2WD
85629,푸조,500,2.0 BlueHDi GT,디젤,41803,2017,흰색,서울,3220,2WD
85650,푸조,500,1.6 BlueHDi 알뤼르,디젤,33000,2019,흰색,인천,2840,2WD
85788,푸조,508,1.6 BlueHDi 알뤼르,디젤,83905,2017,흰색,경기,1560,2WD
85813,푸조,207,1.6,가솔린,161431,2008,흰색,경기,490,2WD
85839,푸조,508,2.0 BlueHDi 알뤼르,디젤,20362,2020,흰색,서울,3350,2WD
85887,푸조,200,1.6 e-HDi 알뤼르,디젤,109267,2016,흰색,광주,960,2WD
85901,푸조,200,1.6 BlueHDi 악티브,디젤,121000,2016,흰색,경기,850,2WD
85907,푸조,3008,2.0 HDi,디젤,94948,2014,흰색,대구,770,2WD
85922,푸조,200,1.6 e-HDi 악티브,디젤,65423,2015,흰색,전북,899,2WD
85929,푸조,200,1.6 e-HDi 알뤼르,디젤,109267,2016,흰색,광주,960,2WD
85944,푸조,407,2.0 HDi,디젤,186006,2008,흰색,전북,379,2WD
85970,푸조,308,1.6 BlueHDi 알뤼르,디젤,87600,2015,흰색,충북,970,2WD
86022,푸조,3008,1.6 e-HDi,디젤,151461,2015,흰색,광주,780,2WD
86083,푸조,208,1.6 BlueHDi 알뤼르 5도어,디젤,53683,2017,흰색,경기,990,2WD
86107,푸조,200,1.6 e-HDi 펠린,디젤,127811,2015,흰색,인천,860,2WD
86121,푸조,200,1.6 e-HDi 펠린 L,디젤,156000,2015,흰색,경기,580,2WD
86130,푸조,208,1.6 BlueHDi 알뤼르 5도어,디젤,53683,2017,흰색,경기,990,2WD
86158,푸조,508,2.0 BlueHDi GT,디젤,17687,2020,흰색,경기,3190,2WD
86172,푸조,308,2.0 HDi,디젤,61299,2014,흰색,경기,1940,2WD
86177,푸조,200,1.6 e-HDi 펠린 L,디젤,41654,2015,흰색,경기,1100,2WD
86203,푸조,508,1.6 e-HDi 악티브,디젤,60000,2014,흰색,경기,1170,2WD
86225,푸조,308,2.0 HDi,디젤,61299,2014,흰색,경기,1940,2WD
86247,푸조,200,1.6 e-HDi 펠린 L,디젤,41654,2015,흰색,경기,1100,2WD
86415,푸조,200,1.6 BlueHDi 알뤼르,디젤,69500,2017,흰색,대구,880,2WD
86482,푸조,3008,1.6 e-HDi,디젤,111665,2015,흰색,경기,950,2WD
86576,푸조,3008,1.6 e-HDi,디젤,111665,2015,흰색,경기,950,2WD
86690,푸조,308,2.0 BlueHDi GT,디젤,15469,2018,흰색,경기,2420,2WD
86771,푸조,308,2.0 BlueHDi GT,디젤,65751,2016,흰색,부산,1690,2WD
86775,푸조,3008,1.5 BlueHDi GT Line,디젤,16589,2019,흰색,서울,3050,2WD
86778,푸조,3008,1.6 BlueHDi 알뤼르,디젤,66752,2019,흰색,경기,2320,2WD
86843,푸조,508,1.6 e-HDi 악티브,디젤,218255,2014,흰색,경기,660,2WD
86845,푸조,3008,1.6 e-HDi,디젤,241209,2012,흰색,경기,999,2WD
86852,푸조,200,1.6 e-HDi 펠린,디젤,52115,2015,흰색,경기,1090,2WD
86854,푸조,308,2.0 BlueHDi GT,디젤,65751,2016,흰색,부산,1690,2WD
86886,푸조,200,1.5 BlueHDi GT Line,디젤,2146,2021,흰색,경기,3160,2WD
86902,푸조,200,1.6 BlueHDi 펠린,디젤,59893,2016,흰색,경기,1140,2WD
86909,푸조,200,1.6 BlueHDi 알뤼르 GC,디젤,80860,2018,흰색,경기,1365,2WD
86914,푸조,3008,1.5 BlueHDi GT Line,디젤,16589,2019,흰색,서울,3050,2WD
86924,푸조,3008,1.6 BlueHDi 알뤼르,디젤,66752,2019,흰색,경기,2320,2WD
86989,푸조,200,1.5 BlueHDi GT Line,디젤,2146,2021,흰색,경기,3160,2WD
87000,푸조,200,1.6 BlueHDi 펠린,디젤,59893,2016,흰색,경기,1140,2WD
87103,푸조,200,1.6 e-HDi 펠린 L,디젤,35709,2015,흰색,경기,1270,2WD
87212,푸조,200,1.6 BlueHDi 펠린,디젤,105348,2016,흰색,전북,799,2WD
87213,푸조,200,1.6 e-HDi 펠린 L,디젤,35709,2015,흰색,경기,1270,2WD
87226,푸조,200,1.6 e-HDi 펠린 L,디젤,85733,2015,흰색,경기,1030,2WD
87302,푸조,200,1.6 e-HDi 펠린 L,디젤,85733,2015,흰색,경기,1030,2WD
87339,푸조,3008,1.6 BlueHDi GT Line,디젤,105118,2018,흰색,경기,2050,2WD
87346,푸조,200,1.6 e-HDi 펠린 L,디젤,67614,2015,흰색,경기,890,2WD
87470,푸조,200,1.6 BlueHDi 악티브,디젤,47000,2016,흰색,충남,1250,2WD
87471,푸조,308,1.6 e-HDi 에코 터보,디젤,120944,2014,흰색,경기,750,2WD
87557,푸조,508,1.6 BlueHDi 알뤼르,디젤,123815,2016,흰색,대전,960,2WD
87644,푸조,500,1.6 BlueHDi 알뤼르,디젤,40830,2019,흰색,경기,2850,2WD
87759,푸조,500,1.6 BlueHDi 알뤼르,디젤,40830,2019,흰색,경기,2850,2WD
87874,푸조,200,1.6 BlueHDi 펠린,디젤,54228,2016,흰색,서울,1250,2WD
87879,푸조,3008,1.6 e-HDi,디젤,77850,2015,흰색,경기,970,2WD
87968,푸조,3008,1.6 e-HDi,디젤,77850,2015,흰색,경기,970,2WD
87989,푸조,3008,1.6 BlueHDi 알뤼르,디젤,77946,2018,흰색,서울,2099,2WD
87998,푸조,308,2.0 BlueHDi 악티브,디젤,75921,2014,흰색,서울,1090,2WD
88096,푸조,508,2.0 BlueHDi GT Line,디젤,61800,2019,흰색,인천,2799,2WD
88250,푸조,508,2.0 BlueHDi 알뤼르,디젤,23000,2019,흰색,서울,2890,2WD
88380,푸조,508,1.6 e-HDi 악티브,디젤,192258,2014,흰색,경기,650,2WD
88615,푸조,3008,2.0 BlueHDi GT,디젤,14640,2019,흰색,서울,3299,2WD
88616,푸조,3008,1.6 BlueHDi 알뤼르,디젤,81370,2017,흰색,서울,1930,2WD
88706,푸조,208,1.4 e-HDi 에코 5도어,디젤,105329,2015,흰색,경기,590,2WD
88745,푸조,308,1.6 e-HDi MCP,디젤,174457,2010,흰색,인천,310,2WD
88764,푸조,508,2.0 BlueHDi 알뤼르,디젤,10259,2019,흰색,경기,2950,2WD
88789,푸조,3008,2.0 BlueHDi GT,디젤,9224,2021,흰색,경기,3890,2WD
88808,푸조,308,2.0 BlueHDi GT Line,디젤,28367,2016,흰색,경기,1850,2WD
88853,푸조,308,2.0 BlueHDi GT Line,디젤,28367,2016,흰색,경기,1850,2WD
88948,푸조,508,1.6 e-HDi 악티브,디젤,140872,2016,흰색,경기,850,2WD
88984,푸조,RCZ,1.6,가솔린,149327,2011,흰색,대구,1390,2WD
89119,푸조,308,1.6 e-HDi 에코 터보,디젤,115174,2013,흰색,충남,790,2WD
89162,푸조,200,1.6 e-HDi 펠린 L,디젤,105824,2015,흰색,대구,890,2WD
89169,푸조,308,1.5 BlueHDi GT Line,디젤,6337,2021,흰색,인천,2650,2WD
89299,푸조,3008,1.5 BlueHDi GT Line,디젤,34531,2019,흰색,경기,2890,2WD
89306,푸조,508,2.0 펠린,디젤,84897,2016,흰색,경남,990,2WD
89317,푸조,200,1.6 BlueHDi 펠린,디젤,42550,2016,흰색,경기,1250,2WD
89326,푸조,200,1.6 BlueHDi 펠린,디젤,42550,2016,흰색,경기,1250,2WD
89440,푸조,3008,1.6 BlueHDi GT Line,디젤,76115,2018,흰색,부산,2490,2WD
89443,푸조,508,1.6 e-HDi 악티브,디젤,99652,2013,흰색,부산,940,2WD
89471,푸조,308,1.6 HDi MCP,디젤,129485,2010,흰색,인천,329,2WD
89473,푸조,308,2.0 BlueHDi GT,디젤,54533,2016,흰색,울산,1790,2WD
89480,푸조,200,1.6 BlueHDi 알뤼르,디젤,126511,2017,흰색,인천,980,2WD
89493,푸조,200,1.6 BlueHDi 알뤼르 GC,디젤,68456,2018,흰색,경기,1390,2WD
89505,푸조,3008,1.6 BlueHDi GT Line,디젤,76115,2018,흰색,부산,2490,2WD
89509,푸조,508,1.6 e-HDi 악티브,디젤,99652,2013,흰색,부산,940,2WD
89543,푸조,508,2.0 알뤼르,디젤,169525,2015,흰색,경기,1050,2WD
89680,푸조,208,1.4 e-HDi 에코 5도어,디젤,139238,2015,흰색,경기,599,2WD
89682,푸조,200,1.6 e-HDi 악티브,디젤,84349,2016,흰색,경기,799,2WD
89684,푸조,200,1.6 e-HDi 알뤼르,디젤,106596,2017,흰색,경기,990,2WD
89685,푸조,508,2.0 HDi 알뤼르,디젤,98728,2014,흰색,경기,1260,2WD
89701,푸조,308,1.6 e-HDi,디젤,161227,2013,흰색,대구,450,2WD
89767,푸조,200,1.5 BlueHDi 알뤼르,디젤,11000,2021,흰색,서울,2600,2WD
89768,푸조,308,1.5 BlueHDi 알뤼르,디젤,20000,2019,흰색,서울,2000,2WD
89769,푸조,508,1.5 BlueHDi 알뤼르,디젤,32730,2020,흰색,서울,2700,2WD
89773,푸조,200,1.5 BlueHDi 알뤼르,디젤,9500,2021,흰색,서울,2600,2WD
89774,푸조,508,2.0 BlueHDi 알뤼르,디젤,13200,2020,흰색,서울,3150,2WD
89775,푸조,508,2.0 BlueHDi 알뤼르,디젤,12500,2019,흰색,서울,2800,2WD
89776,푸조,508,2.0 BlueHDi GT Line,디젤,10000,2021,흰색,서울,3850,2WD
89777,푸조,308,1.5 BlueHDi GT Line,디젤,15000,2020,흰색,서울,2310,2WD
89778,푸조,500,1.5 BlueHDi 알뤼르,디젤,12000,2021,흰색,서울,3350,2WD
89779,푸조,3008,1.5 BlueHDi 알뤼르,디젤,8800,2021,흰색,서울,3100,2WD
89780,푸조,308,1.5 BlueHDi GT팩,디젤,10000,2021,흰색,서울,2540,2WD
89874,푸조,308,1.6 BlueHDi 알뤼르,디젤,54288,2014,흰색,인천,760,2WD
89878,푸조,3008,1.6 BlueHDi 알뤼르,디젤,89292,2018,흰색,서울,2050,2WD
89885,푸조,207,1.6,가솔린,154131,2011,흰색,대전,430,2WD
90017,푸조,508,1.6 BlueHDi 악티브,디젤,103622,2015,흰색,인천,1050,2WD
90040,푸조,308,1.6 HDi MCP,디젤,100000,2014,흰색,부산,750,2WD
90138,푸조,200,1.6 e-HDi 악티브,디젤,47281,2015,흰색,경남,1090,2WD
90226,푸조,208,1.6 BlueHDi GT Line 5도어,디젤,60000,2017,흰색,전북,940,2WD
90301,푸조,3008,2.0 HDi,디젤,119478,2013,흰색,경기,899,2WD
90311,푸조,3008,1.6 BlueHDi 알뤼르,디젤,60472,2018,흰색,대구,2290,2WD
90327,푸조,208,1.6 e-HDi 펠린 5도어,디젤,84064,2016,흰색,경기,700,2WD
90362,푸조,200,1.6 BlueHDi 알뤼르 GC,디젤,28000,2017,흰색,인천,1550,2WD
90372,푸조,500,2.0 BlueHDi GT,디젤,111023,2018,흰색,경기,2689,2WD
90385,푸조,3008,1.6 BlueHDi 알뤼르,디젤,88399,2018,흰색,대구,2150,2WD
90403,푸조,3008,1.6 BlueHDi 알뤼르,디젤,88399,2018,흰색,대구,2150,2WD
90441,푸조,208,1.6 e-HDi 펠린 5도어,디젤,90000,2014,흰색,경기,730,2WD
90474,푸조,508,1.6 e-HDi 악티브,디젤,86000,2014,흰색,서울,960,2WD
90544,푸조,200,1.6 e-HDi 펠린 L,디젤,90662,2015,흰색,서울,890,2WD
90578,푸조,3008,1.6 BlueHDi 알뤼르,디젤,105000,2016,흰색,경남,1029,2WD
90603,푸조,3008,1.5 BlueHDi GT Line,디젤,48167,2020,흰색,경기,2990,2WD
90606,푸조,208,1.6 BlueHDi 알뤼르 5도어,디젤,77163,2017,흰색,경기,990,2WD
90617,푸조,407,2.0 HDi,디젤,182800,2007,흰색,경기,279,2WD
90618,푸조,208,1.6 e-HDi 펠린 5도어,디젤,115995,2014,흰색,경기,600,2WD
90666,푸조,508,1.6 BlueHDi GT-Line,디젤,181502,2016,흰색,부산,1270,2WD
90729,푸조,200,1.6 BlueHDi 악티브,디젤,47774,2016,흰색,경기,1399,2WD
90791,푸조,508,1.6 e-HDi 악티브,디젤,107858,2015,흰색,경기,1130,2WD
90793,푸조,508,1.6 e-HDi 악티브,디젤,107858,2015,흰색,경기,1130,2WD
90893,푸조,200,1.5 BlueHDi 알뤼르,디젤,43450,2019,흰색,경기,1909,2WD
90900,푸조,207,1.6,가솔린,86000,2013,흰색,울산,880,2WD
90911,푸조,200,1.5 BlueHDi 알뤼르,디젤,38000,2020,흰색,경기,2350,2WD
90939,푸조,200,1.6 e-HDi 펠린 S,디젤,173735,2016,흰색,부산,800,2WD
90991,푸조,207,1.6,가솔린,83369,2011,흰색,부산,600,2WD
90995,푸조,200,1.6 BlueHDi 펠린,디젤,52820,2016,흰색,경기,1230,2WD
91145,푸조,308,1.6 HDi MCP,디젤,148489,2011,흰색,대전,380,2WD
91181,푸조,3008,1.6 e-HDi,디젤,93000,2014,흰색,서울,950,2WD
91207,푸조,200,1.6 BlueHDi 액세스,디젤,13080,2018,흰색,경기,1830,2WD
91228,푸조,200,1.6 BlueHDi 펠린,디젤,49751,2016,흰색,경기,1050,2WD
91353,푸조,308,2.0 HDi,디젤,113520,2009,흰색,경기,480,2WD
91354,푸조,508,2.0 알뤼르 프리미엄,디젤,127861,2013,흰색,경기,880,2WD
91404,푸조,3008,1.6 e-HDi,디젤,137458,2014,흰색,경기,870,2WD
91410,푸조,200,1.6 e-HDi 알뤼르,디젤,123657,2015,흰색,충남,899,2WD
91567,푸조,308,2.0 BlueHDi GT,디젤,11790,2019,흰색,경기,2450,2WD
91627,푸조,508,1.6 BlueHDi 알뤼르,디젤,143200,2015,흰색,인천,670,2WD
91713,푸조,500,2.0 BlueHDi GT,디젤,38534,2018,흰색,경기,3190,2WD
91735,푸조,200,1.6 BlueHDi 악티브,디젤,20642,2016,흰색,경기,1280,2WD
91740,푸조,3008,1.6 BlueHDi GT Line,디젤,41378,2018,흰색,경기,2670,2WD
91756,푸조,3008,1.6 BlueHDi 알뤼르,디젤,62447,2018,흰색,경기,2250,2WD
91762,푸조,508,2.0 GT,디젤,85000,2017,흰색,광주,1500,2WD
91763,푸조,3008,2.0 HDi,디젤,180600,2014,흰색,광주,600,2WD
91802,푸조,208,1.6 e-HDi 펠린 5도어,디젤,64377,2014,흰색,경기,750,2WD
91845,푸조,308,2.0 BlueHDi 악티브,디젤,63792,2015,흰색,서울,1200,2WD
91919,푸조,200,1.6 e-HDi 펠린 L,디젤,100929,2015,흰색,충북,950,2WD
91955,푸조,308,2.0 HDi,디젤,199000,2011,흰색,전북,910,2WD
92007,푸조,3008,1.5 BlueHDi GT Line,디젤,53199,2019,흰색,경기,2780,2WD
92078,푸조,3008,1.5 BlueHDi GT Line,디젤,9632,2021,흰색,경남,3360,2WD
92156,푸조,200,1.6 BlueHDi 펠린,디젤,35000,2016,흰색,광주,1150,2WD
92560,푸조,200,1.6 BlueHDi 액세스,디젤,56322,2016,흰색,서울,930,2WD
92569,푸조,200,1.6 BlueHDi 액세스,디젤,56322,2016,흰색,서울,930,2WD
92645,푸조,3008,1.6 e-HDi,디젤,144721,2014,흰색,경기,770,2WD
92680,푸조,200,1.6 BlueHDi 악티브,디젤,84000,2016,흰색,충북,900,2WD
92772,푸조,508,1.6 BlueHDi 악티브 어반,디젤,126179,2018,흰색,부산,1450,2WD
92804,푸조,207,1.6,가솔린,119429,2011,흰색,경기,320,2WD
92826,푸조,200,1.6 e-HDi 펠린,디젤,56000,2015,흰색,경기,920,2WD
93007,푸조,200,1.5 BlueHDi 알뤼르,디젤,10822,2019,흰색,부산,2130,2WD
93077,푸조,208,1.6 BlueHDi 알뤼르 5도어,디젤,54620,2017,흰색,대전,980,2WD
93079,푸조,308,1.6 e-HDi MCP,디젤,169000,2013,흰색,대구,500,2WD
93083,푸조,200,1.6 BlueHDi 악티브,디젤,62654,2015,흰색,인천,1020,2WD
93102,푸조,200,1.6 e-HDi 악티브,디젤,77548,2016,흰색,경기,940,2WD
93257,푸조,508,2.0 알뤼르,디젤,94000,2015,흰색,경기,1380,2WD
93262,푸조,308,2.0 BlueHDi GT,디젤,11850,2019,흰색,경기,2470,2WD
93390,푸조,307,2.0 스포츠,가솔린,158900,2007,흰색,경기,480,2WD
93459,푸조,200,1.6 BlueHDi 펠린,디젤,80700,2017,흰색,인천,930,2WD
93463,푸조,308,1.6 HDi MCP,디젤,92135,2011,흰색,경기,520,2WD
93495,푸조,508,1.6 BlueHDi GT-Line,디젤,127000,2016,흰색,경기,1450,2WD
93529,푸조,508,1.6 e-HDi 악티브,디젤,134683,2012,흰색,서울,650,2WD
93626,푸조,3008,1.6 BlueHDi 알뤼르,디젤,36100,2018,흰색,대전,2450,2WD
93705,푸조,208,1.6 BlueHDi 알뤼르 5도어,디젤,36589,2018,흰색,경기,1150,2WD
93714,푸조,200,1.5 BlueHDi 알뤼르,디젤,40370,2019,흰색,경기,1850,2WD
93809,푸조,308,1.5 BlueHDi GT Line,디젤,7200,2020,흰색,서울,2560,2WD
93887,푸조,508,1.6 e-HDi 럭스팩,디젤,140615,2016,흰색,전북,1250,2WD
93910,푸조,3008,1.5 BlueHDi 알뤼르,디젤,2200,2020,흰색,대구,2890,2WD
93939,푸조,500,1.5 BlueHDi GT Line,디젤,8198,2021,흰색,서울,3820,2WD
93989,푸조,3008,2.0 BlueHDi GT,디젤,13090,2020,흰색,경남,3650,2WD
94097,푸조,3008,1.6 BlueHDi 알뤼르,디젤,83436,2018,흰색,경기,2090,2WD
94098,푸조,3008,1.6 BlueHDi 알뤼르,디젤,83436,2018,흰색,경기,2090,2WD
94135,푸조,500,2.0 BlueHDi GT,디젤,18183,2020,흰색,부산,3930,2WD
94141,푸조,208,1.6 BlueHDi 알뤼르 5도어,디젤,33430,2017,흰색,인천,1090,2WD
94142,푸조,208,1.6 BlueHDi 알뤼르 5도어,디젤,33430,2017,흰색,인천,1090,2WD
94167,푸조,200,1.5 BlueHDi GT Line,디젤,38278,2021,흰색,경기,2750,2WD
94168,푸조,200,1.5 BlueHDi GT Line,디젤,38278,2021,흰색,경기,2750,2WD
94206,푸조,208,1.6 e-HDi 펠린 5도어,디젤,49495,2016,흰색,경기,990,2WD
94250,푸조,3008,1.5 BlueHDi GT Line,디젤,55997,2019,흰색,경기,2799,2WD
94253,푸조,308,1.6 e-HDi MCP,디젤,164793,2012,흰색,경기,370,2WD
