,brand,name,info,type,km,year,color,location,price,wd
62022,혼다,어코드,2.4,가솔린,57977,2017,검정색,서울,1750,2WD
62063,혼다,오딧세이,3.5,가솔린,48117,2018,검정색,경기,3740,2WD
62067,혼다,오딧세이,3.5,가솔린,51063,2019,검정색,경기,3850,2WD
62083,혼다,어코드,2.4,가솔린,57977,2017,검정색,서울,1750,2WD
62124,혼다,오딧세이,3.5,가솔린,48117,2018,검정색,경기,3740,2WD
62140,혼다,오딧세이,3.5,가솔린,51063,2019,검정색,경기,3850,2WD
62145,혼다,어코드,2.0 터보 스포츠,가솔린,14667,2020,검정색,경기,3220,2WD
62198,혼다,어코드,2.0 터보 스포츠,가솔린,14667,2020,검정색,경기,3220,2WD
62877,혼다,파일럿,3.5 엘리트,가솔린,54279,2019,검정색,경기,3960,2WD
63065,혼다,어코드,2.0 하이브리드 투어링,가솔린+전기,17440,2019,검정색,광주,3390,2WD
63150,혼다,어코드,2.0 하이브리드 투어링,가솔린+전기,17440,2019,검정색,광주,3390,2WD
63219,혼다,어코드,1.5 터보,가솔린,42203,2019,검정색,서울,2599,2WD
63242,혼다,N-BOX,0.6 ,가솔린,64732,2013,검정색,부산,1590,2WD
63278,혼다,어코드,1.5 터보,가솔린,42203,2019,검정색,서울,2599,2WD
63391,혼다,CR-V,EX-L,가솔린,57628,2016,검정색,경기,1870,4WD
63719,혼다,CR-V,EX-L,가솔린,136819,2013,검정색,경기,990,4WD
63948,혼다,어코드,1.5 터보,가솔린,14286,2020,검정색,경기,2990,2WD
64024,혼다,어코드,1.5 터보,가솔린,14286,2020,검정색,경기,2990,2WD
64142,혼다,파일럿,3.5,가솔린,57780,2018,검정색,경기,3080,2WD
64209,혼다,파일럿,3.5,가솔린,57780,2018,검정색,경기,3080,2WD
65773,혼다,파일럿,3.5,가솔린,26390,2018,검정색,경기,3230,2WD
65809,혼다,파일럿,3.5,가솔린,26390,2018,검정색,경기,3230,2WD
66093,혼다,어코드,2.4,가솔린,156910,2013,검정색,부산,870,2WD
66574,혼다,어코드,2.4,가솔린,118935,2009,검정색,서울,480,2WD
66652,혼다,시빅,1.8,가솔린,105402,2012,검정색,부산,682,2WD
67465,혼다,레전드,3.7,가솔린,138988,2010,검정색,서울,699,2WD
67776,혼다,파일럿,3.5 엘리트,가솔린,54275,2019,검정색,경기,3990,2WD
67786,혼다,파일럿,3.5,가솔린,47469,2017,검정색,경기,2890,2WD
67840,혼다,시빅,SI,가솔린,229000,2007,검정색,경기,1290,2WD
68228,혼다,파일럿,3.5,가솔린,40503,2018,검정색,부산,2990,2WD
68347,혼다,어코드,2.4,가솔린,134678,2010,검정색,경기,489,2WD
68359,혼다,CR-V,2.4 ,가솔린,192697,2008,검정색,경기,620,4WD
68613,혼다,파일럿,3.5,가솔린,61499,2018,검정색,경기,2950,2WD
69018,혼다,리지라인,3.5,가솔린,93265,2013,검정색,제주,2800,2WD
69200,혼다,오딧세이,3.5,가솔린,80137,2015,검정색,경기,2130,2WD
69201,혼다,오딧세이,3.5,가솔린,80137,2015,검정색,경기,2130,2WD
69221,혼다,오딧세이,3.5,가솔린,35518,2019,검정색,서울,3990,2WD
69242,혼다,리지라인,3.5,가솔린,170000,2012,검정색,서울,1700,2WD
69290,혼다,레전드,3.2 Coupe,가솔린,320000,1993,검정색,서울,1750,2WD
69402,혼다,오딧세이,3.5,가솔린,58662,2018,검정색,서울,3900,2WD
69405,혼다,오딧세이,3.5,가솔린,58662,2018,검정색,서울,3900,2WD
69969,혼다,HR-V,1.8,가솔린,22710,2016,기타,경기,1360,2WD
70189,혼다,CR-V,2.0 하이브리드 투어링 ,가솔린+전기,870,2021,기타,서울,4250,4WD
70209,혼다,어코드,1.5 터보,가솔린,11694,2019,기타,인천,2440,2WD
70230,혼다,어코드,1.5 터보,가솔린,11694,2019,기타,인천,2440,2WD
71057,혼다,Fit,1.3,가솔린,185000,2004,기타,대구,450,2WD
71446,혼다,어코드,1.5 터보,가솔린,25405,2019,기타,경기,2590,2WD
71617,혼다,N-ONE,0.6 ,가솔린,43839,2013,기타,경기,1090,4WD
72130,혼다,어코드,1.5 터보,가솔린,50893,2018,기타,경기,2150,2WD
72554,혼다,파일럿,3.5,가솔린,27957,2019,회색,경기,3730,2WD
72748,혼다,어코드,2.0 하이브리드 투어링,가솔린+전기,25147,2019,회색,경기,3260,2WD
72795,혼다,오딧세이,3.5,가솔린,33495,2018,회색,대구,3925,2WD
72821,혼다,오딧세이,3.5,가솔린,33495,2018,회색,대구,3925,2WD
72836,혼다,어코드,3.5,가솔린,118744,2011,회색,서울,630,2WD
72837,혼다,어코드,1.5 터보,가솔린,6636,2020,회색,서울,2950,2WD
73068,혼다,파일럿,3.5,가솔린,37415,2019,회색,경기,3650,2WD
73094,혼다,파일럿,3.5,가솔린,37415,2019,회색,경기,3650,2WD
73149,혼다,어코드,2.4,가솔린,175912,2014,회색,경기,790,2WD
73184,혼다,어코드,2.4,가솔린,37235,2016,회색,대구,1609,2WD
73247,혼다,어코드,2.0 하이브리드,가솔린+전기,39976,2017,회색,경기,2390,2WD
73261,혼다,시빅,1.8 EX,가솔린,126702,2012,회색,경기,600,2WD
73325,혼다,어코드,2.0 터보 스포츠,가솔린,30428,2018,회색,대구,2830,2WD
73328,혼다,레전드,3.5,가솔린,226238,2007,회색,인천,340,2WD
73364,혼다,오딧세이,3.5,가솔린,74074,2018,회색,서울,3599,2WD
73399,혼다,오딧세이,3.5,가솔린,47999,2018,회색,경기,3810,2WD
73404,혼다,오딧세이,3.5,가솔린,74074,2018,회색,서울,3599,2WD
73420,혼다,어코드,2.4,가솔린,83591,2014,회색,서울,1270,2WD
73449,혼다,어코드,2.0 터보 스포츠,가솔린,55600,2018,회색,서울,2650,2WD
73602,혼다,오딧세이,3.5,가솔린,16057,2019,회색,경기,4150,2WD
73642,혼다,시빅,1.8 EX,가솔린,126750,2012,회색,경기,600,2WD
73686,혼다,오딧세이,3.5,가솔린,61837,2019,회색,경기,3850,2WD
73749,혼다,어코드,1.5 터보,가솔린,7432,2019,회색,대구,2690,2WD
73843,혼다,어코드,2.0 하이브리드 투어링,가솔린+전기,28778,2019,회색,경기,3270,2WD
73875,혼다,어코드,2.0 하이브리드 투어링,가솔린+전기,28778,2019,회색,경기,3270,2WD
73977,혼다,오딧세이,3.5,가솔린,53683,2019,회색,경기,3850,2WD
73988,혼다,시빅,2.0,가솔린,127427,2009,회색,인천,370,2WD
73990,혼다,오딧세이,3.5,가솔린,53683,2019,회색,경기,3850,2WD
74020,혼다,CR-V,1.5 EX-L ,가솔린,43326,2017,회색,경기,2550,4WD
74032,혼다,파일럿,3.5,가솔린,17480,2019,회색,경기,3770,2WD
74054,혼다,어코드,2.4,가솔린,66844,2013,회색,경기,1290,2WD
74097,혼다,어코드,2.4,가솔린,66844,2013,회색,경기,1290,2WD
74206,혼다,어코드,1.5 터보,가솔린,59987,2018,회색,인천,2150,2WD
74232,혼다,어코드,1.5 터보,가솔린,59987,2018,회색,인천,2150,2WD
74372,혼다,파일럿,3.5,가솔린,125931,2013,회색,경기,1380,2WD
74481,혼다,어코드,2.0 터보 스포츠,가솔린,43146,2018,회색,대구,2790,2WD
74496,혼다,어코드,2.0 하이브리드 투어링,가솔린+전기,66218,2018,회색,경기,2950,2WD
74509,혼다,어코드,2.0 하이브리드 투어링,가솔린+전기,66218,2018,회색,경기,2950,2WD
74515,혼다,어코드,2.4,가솔린,102365,2016,회색,경기,1480,2WD
74536,혼다,어코드,2.4,가솔린,102365,2016,회색,경기,1480,2WD
74567,혼다,어코드,1.5 터보,가솔린,6938,2019,회색,인천,2450,2WD
74628,혼다,어코드,2.0 터보 스포츠,가솔린,89231,2018,회색,경기,2100,2WD
74665,혼다,CR-V,EX,가솔린,156476,2012,회색,경기,1050,4WD
74680,혼다,오딧세이,3.5,가솔린,16006,2019,회색,대구,4150,2WD
74690,혼다,오딧세이,3.5,가솔린,51427,2018,회색,경기,3740,2WD
74789,혼다,파일럿,3.5,가솔린,13553,2019,회색,대구,3900,2WD
74954,혼다,CR-V,2.4 ,가솔린,139469,2008,회색,경기,659,4WD
75059,혼다,어코드,2.4,가솔린,47000,2017,회색,경기,1450,2WD
75128,혼다,어코드,2.0 하이브리드 투어링,가솔린+전기,1618,2021,회색,서울,4180,2WD
75173,혼다,어코드,2.4,가솔린,138537,2013,회색,경기,890,2WD
75221,혼다,파일럿,3.5,가솔린,79611,2016,회색,부산,2400,2WD
75227,혼다,파일럿,3.5,가솔린,79611,2016,회색,부산,2400,2WD
75242,혼다,어코드,1.5 터보,가솔린,18634,2019,회색,부산,2733,2WD
75364,혼다,파일럿,3.5,가솔린,37871,2018,회색,경기,3249,2WD
75445,혼다,오딧세이,3.5,가솔린,28896,2019,회색,서울,4150,2WD
75690,혼다,어코드,2.0 하이브리드 투어링,가솔린+전기,48511,2019,회색,서울,3120,2WD
75693,혼다,어코드,2.0 하이브리드 투어링,가솔린+전기,48511,2019,회색,서울,3120,2WD
75774,혼다,어코드,2.4,가솔린,26083,2012,회색,경기,1090,2WD
76024,혼다,어코드,2.4,가솔린,201865,2011,회색,부산,490,2WD
76252,혼다,오딧세이,3.5,가솔린,26230,2019,회색,경기,4250,2WD
76314,혼다,파일럿,3.5,가솔린,13566,2019,회색,광주,3850,2WD
76482,혼다,어코드,1.5 터보,가솔린,18614,2019,회색,경기,2750,2WD
76483,혼다,어코드,1.5 터보,가솔린,18614,2019,회색,경기,2750,2WD
76653,혼다,오딧세이,3.5,가솔린,178300,2007,회색,대구,690,2WD
76664,혼다,델솔,VTEC,가솔린,185000,1995,회색,경기,650,2WD
76747,혼다,오딧세이,3.5,가솔린,117981,2009,기타,대구,999,2WD
76761,혼다,어코드,3.0,가솔린,188000,2005,기타,경기,400,2WD
76843,혼다,CR-V,2.4 ,가솔린,72300,2011,흰색,부산,1050,4WD
76894,혼다,어코드,3.5,가솔린,130352,2011,흰색,경기,520,2WD
77053,혼다,오딧세이,3.5,가솔린,83229,2013,흰색,서울,1750,2WD
77100,혼다,시빅,1.8,가솔린,75825,2008,흰색,대구,550,2WD
77134,혼다,어코드,2.0 하이브리드 투어링,가솔린+전기,23789,2018,흰색,경기,2550,2WD
77149,혼다,파일럿,3.5,가솔린,249000,2013,흰색,전북,1990,2WD
77215,혼다,시빅,1.8,가솔린,62100,2007,흰색,부산,470,2WD
77405,혼다,오딧세이,3.5,가솔린,35352,2018,기타,경기,4040,2WD
77411,혼다,오딧세이,3.5,가솔린,35352,2018,기타,경기,4040,2WD
77887,혼다,N-ONE,0.6 ,가솔린,54514,2013,기타,대구,1199,2WD
78047,혼다,CR-V,2.4 ,가솔린,127740,2009,기타,경기,770,4WD
78139,혼다,S6,0.6,가솔린,68400,2015,기타,경기,2990,2WD
78163,혼다,어코드,2.4,가솔린,81522,2016,회색,대구,1490,2WD
78221,혼다,어코드,2.4,가솔린,74552,2013,회색,충남,1080,2WD
78263,혼다,CR-V,2.4 ,가솔린,75600,2011,회색,서울,1080,4WD
78318,혼다,어코드,3.5,가솔린,78434,2009,회색,부산,460,2WD
78421,혼다,CR-V,2.4 ,가솔린,133764,2010,회색,서울,790,4WD
78433,혼다,시빅,하이브리드,가솔린+전기,129620,2007,회색,경기,350,2WD
78453,혼다,시빅,1.8,가솔린,111884,2009,회색,경기,330,2WD
78533,혼다,CR-V,2.4 ,가솔린,78912,2011,회색,경기,1150,4WD
78618,혼다,시빅,2.0,가솔린,130603,2007,회색,경기,500,2WD
78651,혼다,시빅,2.0,가솔린,90779,2007,회색,경기,440,2WD
78684,혼다,어코드,2.4,가솔린,98161,2010,회색,경기,550,2WD
78688,혼다,어코드,3.5,가솔린,106902,2010,회색,광주,550,2WD
78697,혼다,CR-V,1.5 EX-L ,가솔린,25310,2017,회색,경기,2690,4WD
78808,혼다,CR-V,투어링,가솔린,73000,2016,회색,서울,1850,4WD
78809,혼다,시빅,1.8,가솔린,96253,2009,회색,경기,470,2WD
78860,혼다,어코드,1.5 터보,가솔린,14238,2019,회색,서울,2580,2WD
78878,혼다,어코드,1.5 터보,가솔린,14238,2019,회색,서울,2580,2WD
78927,혼다,시빅,1.8,가솔린,47159,2010,회색,경기,699,2WD
78970,혼다,CR-V,EX,가솔린,131575,2012,회색,경기,1060,4WD
79109,혼다,시빅,2.0,가솔린,84676,2008,회색,부산,390,2WD
79124,혼다,오딧세이,3.5,가솔린,41170,2013,회색,서울,2280,2WD
79131,혼다,어코드,3.0,가솔린,128000,2006,회색,경기,259,2WD
79138,혼다,어코드,3.0,가솔린,190000,2006,회색,경기,230,2WD
79154,혼다,CR-V,LX,가솔린,77433,2012,회색,경기,1170,2WD
79155,혼다,오딧세이,3.5,가솔린,41170,2013,회색,서울,2280,2WD
79171,혼다,어코드,3.5,가솔린,117551,2008,회색,경기,390,2WD
79187,혼다,오딧세이,3.5,가솔린,69367,2018,회색,광주,3690,2WD
79218,혼다,어코드,2.4,가솔린,120003,2010,회색,대구,650,2WD
79222,혼다,CR-V,2.4 ,가솔린,156207,2007,회색,경기,730,4WD
79227,혼다,시빅,1.8 EX,가솔린,84823,2012,회색,경기,620,2WD
79273,혼다,어코드,2.4,가솔린,77035,2010,회색,서울,640,2WD
79288,혼다,시빅,2.0,가솔린,158124,2007,회색,경기,325,2WD
79314,혼다,어코드,3.5,가솔린,88714,2015,회색,인천,1350,2WD
79338,혼다,파일럿,3.5,가솔린,143378,2006,회색,경기,850,2WD
79394,혼다,어코드,2.4,가솔린,54812,2012,회색,경기,700,2WD
79478,혼다,어코드,2.4,가솔린,200000,2013,회색,경기,670,2WD
79510,혼다,시빅,하이브리드,가솔린+전기,148999,2010,회색,경기,430,2WD
79639,혼다,CR-V,EX-L,가솔린,72112,2013,회색,서울,1300,4WD
79647,혼다,CR-V,EX-L,가솔린,72112,2013,회색,서울,1300,4WD
79689,혼다,어코드,2.4,가솔린,108829,2013,회색,부산,1060,2WD
79698,혼다,오딧세이,3.5,가솔린,33780,2013,회색,경기,2450,2WD
79715,혼다,어코드,2.4,가솔린,95188,2009,회색,부산,370,2WD
79788,혼다,시빅,2.0,가솔린,145405,2008,회색,경기,330,2WD
79802,혼다,어코드,3.5,가솔린,127132,2010,회색,경기,400,2WD
79819,혼다,시빅,2.0,가솔린,184242,2007,회색,대전,250,2WD
79822,혼다,인사이트,플러스,가솔린+전기,113597,2011,회색,경북,619,2WD
79857,혼다,어코드,2.4,가솔린,135000,2012,회색,전북,699,2WD
79926,혼다,어코드,2.4,가솔린,120515,2012,회색,서울,750,2WD
80007,혼다,어코드,2.4,가솔린,160105,2014,회색,부산,820,2WD
80033,혼다,파일럿,3.5,가솔린,96669,2013,회색,대구,1700,2WD
80087,혼다,어코드,2.0 터보 스포츠,가솔린,80591,2018,회색,경기,2420,2WD
80115,혼다,어코드,2.4,가솔린,172529,2012,회색,경기,550,2WD
80159,혼다,어코드,2.4,가솔린,133650,2015,회색,경남,1290,2WD
80221,혼다,어코드,2.4,가솔린,107137,2010,회색,대구,570,2WD
80271,혼다,어코드,3.5,가솔린,126210,2010,회색,경남,540,2WD
80292,혼다,어코드,2.4,가솔린,107124,2010,회색,부산,610,2WD
80350,혼다,어코드,2.4,가솔린,199812,2013,회색,부산,680,2WD
80378,혼다,시빅,1.8,가솔린,107743,2008,회색,경기,380,2WD
80382,혼다,오딧세이,3.5,가솔린,100982,2013,회색,경기,1450,2WD
80388,혼다,CR-V,2.4 ,가솔린,124006,2010,회색,경기,849,4WD
80440,혼다,어코드,2.4,가솔린,155910,2010,회색,서울,470,2WD
80481,혼다,시빅,1.8,가솔린,103868,2009,회색,경기,399,2WD
80483,혼다,CR-V,EX-L,가솔린,122579,2013,회색,경기,1250,4WD
80491,혼다,CR-V,2.4 ,가솔린,145407,2009,회색,경기,799,4WD
80505,혼다,어코드,2.4,가솔린,107014,2012,회색,경기,650,2WD
80523,혼다,CR-V,2.4 ,가솔린,113876,2007,회색,인천,630,4WD
80560,혼다,시빅,1.8,가솔린,151328,2008,회색,부산,290,2WD
80613,혼다,어코드,3.5,가솔린,89000,2012,회색,경기,750,2WD
80647,혼다,어코드,2.4,가솔린,23592,2017,회색,경기,2222,2WD
80653,혼다,시빅,1.8,가솔린,120498,2008,회색,경기,299,2WD
80680,혼다,어코드,3.5,가솔린,64000,2008,회색,전북,499,2WD
80769,혼다,레전드,3.7,가솔린,157001,2009,회색,경기,450,2WD
80791,혼다,CR-V,2.4 ,가솔린,177914,2006,회색,경기,529,4WD
80844,혼다,어코드,2.4,가솔린,76582,2010,회색,대구,650,2WD
80872,혼다,어코드,3.5,가솔린,45600,2013,회색,경기,1300,2WD
80879,혼다,시빅,1.8 EX,가솔린,59337,2012,회색,경기,790,2WD
80911,혼다,CR-V,2.4 ,가솔린,144023,2005,회색,경기,620,4WD
80936,혼다,시빅,하이브리드,가솔린+전기,213306,2008,회색,경기,390,2WD
80948,혼다,어코드,2.4,가솔린,181724,2013,회색,인천,730,2WD
81138,혼다,CR-V,2.4 ,가솔린,148091,2011,회색,인천,700,2WD
81277,혼다,오딧세이,3.5,가솔린,222000,2003,회색,서울,630,2WD
81399,혼다,어코드,3.5,가솔린,135631,2011,회색,부산,650,2WD
81418,혼다,시빅,1.8,가솔린,170000,2008,회색,울산,350,2WD
81492,혼다,레전드,3.7,가솔린,212600,2009,회색,경기,350,2WD
81558,혼다,시빅,1.8,가솔린,100000,2007,회색,광주,330,2WD
81593,혼다,시빅,1.8,가솔린,210000,2006,회색,서울,300,2WD
81596,혼다,어코드,2.4,가솔린,99422,2015,회색,경기,1190,2WD
81598,혼다,어코드,2.4,가솔린,131831,2010,회색,충남,530,2WD
81611,혼다,HR-V,1.8,가솔린,57735,2016,회색,서울,1270,2WD
81687,혼다,레전드,3.5,가솔린,171800,2007,회색,경남,470,2WD
81744,혼다,파일럿,3.5 엘리트,가솔린,25516,2019,회색,경기,3985,2WD
81756,혼다,CR-V,EX-L,가솔린,141222,2012,회색,경기,1070,4WD
81766,혼다,어코드,3.5,가솔린,104299,2009,회색,경기,420,2WD
81823,혼다,CR-V,EX-L,가솔린,46035,2012,회색,경기,1420,4WD
81824,혼다,CR-V,EX-L,가솔린,46035,2012,회색,경기,1420,4WD
81847,혼다,시빅,하이브리드,가솔린+전기,98400,2008,회색,전남,640,2WD
81859,혼다,CR-V,2.4 ,가솔린,305123,2005,회색,경기,615,4WD
81862,혼다,시빅,2.0,가솔린,86671,2007,회색,광주,420,2WD
81978,혼다,CR-V,LX,가솔린,86700,2014,회색,광주,1150,2WD
82027,혼다,시빅,1.8,가솔린,156608,2007,회색,경기,250,2WD
82103,혼다,어코드,2.4,가솔린,100000,2016,회색,전남,1650,2WD
82159,혼다,레전드,3.7,가솔린,129945,2009,회색,경기,650,2WD
82196,혼다,CR-V,EX-L,가솔린,124425,2013,회색,경기,1199,4WD
82197,혼다,시빅,1.8 EX,가솔린,32000,2014,회색,경기,870,2WD
82213,혼다,어코드,1.5 터보,가솔린,61242,2018,회색,광주,2300,2WD
82216,혼다,파일럿,3.5,가솔린,25997,2017,회색,경기,2990,2WD
82277,혼다,HR-V,1.8,가솔린,110747,2016,회색,경기,1099,2WD
82356,혼다,어코드,2.0 하이브리드 투어링,가솔린+전기,45385,2019,회색,경기,3020,2WD
82375,혼다,오딧세이,3.5,가솔린,170179,2006,회색,경기,799,2WD
82382,혼다,시빅,Type R,가솔린,13658,2018,회색,경기,5530,2WD
82383,혼다,시빅,Type R,가솔린,13658,2018,회색,경기,5530,2WD
82446,혼다,레전드,3.5,가솔린,93856,2007,회색,서울,490,2WD
82494,혼다,오딧세이,3.5,가솔린,39369,2019,회색,경기,3999,2WD
82603,혼다,어코드,2.0 터보 스포츠,가솔린,13635,2018,회색,경기,2790,2WD
82605,혼다,어코드,2.0 터보 스포츠,가솔린,13635,2018,회색,경기,2790,2WD
82654,혼다,N-ONE,0.6 ,가솔린,84385,2014,기타,경기,830,2WD
82699,혼다,CR-V,2.4 ,가솔린,144990,2007,기타,대전,640,4WD
82828,혼다,어코드,2.4,가솔린,69611,2015,흰색,경기,1380,2WD
82857,혼다,어코드,2.4,가솔린,56970,2010,흰색,경기,840,2WD
83050,혼다,오딧세이,3.5,가솔린,29601,2019,흰색,경기,4329,2WD
83077,혼다,오딧세이,3.5,가솔린,92411,2016,흰색,경기,2450,2WD
83395,혼다,어코드,2.4,가솔린,49500,2015,흰색,대구,1390,2WD
83405,혼다,오딧세이,3.5,가솔린,143491,2013,흰색,경기,1470,2WD
83408,혼다,어코드,2.0 하이브리드 투어링,가솔린+전기,57290,2018,흰색,경기,2970,2WD
83502,혼다,어코드,2.0 하이브리드 투어링,가솔린+전기,57290,2018,흰색,경기,2970,2WD
83563,혼다,어코드,2.4,가솔린,58418,2012,흰색,서울,680,2WD
84181,혼다,어코드,2.4,가솔린,54000,2017,흰색,대구,1850,2WD
84358,혼다,파일럿,3.5,가솔린,24699,2018,흰색,경기,3320,2WD
84404,혼다,어코드,2.0 터보 스포츠,가솔린,20668,2018,흰색,서울,2860,2WD
84449,혼다,파일럿,3.5,가솔린,24699,2018,흰색,경기,3320,2WD
84514,혼다,어코드,2.0 터보 스포츠,가솔린,20668,2018,흰색,서울,2860,2WD
84608,혼다,오딧세이,3.5,가솔린,34294,2018,흰색,서울,3950,2WD
84713,혼다,오딧세이,3.5,가솔린,81619,2014,흰색,경기,2350,2WD
84739,혼다,시빅,1.8 EX,가솔린,68562,2014,흰색,경기,750,2WD
84834,혼다,오딧세이,3.5,가솔린,81619,2014,흰색,경기,2350,2WD
85040,혼다,파일럿,3.5,가솔린,36988,2018,흰색,경기,3230,2WD
85162,혼다,파일럿,3.5,가솔린,36988,2018,흰색,경기,3230,2WD
85222,혼다,크로스투어,3.5,가솔린,93880,2013,흰색,서울,950,2WD
85258,혼다,어코드,2.0 하이브리드,가솔린+전기,130000,2017,흰색,경기,1590,2WD
85286,혼다,파일럿,3.5,가솔린,28566,2016,흰색,경기,2890,2WD
85374,혼다,어코드,2.4,가솔린,50386,2017,흰색,서울,1810,2WD
85454,혼다,파일럿,3.5,가솔린,44521,2013,흰색,경기,1980,2WD
85723,혼다,어코드,2.4,가솔린,104937,2010,흰색,경기,620,2WD
85936,혼다,CR-V,LX,가솔린,93579,2012,흰색,서울,1050,2WD
86498,혼다,오딧세이,3.5,가솔린,21609,2019,흰색,경기,4350,2WD
86500,혼다,시빅,2.0,가솔린,5714,2017,흰색,경기,2180,2WD
86574,혼다,파일럿,3.5 엘리트,가솔린,53111,2019,흰색,경기,3980,2WD
86587,혼다,오딧세이,3.5,가솔린,21609,2019,흰색,경기,4350,2WD
86616,혼다,CR-V,EX-L,가솔린,132766,2012,흰색,경기,1180,4WD
86656,혼다,파일럿,3.5 엘리트,가솔린,53111,2019,흰색,경기,3980,2WD
86693,혼다,S6,0.6,가솔린,99528,2015,흰색,경남,1950,2WD
86818,혼다,오딧세이,3.5,가솔린,13800,2020,흰색,경남,4500,2WD
86861,혼다,어코드,1.5 터보,가솔린,24275,2018,흰색,경기,2380,2WD
87017,혼다,파일럿,3.5,가솔린,24000,2019,흰색,대구,3930,2WD
87030,혼다,오딧세이,3.5,가솔린,91361,2016,흰색,대전,1999,2WD
87116,혼다,어코드,2.0 하이브리드 투어링,가솔린+전기,61211,2018,흰색,대구,2890,2WD
87407,혼다,파일럿,3.5,가솔린,75012,2017,흰색,경기,2730,2WD
87451,혼다,파일럿,3.5,가솔린,75012,2017,흰색,경기,2730,2WD
87699,혼다,시빅,2.0,가솔린,203000,2007,흰색,경기,230,2WD
88070,혼다,HR-V,1.8,가솔린,16523,2018,흰색,경기,1950,2WD
88111,혼다,시빅,2.0,가솔린,3217,2017,흰색,경기,2100,2WD
88143,혼다,시빅,2.0,가솔린,3217,2017,흰색,경기,2100,2WD
88318,혼다,CR-V,EX-L,가솔린,94076,2012,흰색,경기,1290,4WD
88335,혼다,파일럿,3.5,가솔린,52000,2017,흰색,서울,2790,2WD
88426,혼다,오딧세이,3.5,가솔린,80355,2018,흰색,경기,3900,2WD
88456,혼다,오딧세이,3.5,가솔린,16133,2019,흰색,경기,4430,2WD
88480,혼다,CR-V,2.0 하이브리드 EX-L ,가솔린+전기,8000,2021,흰색,전북,3990,4WD
88618,혼다,CR-V,EX-L,가솔린,93728,2013,흰색,서울,1299,4WD
88658,혼다,CR-V,EX-L,가솔린,70017,2016,흰색,경기,1950,4WD
88803,혼다,어코드,2.4,가솔린,75935,2014,흰색,대구,1388,2WD
88807,혼다,시빅,1.8,가솔린,23312,2011,흰색,서울,9999,2WD
88949,혼다,오딧세이,3.5,가솔린,152008,2013,흰색,경기,1499,2WD
89318,혼다,어코드,3.5,가솔린,78101,2013,흰색,경기,1370,2WD
89386,혼다,프렐류드,VTEC,가솔린,129664,2001,흰색,경기,820,2WD
89387,혼다,CR-V,EX-L,가솔린,18055,2014,흰색,서울,1850,4WD
89485,혼다,어코드,2.4,가솔린,81810,2013,흰색,인천,1130,2WD
89583,혼다,오딧세이,3.5,가솔린,55934,2019,흰색,경기,3970,2WD
89626,혼다,오딧세이,3.5,가솔린,55934,2019,흰색,경기,3970,2WD
89631,혼다,어코드,2.4,가솔린,66110,2011,흰색,부산,820,2WD
89704,혼다,파일럿,3.5,가솔린,45972,2019,흰색,경기,3650,2WD
89729,혼다,파일럿,3.5,가솔린,45972,2019,흰색,경기,3650,2WD
89971,혼다,N-ONE,0.6 ,가솔린,148110,2014,흰색,경기,770,2WD
90113,혼다,시빅,1.8 EX,가솔린,58609,2015,흰색,충북,1350,2WD
90115,혼다,어코드,2.4,가솔린,133434,2007,흰색,경남,220,2WD
90172,혼다,어코드,2.4,가솔린,70113,2013,흰색,경기,990,2WD
90199,혼다,어코드,2.4,가솔린,70113,2013,흰색,경기,990,2WD
90275,혼다,시빅,1.8,가솔린,102605,2010,흰색,대구,499,2WD
90331,혼다,오딧세이,3.5,가솔린,25800,2019,흰색,서울,4230,2WD
90590,혼다,어코드,2.4,가솔린,75212,2015,흰색,부산,1390,2WD
90639,혼다,S6,0.6,가솔린,50829,2015,흰색,서울,3500,2WD
90802,혼다,CR-V,2.0 하이브리드 투어링 ,가솔린+전기,4000,2021,흰색,경기,4390,4WD
91038,혼다,어코드,2.4,가솔린,71549,2014,흰색,대구,1399,2WD
91085,혼다,오딧세이,3.5,가솔린,48411,2019,흰색,경기,3990,2WD
91095,혼다,Fit,1.3,가솔린,186886,2003,흰색,경기,240,2WD
91130,혼다,리지라인,3.5,가솔린,171904,2007,흰색,경기,1630,2WD
91255,혼다,오딧세이,3.5,가솔린,56724,2019,흰색,대전,3970,2WD
91328,혼다,시빅,1.8,가솔린,76197,2010,흰색,경기,549,2WD
91350,혼다,어코드,2.4,가솔린,140363,2008,흰색,광주,490,2WD
91387,혼다,어코드,2.4,가솔린,81810,2013,흰색,인천,1125,2WD
91584,혼다,오딧세이,3.5,가솔린,18906,2019,흰색,경기,4130,2WD
91589,혼다,오딧세이,3.5,가솔린,18906,2019,흰색,경기,4130,2WD
91776,혼다,어코드,2.4,가솔린,23963,2017,흰색,경기,2450,2WD
91864,혼다,CR-V,LX,가솔린,84411,2012,흰색,경기,1200,2WD
91958,혼다,S6,0.6,가솔린,15299,2015,흰색,경기,2500,2WD
92077,혼다,HR-V,1.8,가솔린,48108,2017,흰색,경남,1640,2WD
92231,혼다,S6,0.6,가솔린,68600,2016,흰색,대구,2390,2WD
92354,혼다,파일럿,3.5 엘리트,가솔린,36600,2016,흰색,경기,2650,2WD
92767,혼다,파일럿,3.5,가솔린,99087,2016,흰색,경기,2150,2WD
92924,혼다,오딧세이,3.5,가솔린,24809,2019,흰색,경기,4180,2WD
92961,혼다,인사이트,일반형,가솔린+전기,120242,2011,흰색,경기,779,2WD
93127,혼다,어코드,2.4,가솔린,78710,2014,흰색,부산,1370,2WD
93410,혼다,어코드,2.0 하이브리드 투어링,가솔린+전기,24527,2019,흰색,경기,3550,2WD
93692,혼다,인사이트,일반형,가솔린+전기,150000,2011,흰색,광주,650,2WD
93694,혼다,S6,0.6,가솔린,38137,2016,흰색,경기,2350,2WD
93851,혼다,시빅,1.8 EX,가솔린,43227,2015,흰색,서울,1300,2WD
93997,혼다,오딧세이,3.5,가솔린,93293,2019,흰색,인천,3380,2WD
94087,혼다,S6,0.6,가솔린,57661,2015,흰색,경기,2250,2WD
94155,혼다,시빅,Type R,가솔린,86722,2015,흰색,인천,3480,2WD
94343,혼다,시빅,1.8 EX,가솔린,143303,2014,흰색,인천,770,2WD
94377,혼다,S6,0.6,가솔린,37235,2016,흰색,경기,2490,2WD
94436,혼다,CR-V,2.4 ,가솔린,138000,2008,흰색,강원,750,4WD
